file_name	object_id	size_nm	axis_major_nm	axis_minor_nm	x_px	y_px	intensity	eccentricity	area_px	domain	confidence	dapi_fitc_ratio
GSL_+_blue_beads_10_(fitc)	1	162.8	184.31	144.29	809.2586206896551	26.82758620689655	0.023569022601954506	0.622225033034706	58	bacteria	0.5	1.947546262085204
GSL_+_blue_beads_10_(fitc)	2	154.15	176.08	135.39	297.1923076923077	28.28846153846154	0.02414768303742532	0.6393678189853705	52	bacteria	0.5	1.9008764442657824
GSL_+_blue_beads_10_(fitc)	3	199.39	225.52	176.99	2419.8390804597702	30.275862068965516	0.027927629715308898	0.6197098843910294	87	bacteria	0.5	1.6435967655456465
GSL_+_blue_beads_10_(fitc)	4	151.16	171.97	133.07	1657.2	68.92	0.023664229598019493	0.6334177761279697	50	bacteria	0.5	1.9397108061054225
GSL_+_blue_beads_10_(fitc)	5	262.68	302.7	227.83	2253.4701986754967	134.64238410596028	0.04322349394603328	0.6584102681094146	151	bacteria	0.5	1.0619632444972833
GSL_+_blue_beads_10_(fitc)	6	143.4	171.75	120.46	671.6444444444444	172.37777777777777	0.022855723325573542	0.7127944168685247	45	bacteria	0.5	2.0083268079325305
GSL_+_blue_beads_10_(fitc)	7	140.18	160.99	123.57	2022.2790697674418	175.65116279069767	0.023133970413446045	0.6410219947037179	43	bacteria	0.5	1.9841713743508087
GSL_+_blue_beads_10_(fitc)	8	202.8	231.82	178.05	2121.4222222222224	215.82222222222222	0.028381771135225276	0.6404021510837843	90	bacteria	0.5	1.617297301522823
GSL_+_blue_beads_10_(fitc)	9	162.8	188.95	140.76	436.12068965517244	233.91379310344828	0.025231447806200135	0.6671295114679562	58	bacteria	0.5	1.81922821956173
GSL_+_blue_beads_10_(fitc)	10	100.27	124.42	81.53	1402.409090909091	319.45454545454544	0.021651117070789556	0.7553565537603452	22	bacteria	0.5	2.1200643698595214
GSL_+_blue_beads_10_(fitc)	11	168.32	190.28	148.96	334.9193548387097	331.66129032258067	0.025136782858862578	0.6222440838333908	62	bacteria	0.5	1.8260794202331432
GSL_+_blue_beads_10_(fitc)	12	191.2	214.27	170.82	1663.8125	386.275	0.027190706404353372	0.6036601390257894	80	bacteria	0.5	1.6881415725958882
GSL_+_blue_beads_10_(fitc)	13	183.89	213.19	159.95	976.418918918919	439.6216216216216	0.02636246905617447	0.6611284991628691	74	bacteria	0.5	1.7411784067580474
GSL_+_blue_beads_10_(fitc)	14	182.64	215.22	154.31	524.8082191780821	473.52054794520546	0.026995717616478492	0.6970717054804499	73	bacteria	0.5	1.7003349391023128
GSL_+_blue_beads_10_(fitc)	15	109.0	119.83	102.9	1629.0384615384614	491.0	0.02132614668837886	0.5125158931006475	26	bacteria	0.5	2.1523701651387017
GSL_+_blue_beads_10_(fitc)	16	182.64	218.4	152.18	1656.2739726027398	495.47945205479454	0.026291601492778358	0.7172741122440868	73	bacteria	0.5	1.7458716572303992
GSL_+_blue_beads_10_(fitc)	17	198.24	229.54	171.33	1729.2441860465117	495.8837209302326	0.027867664113567815	0.6655025689843607	86	bacteria	0.5	1.6471334548305463
GSL_+_blue_beads_10_(fitc)	18	168.32	196.85	144.7	347.1290322580645	509.5	0.0253246192498784	0.6779721611165217	62	bacteria	0.5	1.8125351230960203
GSL_+_blue_beads_10_(fitc)	19	173.66	201.14	151.64	339.7878787878788	649.8939393939394	0.02508557261139382	0.6569731825631526	66	bacteria	0.5	1.829807219492757
GSL_+_blue_beads_10_(fitc)	20	187.58	226.14	156.57	911.7662337662338	661.2077922077922	0.027003023187157308	0.7215319279486905	77	bacteria	0.5	1.6998749196078593
GSL_+_blue_beads_10_(fitc)	21	198.24	233.75	169.43	854.5232558139535	742.2209302325581	0.028270014001564793	0.6889272047877346	86	bacteria	0.5	1.6236908077547272
GSL_+_blue_beads_10_(fitc)	22	200.53	237.11	169.83	343.2386363636364	807.9318181818181	0.02752707145237725	0.6978502220050146	88	bacteria	0.5	1.6675134494001573
GSL_+_blue_beads_10_(fitc)	23	157.09	171.32	146.41	15.25925925925926	826.574074074074	0.02470500851253017	0.5193171938324431	54	virus	0.5	1.8579941733740832
GSL_+_blue_beads_10_(fitc)	24	109.0	152.56	106.25	333.4230769230769	837.3846153846154	0.020623798895852474	0.7175967290226586	26	bacteria	0.5	2.2256695820802057
GSL_+_blue_beads_10_(fitc)	25	171.01	199.88	147.56	1703.390625	976.640625	0.0252874282563781	0.6745231930574751	64	bacteria	0.5	1.8152008738911856
GSL_+_blue_beads_10_(fitc)	26	198.24	225.06	175.25	821.1511627906976	1089.6511627906978	0.027114156932019014	0.6274452294455063	86	bacteria	0.5	1.692907582726017
GSL_+_blue_beads_10_(fitc)	27	187.58	214.13	165.34	74.31168831168831	1192.9610389610389	0.025978331666843935	0.6354744725350373	77	bacteria	0.5	1.766924930288055
GSL_+_blue_beads_10_(fitc)	28	152.66	176.04	133.39	330.03921568627453	1192.3333333333333	0.023847488895301	0.6525526382165555	51	bacteria	0.5	1.9248048325324032
GSL_+_blue_beads_10_(fitc)	29	186.36	208.13	167.33	746.2894736842105	1201.75	0.026731305480919485	0.5947050472855311	76	bacteria	0.5	1.7171537657299365
GSL_+_blue_beads_10_(fitc)	30	171.01	194.68	150.9	2407.015625	1203.390625	0.025372980868891278	0.6317936720747339	64	bacteria	0.5	1.8090803798979869
GSL_+_blue_beads_10_(fitc)	31	171.01	194.38	150.39	1079.53125	1219.609375	0.02506790016919717	0.6335248799701454	64	bacteria	0.5	1.8310972023831962
GSL_+_blue_beads_10_(fitc)	32	306.07	348.34	269.48	1641.1951219512196	1335.2878048780487	0.05194397234057037	0.6336480594949495	205	bacteria	0.5	0.8836783134043645
GSL_+_blue_beads_10_(fitc)	33	176.28	204.54	153.7	969.2205882352941	1407.0882352941176	0.02573206971016326	0.6598315298641352	68	bacteria	0.5	1.7838348172711738
GSL_+_blue_beads_10_(fitc)	34	174.98	198.17	156.35	1110.641791044776	1418.7014925373135	0.025150064687312835	0.6144103096264909	67	bacteria	0.5	1.8251150619343626
GSL_+_blue_beads_10_(fitc)	35	202.8	236.88	173.82	1918.7666666666667	1431.3	0.030663560540501008	0.679355903428188	90	bacteria	0.5	1.496948203676813
GSL_+_blue_beads_10_(fitc)	36	148.1	161.3	135.28	2127.4791666666665	1445.1041666666667	0.024375381240304184	0.5445673689181114	48	virus	0.5	1.8831197517247682
GSL_+_blue_beads_10_(fitc)	37	219.05	255.18	188.58	608.2380952380952	1452.0380952380951	0.030683595877180884	0.6737120259022987	105	bacteria	0.5	1.4959707477954016
GSL_+_blue_beads_10_(fitc)	38	228.24	272.41	192.4	498.0964912280702	1458.5526315789473	0.02562031210406954	0.7079075333524429	114	bacteria	0.5	1.7916160303975037
GSL_+_blue_beads_10_(fitc)	39	173.66	210.87	144.11	1602.7424242424242	1487.8333333333333	0.024714846572368873	0.7300502877249616	66	bacteria	0.5	1.8572545751004672
GSL_+_blue_beads_10_(fitc)	40	183.89	216.76	156.27	1612.7837837837837	1496.3918918918919	0.025997401082208972	0.6929641534781792	74	bacteria	0.5	1.76562886898916
GSL_+_blue_beads_10_(fitc)	41	199.39	228.06	175.97	86.77011494252874	1497.4827586206898	0.027494457314932767	0.6361363052666843	87	bacteria	0.5	1.6694914667222058
GSL_+_blue_beads_10_(fitc)	42	131.77	150.31	116.57	2105.342105263158	1522.2368421052631	0.022572419524662796	0.6312911247581214	38	bacteria	0.5	2.0335330831187846
GSL_+_blue_beads_10_(fitc)	43	182.64	205.87	161.84	1814.5342465753424	1525.2465753424658	0.026595141131912064	0.6180581005066461	73	bacteria	0.5	1.7259454139297539
GSL_+_blue_beads_10_(fitc)	44	180.12	205.13	159.02	150.50704225352112	1535.5915492957747	0.026517747451635442	0.6317168568223099	71	bacteria	0.5	1.730982691993594
GSL_+_blue_beads_10_(fitc)	45	832.59	852.86	813.61	679.4713249835202	1583.255767963085	0.04308084716679008	0.2998663815396957	1517	virus	0.5	1.0654795550265472
GSL_+_blue_beads_10_(fitc)	46	144.98	182.08	123.05	2048.108695652174	1566.6521739130435	0.021909522675061698	0.7370732165416128	46	bacteria	0.5	2.0950598764840014
GSL_+_blue_beads_10_(fitc)	47	190.0	230.22	157.48	1181.26582278481	1574.253164556962	0.02412355037609049	0.729424736067044	79	bacteria	0.5	1.9027780386311908
GSL_+_blue_beads_10_(fitc)	48	194.75	220.33	173.44	2354.0481927710844	1589.4698795180723	0.027778015646643294	0.6167187066869328	83	bacteria	0.5	1.6524492769153212
GSL_+_blue_beads_10_(fitc)	49	157.09	177.82	139.54	549.1851851851852	1719.648148148148	0.02445652600050169	0.6198160089505513	54	bacteria	0.5	1.8768717138524325
GSL_+_blue_beads_10_(fitc)	50	194.75	227.33	167.12	550.0722891566265	1764.289156626506	0.028637310038890005	0.6779120762936005	83	bacteria	0.5	1.6028656953848923
GSL_+_blue_beads_10_(fitc)	51	180.12	202.7	159.66	587.5492957746479	1871.5492957746478	0.025589880890282187	0.6161072065846065	71	bacteria	0.5	1.7937466010976817
GSL_+_blue_beads_10_(fitc)	52	158.53	183.61	137.99	1836.8909090909092	1908.7636363636364	0.023601429002453364	0.6596561870170028	55	bacteria	0.5	1.944872145863147
GSL_+_blue_beads_10_(fitc)	53	174.98	198.07	155.09	1978.4328358208954	1938.0298507462687	0.02528053626079415	0.6219813655273629	67	bacteria	0.5	1.815695735087079
GSL_+_blue_beads_10_(fitc)	54	218.0	251.54	189.37	1248.75	1939.7788461538462	0.03217633378951896	0.6581678396391821	104	bacteria	0.5	1.426569048223577
GSL_+_blue_beads_10_(fitc)	55	37.03	43.75	25.26	524.3333333333334	1967.3333333333333	0.019955444064335238	0.8164965808207917	3	bacteria	0.5	2.300212499479013
GSL_+_blue_beads_10_(fitc)	56	229.24	253.53	208.55	2163.3217391304347	1978.1565217391305	0.031682792345506056	0.5686298884589324	115	bacteria	0.5	1.44879155122667
GSL_+_blue_beads_10_(fitc)	57	152.66	171.55	136.42	1404.9607843137255	1978.1568627450981	0.023231405451413403	0.6063624992943147	51	bacteria	0.5	1.9758495440767883
GSL_+_blue_beads_11_(fitc)	1	111.08	161.07	80.58	769.074074074074	17.22222222222222	0.040127159729457025	0.8658802590162009	27	virus	0.5	1.1570235984692128
GSL_+_blue_beads_11_(fitc)	2	247.45	274.2	224.05	1528.1940298507463	72.00746268656717	0.06133732157810271	0.5764848069903252	134	bacteria	0.5	0.7569301944071188
GSL_+_blue_beads_11_(fitc)	3	37.03	43.75	25.26	2241.6666666666665	123.33333333333333	0.0322668332811465	0.8164965805144695	3	virus	0.5	1.4388790601788979
GSL_+_blue_beads_11_(fitc)	4	42.75	61.31	23.42	1153.5	266.0	0.03217161646271579	0.9241763718304448	4	virus	0.5	1.443137642783088
GSL_+_blue_beads_11_(fitc)	5	82.79	94.91	74.08	715.9333333333333	312.26666666666665	0.03400533367451697	0.6251156929621003	15	virus	0.5	1.365317311422757
GSL_+_blue_beads_11_(fitc)	6	52.36	69.18	39.94	583.3333333333334	318.6666666666667	0.032511601802019174	0.8164965809170326	6	virus	0.5	1.4280462411311208
GSL_+_blue_beads_11_(fitc)	7	140.18	166.25	117.91	1044.5813953488373	364.5581395348837	0.03949907291119912	0.7049948665203034	43	bacteria	0.5	1.1754217839720882
GSL_+_blue_beads_11_(fitc)	8	177.57	186.8	168.56	1560.8695652173913	366.95652173913044	0.04383845208385188	0.4310423211437831	69	virus	0.5	1.059071854492492
GSL_+_blue_beads_11_(fitc)	9	104.72	120.21	90.93	583.5	482.2916666666667	0.03536647330062947	0.6540887482737346	24	virus	0.5	1.3127707236135107
GSL_+_blue_beads_11_(fitc)	10	166.96	194.45	143.41	818.344262295082	526.1639344262295	0.044228959771588854	0.6753343167347023	61	bacteria	0.5	1.0497210648021849
GSL_+_blue_beads_11_(fitc)	11	111.08	125.7	96.74	1903.6296296296296	602.0	0.03550505406225036	0.6385739347008658	27	virus	0.5	1.3076468117785083
GSL_+_blue_beads_11_(fitc)	12	157.09	173.1	142.79	1062.6666666666667	625.5	0.04121005726748882	0.565274843771412	54	virus	0.5	1.1266199036115632
GSL_+_blue_beads_11_(fitc)	13	52.36	72.55	35.72	2071.1666666666665	639.0	0.0320724898840296	0.8703882794670814	6	virus	0.5	1.44759795433419
GSL_+_blue_beads_11_(fitc)	14	138.54	156.53	123.29	1034.952380952381	677.1904761904761	0.03927043558501585	0.6161811293939504	42	virus	0.5	1.1822652347721982
GSL_+_blue_beads_11_(fitc)	15	60.46	71.08	52.47	697.5	676.875	0.033404140438930696	0.6746451779882773	8	virus	0.5	1.3898897003922268
GSL_+_blue_beads_11_(fitc)	16	67.6	77.65	58.7	1925.8	686.1	0.033319135099592924	0.6546536709402415	10	virus	0.5	1.3934356521485003
GSL_+_blue_beads_11_(fitc)	17	128.26	153.57	106.77	634.6111111111111	815.75	0.037732255726794534	0.7187676861774546	36	bacteria	0.5	1.2304610432700853
GSL_+_blue_beads_11_(fitc)	18	52.36	75.21	46.46	765.6666666666666	816.1666666666666	0.03265329646004259	0.7863774392680037	6	virus	0.5	1.4218494234828227
GSL_+_blue_beads_11_(fitc)	19	126.47	137.33	117.13	1176.3428571428572	884.7428571428571	0.036802037774355874	0.5219745263492039	35	virus	0.5	1.261562499098268
GSL_+_blue_beads_11_(fitc)	20	115.12	140.8	95.61	1651.1724137931035	901.1724137931035	0.03475564531400766	0.7341156473992441	29	virus	0.5	1.335842575416467
GSL_+_blue_beads_11_(fitc)	21	115.12	125.42	106.08	1342.5172413793102	1010.4137931034483	0.036125295664520427	0.533462820970214	29	virus	0.5	1.2851955919664193
GSL_+_blue_beads_11_(fitc)	22	79.98	92.36	71.57	770.2142857142857	1022.0714285714286	0.0341041496170577	0.6321546455939864	14	virus	0.5	1.3613613377799505
GSL_+_blue_beads_11_(fitc)	23	85.51	101.05	76.77	1943.4375	1062.9375	0.033811573762501004	0.6502779884164773	16	virus	0.5	1.373141370840794
GSL_+_blue_beads_11_(fitc)	24	90.69	99.62	80.87	2365.777777777778	1063.5	0.03464079947669346	0.5840132091401616	18	virus	0.5	1.3402713403818043
GSL_+_blue_beads_11_(fitc)	25	74.05	84.57	64.6	1902.3333333333333	1105.5	0.03326668632129375	0.645460725532686	12	virus	0.5	1.3956325646058412
GSL_+_blue_beads_11_(fitc)	26	115.12	127.88	104.16	1335.655172413793	1123.3793103448277	0.03598663415290095	0.5801478243634489	29	virus	0.5	1.2901476295132368
GSL_+_blue_beads_11_(fitc)	27	79.98	106.21	57.28	2297.5	1206.0	0.03389180540252267	0.8420753583641926	14	virus	0.5	1.3698907507320182
GSL_+_blue_beads_11_(fitc)	28	106.88	116.2	97.67	342.64	1231.76	0.03522524131454952	0.5417573775076614	25	virus	0.5	1.3180341429584042
GSL_+_blue_beads_11_(fitc)	29	52.36	61.87	37.89	2428.0	1297.5	0.032287634833465625	0.7905694151525361	6	virus	0.5	1.437952051489485
GSL_+_blue_beads_11_(fitc)	30	104.72	133.63	81.41	568.75	1302.4166666666667	0.035754246876308404	0.7930044644433237	24	virus	0.5	1.298533036009481
GSL_+_blue_beads_11_(fitc)	31	97.96	105.47	93.25	398.3333333333333	1360.2380952380952	0.03546443745200284	0.46727659949638245	21	virus	0.5	1.3091444298069148
GSL_+_blue_beads_11_(fitc)	32	115.12	134.4	100.88	223.6206896551724	1380.7241379310344	0.035897259867136745	0.6607788436257015	29	virus	0.5	1.293359741617194
GSL_+_blue_beads_11_(fitc)	33	47.8	63.19	38.98	405.2	1406.0	0.03223749174023025	0.7870912625639332	5	virus	0.5	1.4401886821916141
GSL_+_blue_beads_11_(fitc)	34	119.02	133.88	106.17	552.3225806451613	1442.8064516129032	0.035512812104368005	0.6092116230562682	31	virus	0.5	1.3073611464526824
GSL_+_blue_beads_11_(fitc)	35	97.96	100.72	94.57	2223.1428571428573	1445.8095238095239	0.034601214091157406	0.34400025457532096	21	virus	0.5	1.3418046726398045
GSL_+_blue_beads_11_(fitc)	36	88.14	102.6	75.42	2357.0588235294117	1474.235294117647	0.03389530005708802	0.6779837561691402	17	virus	0.5	1.369749513010033
GSL_+_blue_beads_11_(fitc)	37	70.9	97.73	56.28	263.45454545454544	1484.1818181818182	0.03240183471159696	0.817583557080028	11	virus	0.5	1.4328840067166986
GSL_+_blue_beads_11_(fitc)	38	126.47	140.56	112.41	2174.9142857142856	1529.5428571428572	0.03880044039646761	0.6003571355895326	35	virus	0.5	1.1965861797473842
GSL_+_blue_beads_11_(fitc)	39	82.79	97.81	69.85	1486.8	1568.3333333333333	0.034187809843224004	0.7000068329947324	15	virus	0.5	1.3580299808449783
GSL_+_blue_beads_11_(fitc)	40	85.51	99.91	76.08	1482.75	1602.9375	0.034186021044393305	0.6481595372807774	16	virus	0.5	1.3581010403707017
GSL_+_blue_beads_11_(fitc)	41	90.69	106.31	80.25	1748.5	1604.7777777777778	0.033906252211688546	0.6558357874119325	18	virus	0.5	1.3693070663386395
GSL_+_blue_beads_11_(fitc)	42	64.13	79.98	60.58	508.77777777777777	1616.4444444444443	0.03258678542264002	0.6529455904214275	9	virus	0.5	1.4247514796064804
GSL_+_blue_beads_11_(fitc)	43	88.14	98.17	76.56	991.1176470588235	1772.5882352941176	0.03418429539499256	0.6259432311043345	17	virus	0.5	1.3581695983508908
GSL_+_blue_beads_11_(fitc)	44	144.98	161.74	128.92	1585.4782608695652	1785.8695652173913	0.04219324326672692	0.603927925885979	46	bacteria	0.5	1.1003674321271688
GSL_+_blue_beads_11_(fitc)	45	329.78	432.39	253.79	169.55042016806723	1810.5	0.04601310864740242	0.8096219926704686	238	virus	0.5	1.0090183452351085
GSL_+_blue_beads_11_(fitc)	46	136.88	157.03	118.42	824.439024390244	1827.560975609756	0.03852318034498459	0.656740715135589	41	bacteria	0.5	1.2051982814178481
GSL_+_blue_beads_11_(fitc)	47	85.51	84.72	84.72	1273.5	1830.5	0.03366466332896508	0.0	16	virus	0.5	1.379133671792242
GSL_+_blue_beads_11_(fitc)	48	298.51	314.26	284.05	409.92820512820515	1852.0820512820512	0.05154038634338241	0.42777468638821486	195	virus	0.5	0.9008095212403552
GSL_+_blue_beads_11_(fitc)	49	88.14	97.3	81.16	1324.764705882353	1866.1764705882354	0.033694194016330906	0.5515413591100677	17	virus	0.5	1.3779249541930723
GSL_+_blue_beads_11_(fitc)	50	151.16	168.76	134.79	1053.66	1948.98	0.04078286680993484	0.6017081036831308	50	bacteria	0.5	1.1384209688568343
GSL_+_blue_beads_11_(fitc)	51	104.72	117.67	93.82	1088.3333333333333	1955.1666666666667	0.034762013437458196	0.603547769554712	24	virus	0.5	1.3355978597170717
GSL_+_blue_beads_12_(fitc)	1	64.13	73.6	61.64	1157.4444444444443	331.44444444444446	0.03236801224593937	0.5463226053317679	9	virus	0.5	1.331337413085045
GSL_+_blue_beads_12_(fitc)	2	95.6	106.85	85.38	1798.95	439.7	0.03491063826681279	0.6011961950427106	20	virus	0.5	1.2343728969051642
GSL_+_blue_beads_12_(fitc)	3	97.96	113.15	86.36	1735.2857142857142	659.9047619047619	0.03474485130776786	0.6461989819700957	21	virus	0.5	1.24026277472023
GSL_+_blue_beads_12_(fitc)	4	47.8	47.93	47.93	1678.0	742.0	0.03200271359082287	0.0	5	virus	0.5	1.3465341171122218
GSL_+_blue_beads_12_(fitc)	5	95.6	110.48	83.85	823.5	916.0	0.03454922644928444	0.6511866347420044	20	virus	0.5	1.2472853988054047
GSL_+_blue_beads_12_(fitc)	6	102.52	114.5	92.73	1644.0	1088.9565217391305	0.034692363803109603	0.5865867683496316	23	virus	0.5	1.2421392193042613
GSL_+_blue_beads_12_(fitc)	7	42.75	84.72	26.79	897.25	1191.75	0.03233108151093844	0.9486832980505138	4	virus	0.5	1.3328581561874009
GSL_+_blue_beads_12_(fitc)	8	64.13	80.23	56.6	1569.2222222222222	1201.2222222222222	0.03310491316781726	0.7087034045552131	9	virus	0.5	1.3017024231951868
GSL_+_blue_beads_12_(fitc)	9	60.46	79.44	50.71	1791.875	1406.25	0.03233951737111822	0.7697556599392948	8	virus	0.5	1.3325104761365194
GSL_+_blue_beads_12_(fitc)	10	208.35	250.06	176.04	700.9263157894737	1416.0526315789473	0.03584699728619966	0.7102035328345802	95	bacteria	0.5	1.2021298561261582
GSL_+_blue_beads_12_(fitc)	11	514.82	658.92	437.89	619.7844827586207	1449.903448275862	0.03838908730269157	0.7472357138951992	580	virus	0.5	1.1225259238500473
GSL_+_blue_beads_12_(fitc)	12	47.8	58.7	54.64	694.8	1437.2	0.03216101045371371	0.36514837184723	5	virus	0.5	1.339906460719985
GSL_+_blue_beads_12_(fitc)	13	82.79	151.98	74.41	700.2	1437.8	0.03208941130940848	0.8719636083072497	15	virus	0.5	1.3428961122007048
GSL_+_blue_beads_12_(fitc)	14	126.47	140.56	112.41	1431.0857142857142	1451.4571428571428	0.03669569984401356	0.6003571354363612	35	virus	0.5	1.1743268522849555
GSL_+_blue_beads_12_(fitc)	15	95.6	112.32	80.57	909.25	1497.4	0.03382299237905507	0.6967121765844273	20	virus	0.5	1.27406662329792
GSL_+_blue_beads_12_(fitc)	16	74.05	92.73	56.25	972.1666666666666	1535.0833333333333	0.033236364772387936	0.7950060587398537	12	virus	0.5	1.2965541203234872
GSL_+_blue_beads_12_(fitc)	17	240.9	269.37	215.48	796.8267716535433	1543.8346456692914	0.06148663507520818	0.6001081040571402	127	bacteria	0.5	0.700847357112721
GSL_+_blue_beads_12_(fitc)	18	52.36	59.24	43.75	1504.8333333333333	1567.1666666666667	0.032321707082658586	0.6741998626430492	6	virus	0.5	1.3332447317838088
GSL_+_blue_beads_12_(fitc)	19	531.84	576.91	496.51	1501.2778675282714	1582.6494345718902	0.05069606810962009	0.5092321849068626	619	virus	0.5	0.8500214572269106
GSL_+_blue_beads_12_(fitc)	20	128.26	150.94	109.46	803.3055555555555	1657.361111111111	0.037264822500390885	0.6885976394710995	36	bacteria	0.5	1.156392082365667
GSL_+_blue_beads_12_(fitc)	21	113.11	129.0	101.2	1372.4642857142858	1763.8214285714287	0.03705982506199461	0.6201495478900938	28	virus	0.5	1.1627886968739694
GSL_+_blue_beads_12_(fitc)	22	126.47	139.52	114.84	2071.0857142857144	1939.142857142857	0.03684756729494179	0.5678215169100126	35	virus	0.5	1.169486857715285
GSL_+_blue_beads_12_(fitc)	23	365.28	474.59	286.8	626.4143835616438	2024.6164383561643	0.061127197807711316	0.796743170929005	292	virus	0.5	0.7049684467096207
GSL_+_blue_beads_13_(fitc)	1	207.25	266.8	165.77	1098.2553191489362	19.20212765957447	0.044200010744175414	0.7835643193744354	94	virus	0.5	1.3535308899712029
GSL_+_blue_beads_13_(fitc)	2	165.58	248.57	116.57	1689.3	17.983333333333334	0.04032893645627848	0.8832074475329772	60	virus	0.5	1.4834529530467357
GSL_+_blue_beads_13_(fitc)	3	233.19	260.84	208.95	1842.3949579831933	20.714285714285715	0.041155105511830395	0.5985651608510134	119	bacteria	0.5	1.4536733446620116
GSL_+_blue_beads_13_(fitc)	4	1605.67	1869.5	1757.03	613.6676710386388	120.67139312300603	0.029482698454185795	0.3416191154522356	5642	virus	0.5	2.0291928153139147
GSL_+_blue_beads_13_(fitc)	5	193.57	219.34	171.83	1304.7682926829268	92.21951219512195	0.032693467102289424	0.6215342379778264	82	bacteria	0.5	1.8299093116101792
GSL_+_blue_beads_13_(fitc)	6	42.75	65.63	37.89	45.0	96.0	0.024001738752669977	0.816496580927726	4	bacteria	0.5	2.492572746324279
GSL_+_blue_beads_13_(fitc)	7	37.03	69.66	15.86	602.3333333333334	96.0	0.02406342992824459	0.9737231303623147	3	bacteria	0.5	2.486182562406836
GSL_+_blue_beads_13_(fitc)	8	42.75	84.72	26.79	596.25	99.25	0.024053112593775065	0.9486832980505138	4	bacteria	0.5	2.487248984764801
GSL_+_blue_beads_13_(fitc)	9	244.67	271.79	220.57	2278.740458015267	120.98473282442748	0.043876154183386376	0.5842891221579861	131	bacteria	0.5	1.3635215071323072
GSL_+_blue_beads_13_(fitc)	10	195.92	219.1	176.9	1448.7261904761904	120.35714285714286	0.03170862435893221	0.5899588265908663	84	bacteria	0.5	1.8867447291969222
GSL_+_blue_beads_13_(fitc)	11	233.19	263.67	206.95	1422.4705882352941	125.40336134453781	0.03564841159190369	0.6196212823800166	119	bacteria	0.5	1.6782256826525173
GSL_+_blue_beads_13_(fitc)	12	109.0	146.73	88.14	317.61538461538464	143.5	0.02535056648648903	0.7994554558158573	26	bacteria	0.5	2.359950414172626
GSL_+_blue_beads_13_(fitc)	13	241.85	272.7	215.51	1560.53125	147.5859375	0.04024283558778636	0.6127725464451049	128	bacteria	0.5	1.4866268493629113
GSL_+_blue_beads_13_(fitc)	14	221.12	266.66	184.2	295.6448598130841	148.26168224299064	0.03559809839520195	0.7230739860411629	107	bacteria	0.5	1.6805976323545437
GSL_+_blue_beads_13_(fitc)	15	64.13	87.83	66.93	48.22222222222222	168.22222222222223	0.024480585347122483	0.6474323320178809	9	bacteria	0.5	2.4438173773623677
GSL_+_blue_beads_13_(fitc)	16	224.2	265.3	190.26	316.23636363636365	228.27272727272728	0.03581435498245775	0.6969175377608061	110	bacteria	0.5	1.6704497375034097
GSL_+_blue_beads_13_(fitc)	17	239.0	282.03	203.17	477.096	256.52	0.038347498756857674	0.6935666094224117	125	bacteria	0.5	1.5601038351582655
GSL_+_blue_beads_13_(fitc)	18	310.51	335.33	288.35	1885.9857819905212	270.5545023696682	0.04853000286534378	0.5104489509775252	211	bacteria	0.5	1.2327648124254171
GSL_+_blue_beads_13_(fitc)	19	194.75	220.42	173.31	1809.5060240963855	281.3855421686747	0.033379597936529705	0.617856327772309	83	bacteria	0.5	1.7922948021440508
GSL_+_blue_beads_13_(fitc)	20	255.63	293.4	222.63	386.27272727272725	286.46853146853147	0.04037914072873377	0.6513164070578594	143	bacteria	0.5	1.481608543411333
GSL_+_blue_beads_13_(fitc)	21	360.88	392.56	337.61	1329.059649122807	354.70526315789476	0.02947381589023194	0.5102566413959615	285	virus	0.5	2.0298043559106214
GSL_+_blue_beads_13_(fitc)	22	234.17	260.57	211.21	1958.5333333333333	355.3	0.03847863320396325	0.5856232711602695	120	bacteria	0.5	1.5547870310824468
GSL_+_blue_beads_13_(fitc)	23	261.81	295.73	232.8	1165.2666666666667	363.23333333333335	0.03955664875222212	0.6166934232630052	150	bacteria	0.5	1.5124152769877837
GSL_+_blue_beads_13_(fitc)	24	199.39	229.19	173.49	1271.2413793103449	406.02298850574715	0.03166804550689859	0.6534408637270701	87	bacteria	0.5	1.889162369249088
GSL_+_blue_beads_13_(fitc)	25	229.24	242.77	219.38	2430.008695652174	418.8434782608696	0.04081807085280352	0.42828681604050767	115	virus	0.5	1.4656763200554694
GSL_+_blue_beads_13_(fitc)	26	124.65	137.42	115.13	1650.2058823529412	430.0882352941176	0.026820760511569116	0.5459287249074242	34	bacteria	0.5	2.2305884970522944
GSL_+_blue_beads_13_(fitc)	27	249.29	287.17	216.9	806.5147058823529	468.72058823529414	0.04497262948777435	0.6553813300801319	136	bacteria	0.5	1.3302775612789994
GSL_+_blue_beads_13_(fitc)	28	223.18	262.82	190.26	600.0733944954128	473.25688073394497	0.03475474462439537	0.689892777308422	109	bacteria	0.5	1.7213787793827378
GSL_+_blue_beads_13_(fitc)	29	158.53	187.66	134.72	596.4	504.96363636363634	0.027866345088862314	0.6961732239050429	55	bacteria	0.5	2.146893670071283
GSL_+_blue_beads_13_(fitc)	30	252.03	285.9	222.3	2100.172661870504	507.705035971223	0.04722397327951451	0.628811939351518	139	bacteria	0.5	1.266858244332708
GSL_+_blue_beads_13_(fitc)	31	237.08	268.27	210.26	1283.6829268292684	508.4146341463415	0.0393607417447133	0.6210842957966665	123	bacteria	0.5	1.5199428981120753
GSL_+_blue_beads_13_(fitc)	32	245.6	261.39	236.74	1882.0151515151515	529.9090909090909	0.03969120977247695	0.4238940420374669	132	virus	0.5	1.507287891254593
GSL_+_blue_beads_13_(fitc)	33	221.12	251.6	194.21	2134.2242990654204	529.4018691588785	0.03755004087762916	0.6357569768051751	107	bacteria	0.5	1.5932360786041784
GSL_+_blue_beads_13_(fitc)	34	195.92	233.2	164.63	301.5833333333333	543.8690476190476	0.03218012937991856	0.7082718627031204	84	bacteria	0.5	1.8591000419231964
GSL_+_blue_beads_13_(fitc)	35	60.46	75.31	62.68	2434.25	551.625	0.024466198695598188	0.5542407774358747	8	bacteria	0.5	2.445254394589055
GSL_+_blue_beads_13_(fitc)	36	262.68	307.73	224.47	240.3841059602649	600.5430463576159	0.04212429014585944	0.6840622918397865	151	bacteria	0.5	1.4202276091097767
GSL_+_blue_beads_13_(fitc)	37	241.85	273.99	213.18	1571.2421875	613.9765625	0.04445911228563628	0.6281909208058168	128	bacteria	0.5	1.3456426996323296
GSL_+_blue_beads_13_(fitc)	38	197.08	228.35	170.18	542.7882352941176	617.1411764705882	0.035056170322628456	0.6667716497061508	85	bacteria	0.5	1.7065777387749415
GSL_+_blue_beads_13_(fitc)	39	251.12	289.64	217.72	1241.9057971014493	621.2173913043479	0.045169642258953466	0.6594865023722255	138	bacteria	0.5	1.324475397354776
GSL_+_blue_beads_13_(fitc)	40	338.67	424.74	271.13	227.25498007968127	630.3505976095618	0.04964045031240372	0.7697657081218808	251	virus	0.5	1.2051880976662226
GSL_+_blue_beads_13_(fitc)	41	218.0	249.49	190.94	1844.173076923077	629.2019230769231	0.03924464928865175	0.6436770894364763	104	bacteria	0.5	1.5244391519279088
GSL_+_blue_beads_13_(fitc)	42	263.55	298.04	233.75	1670.0131578947369	666.0526315789474	0.04759072188910198	0.6204059960873975	152	bacteria	0.5	1.2570954485353232
GSL_+_blue_beads_13_(fitc)	43	259.18	298.96	225.24	1336.6734693877552	668.7074829931972	0.044814572035395225	0.6575395227906554	147	bacteria	0.5	1.3349693450614442
GSL_+_blue_beads_13_(fitc)	44	187.58	220.42	160.82	1680.6103896103896	680.0	0.031145393092596795	0.6838632707136829	77	bacteria	0.5	1.9208644983684933
GSL_+_blue_beads_13_(fitc)	45	246.53	299.13	204.44	111.43609022556392	693.3383458646616	0.0427401565223097	0.7299987221616218	133	bacteria	0.5	1.3997627698923423
GSL_+_blue_beads_13_(fitc)	46	130.03	150.8	116.41	2080.7027027027025	694.3243243243244	0.026947309815739225	0.6357313648981107	37	bacteria	0.5	2.2201132613377834
GSL_+_blue_beads_13_(fitc)	47	992.35	1007.78	978.81	2359.0705336426913	739.3549883990719	0.041881536850904184	0.2380398735719278	2155	virus	0.5	1.4284595164756684
GSL_+_blue_beads_13_(fitc)	48	193.57	223.08	167.63	872.8414634146342	724.0121951219512	0.031325042728944506	0.6598062626317936	82	bacteria	0.5	1.9098483088107925
GSL_+_blue_beads_13_(fitc)	49	234.17	274.35	200.81	2031.0083333333334	741.0583333333333	0.04094494599007913	0.6813579930388102	120	bacteria	0.5	1.461134663452632
GSL_+_blue_beads_13_(fitc)	50	221.12	257.39	189.9	220.0841121495327	774.5700934579439	0.03606583708350574	0.6750378548652662	107	bacteria	0.5	1.658801922184171
GSL_+_blue_beads_13_(fitc)	51	248.37	292.15	211.27	652.1333333333333	779.8592592592593	0.04314257116055975	0.6906700851879022	135	bacteria	0.5	1.3867064078460054
GSL_+_blue_beads_13_(fitc)	52	200.53	236.56	169.72	1516.715909090909	790.1477272727273	0.03321120647376175	0.6966270546129744	88	bacteria	0.5	1.8013823113160792
GSL_+_blue_beads_13_(fitc)	53	269.55	317.65	229.08	368.30817610062894	816.8427672955975	0.04650461273198948	0.6927641819651398	159	bacteria	0.5	1.2864547485662097
GSL_+_blue_beads_13_(fitc)	54	194.75	221.58	171.34	1056.120481927711	821.7590361445783	0.03204529342058541	0.6341032076638229	83	bacteria	0.5	1.8669225178905402
GSL_+_blue_beads_13_(fitc)	55	205.04	236.6	178.14	677.7065217391304	874.6739130434783	0.0340912796123394	0.6581046318583382	92	bacteria	0.5	1.7548792699950848
GSL_+_blue_beads_13_(fitc)	56	210.54	237.97	186.12	1458.1443298969073	902.340206185567	0.0343180503600039	0.6231411896102215	97	bacteria	0.5	1.7432831775614215
GSL_+_blue_beads_13_(fitc)	57	261.81	294.0	233.01	2041.86	920.6	0.04755946595363783	0.6098166275115743	150	bacteria	0.5	1.2579216078166322
GSL_+_blue_beads_13_(fitc)	58	47.8	67.78	37.12	907.0	944.6	0.02418785678885742	0.8366600265514684	5	bacteria	0.5	2.4733931741674797
GSL_+_blue_beads_13_(fitc)	59	216.95	249.13	188.73	2275.019417475728	955.3786407766991	0.03792133022003503	0.6527719997270439	103	bacteria	0.5	1.577636637010494
GSL_+_blue_beads_13_(fitc)	60	247.45	279.53	218.84	1921.3432835820895	985.276119402985	0.04670000238070956	0.6221680192627302	134	bacteria	0.5	1.2810723089815714
GSL_+_blue_beads_13_(fitc)	61	237.08	268.88	210.71	2007.8699186991869	985.3414634146342	0.04051032130237682	0.6212043399394691	123	bacteria	0.5	1.4768107967534279
GSL_+_blue_beads_13_(fitc)	62	251.12	281.86	224.03	1097.876811594203	988.1594202898551	0.041402236339225254	0.6068496719834365	138	bacteria	0.5	1.4449963376161912
GSL_+_blue_beads_13_(fitc)	63	246.53	290.83	208.86	104.84962406015038	991.1654135338346	0.043465402069856524	0.6958660549680856	133	bacteria	0.5	1.3764069128625447
GSL_+_blue_beads_13_(fitc)	64	275.42	312.31	242.91	1034.5060240963855	1014.8253012048193	0.04878674674238817	0.6285422669667449	166	bacteria	0.5	1.2262772960698531
GSL_+_blue_beads_13_(fitc)	65	247.45	288.26	212.64	2023.902985074627	1022.5895522388059	0.04193100923224142	0.675154231484079	134	bacteria	0.5	1.4267741457865806
GSL_+_blue_beads_13_(fitc)	66	255.63	292.3	223.65	2320.0	1035.5594405594406	0.04648288641719099	0.6438674219894237	143	bacteria	0.5	1.2870560434296676
GSL_+_blue_beads_13_(fitc)	67	252.03	296.88	214.51	274.7482014388489	1042.1654676258993	0.0340138957523437	0.6913177221462294	139	bacteria	0.5	1.7588717362720268
GSL_+_blue_beads_13_(fitc)	68	382.99	511.57	289.4	1297.5732087227414	1068.8504672897195	0.050484051924546455	0.8246084491707809	321	virus	0.5	1.1850490917154715
GSL_+_blue_beads_13_(fitc)	69	211.62	238.35	187.87	954.5816326530612	1077.4285714285713	0.035669715221342484	0.6154026991560068	98	bacteria	0.5	1.6772233674437738
GSL_+_blue_beads_13_(fitc)	70	212.69	240.04	188.59	746.4040404040404	1082.2525252525252	0.03547313862491549	0.618640085134891	99	bacteria	0.5	1.6865178046940583
GSL_+_blue_beads_13_(fitc)	71	228.24	248.63	209.55	2391.8684210526317	1102.9035087719299	0.03587925522889948	0.5381842082932518	114	bacteria	0.5	1.6674281419061527
GSL_+_blue_beads_13_(fitc)	72	221.12	259.01	188.45	536.0467289719626	1143.6261682242991	0.03827640966252406	0.6860487365720813	107	bacteria	0.5	1.5630013474820608
GSL_+_blue_beads_13_(fitc)	73	258.29	292.31	227.74	1535.0068493150684	1186.458904109589	0.04741590665892875	0.6268936256024898	146	bacteria	0.5	1.2617301680982367
GSL_+_blue_beads_13_(fitc)	74	157.09	182.23	135.22	1118.0925925925926	1196.0740740740741	0.02908061720054408	0.6703505164067571	54	bacteria	0.5	2.0572493171905983
GSL_+_blue_beads_13_(fitc)	75	265.28	305.3	230.63	1767.5974025974026	1210.6493506493507	0.050866516142368874	0.6552243825893146	154	bacteria	0.5	1.1761387336190852
GSL_+_blue_beads_13_(fitc)	76	245.6	282.47	214.03	1870.4242424242425	1213.909090909091	0.04752665998703402	0.6526015997814567	132	bacteria	0.5	1.2587899064571741
GSL_+_blue_beads_13_(fitc)	77	177.57	201.53	156.76	874.6521739130435	1220.6521739130435	0.03030170846062934	0.6284768441908656	69	bacteria	0.5	1.9743467586004866
GSL_+_blue_beads_13_(fitc)	78	149.64	179.88	126.39	1130.9591836734694	1231.8979591836735	0.02633890543746014	0.7115312613608636	49	bacteria	0.5	2.2713958262750613
GSL_+_blue_beads_13_(fitc)	79	206.15	237.39	179.09	692.5268817204301	1256.8924731182797	0.03480723161247081	0.656420046251142	93	bacteria	0.5	1.718783054779509
GSL_+_blue_beads_13_(fitc)	80	266.14	294.64	240.37	1176.0	1258.6580645161291	0.0457896125422826	0.5783387732734341	155	bacteria	0.5	1.306542609943608
GSL_+_blue_beads_13_(fitc)	81	266.99	306.55	232.11	579.5961538461538	1264.5064102564102	0.04929755067436463	0.6531989676860275	156	bacteria	0.5	1.2135710407699996
GSL_+_blue_beads_13_(fitc)	82	258.29	298.49	223.96	395.83561643835617	1265.335616438356	0.04562337278665913	0.6610945268241429	146	bacteria	0.5	1.311303312866742
GSL_+_blue_beads_13_(fitc)	83	224.2	254.96	197.8	1269.8	1268.3	0.03861312887411457	0.6309628297875096	110	bacteria	0.5	1.5493714605294944
GSL_+_blue_beads_13_(fitc)	84	42.75	65.63	37.89	1135.0	1268.0	0.023940588786931755	0.816496580927726	4	bacteria	0.5	2.4989393707792695
GSL_+_blue_beads_13_(fitc)	85	272.92	312.92	238.09	1026.6503067484662	1276.2883435582821	0.046832630003313	0.648927218569162	163	bacteria	0.5	1.2774443774579454
GSL_+_blue_beads_13_(fitc)	86	254.73	288.6	225.24	898.2464788732394	1281.605633802817	0.04830236652812095	0.6252025032491829	142	bacteria	0.5	1.238574508445059
GSL_+_blue_beads_13_(fitc)	87	192.39	226.48	163.29	589.7654320987655	1288.2469135802469	0.03208421541349055	0.6929459544424098	81	bacteria	0.5	1.8646577174564545
GSL_+_blue_beads_13_(fitc)	88	247.45	281.7	217.42	1769.8955223880596	1295.1641791044776	0.04533711533895917	0.6358528617915522	134	bacteria	0.5	1.31958285021038
GSL_+_blue_beads_13_(fitc)	89	260.06	294.11	229.79	1781.2567567567567	1314.5743243243244	0.050332164051740215	0.624139633542357	148	bacteria	0.5	1.1886252261635473
GSL_+_blue_beads_13_(fitc)	90	133.5	146.58	122.51	1341.7692307692307	1315.2307692307693	0.026454143301794	0.5490436081019598	39	bacteria	0.5	2.2615013155706065
GSL_+_blue_beads_13_(fitc)	91	255.63	286.16	228.63	1114.8671328671328	1324.6503496503497	0.04506955393344547	0.6013876935170662	143	bacteria	0.5	1.3274167294321588
GSL_+_blue_beads_13_(fitc)	92	203.92	235.51	176.61	132.35164835164835	1329.076923076923	0.03466580499884484	0.6615543348134856	91	bacteria	0.5	1.725795200235334
GSL_+_blue_beads_13_(fitc)	93	254.73	287.72	225.96	1361.6830985915492	1341.0845070422536	0.046811065277988936	0.6190804432680584	142	bacteria	0.5	1.2780328651788093
GSL_+_blue_beads_13_(fitc)	94	255.63	292.92	224.17	2199.244755244755	1343.958041958042	0.04784664692327269	0.6436818898848493	143	bacteria	0.5	1.2503714204934384
GSL_+_blue_beads_13_(fitc)	95	205.04	231.82	181.4	2081.3695652173915	1346.2391304347825	0.033788793230898825	0.6226612896063898	92	bacteria	0.5	1.770589422074753
GSL_+_blue_beads_13_(fitc)	96	251.12	277.56	227.26	937.5072463768116	1350.3695652173913	0.045317445684132665	0.5741159611966546	138	bacteria	0.5	1.320155604009425
GSL_+_blue_beads_13_(fitc)	97	259.18	299.41	224.16	1931.8231292517007	1363.578231292517	0.04956748197122739	0.6629272302720922	147	bacteria	0.5	1.2069622563040006
GSL_+_blue_beads_13_(fitc)	98	246.53	276.82	220.12	2394.0751879699246	1378.233082706767	0.0427606844416484	0.6063936006284024	133	bacteria	0.5	1.3990907924062737
GSL_+_blue_beads_13_(fitc)	99	262.68	295.37	233.69	1065.8476821192053	1420.5827814569536	0.046563274527038574	0.6115558858822401	151	bacteria	0.5	1.284834034697461
GSL_+_blue_beads_13_(fitc)	100	257.41	298.64	222.18	2165.786206896552	1429.6206896551723	0.04888397359319951	0.6682217339978318	145	bacteria	0.5	1.2238383151328593
GSL_+_blue_beads_13_(fitc)	101	241.85	274.32	213.94	1493.4921875	1440.5546875	0.038521260039933364	0.6258856772879839	128	bacteria	0.5	1.5530665356554096
GSL_+_blue_beads_13_(fitc)	102	248.37	283.98	217.56	2243.088888888889	1490.5185185185185	0.04437361175690847	0.6427002309845435	135	bacteria	0.5	1.348235528066661
GSL_+_blue_beads_13_(fitc)	103	206.15	225.96	188.67	1982.225806451613	1508.2903225806451	0.030345684834698655	0.5503077610212266	93	bacteria	0.5	1.971485573820123
GSL_+_blue_beads_13_(fitc)	104	259.18	292.66	230.74	2309.4625850340135	1511.8843537414966	0.04788818350115034	0.6151250318126459	147	bacteria	0.5	1.2492868909480221
GSL_+_blue_beads_13_(fitc)	105	60.46	75.4	58.87	574.625	1513.125	0.02427346877060709	0.6248105338438265	8	bacteria	0.5	2.4646695717319265
GSL_+_blue_beads_13_(fitc)	106	237.08	272.42	206.09	1241.739837398374	1538.0487804878048	0.04395416602014076	0.6539573804641503	123	bacteria	0.5	1.3611014676489792
GSL_+_blue_beads_13_(fitc)	107	248.37	280.67	220.37	177.52592592592592	1550.6666666666667	0.04337824571192883	0.6193100532690705	135	bacteria	0.5	1.3791724145923347
GSL_+_blue_beads_13_(fitc)	108	261.81	292.48	234.43	2113.713333333333	1571.1933333333334	0.04768325894552716	0.597962015340581	150	bacteria	0.5	1.2546558520181086
GSL_+_blue_beads_13_(fitc)	109	264.41	296.01	236.53	1437.9477124183006	1571.9607843137255	0.04868783190166139	0.6012400708782496	153	bacteria	0.5	1.2287686171800765
GSL_+_blue_beads_13_(fitc)	110	197.08	235.4	165.6	485.6470588235294	1581.270588235294	0.03272625334785391	0.7107025437616586	85	bacteria	0.5	1.8280760477955444
GSL_+_blue_beads_13_(fitc)	111	252.93	282.41	226.22	1499.0142857142857	1590.5785714285714	0.04522180908378131	0.5986186847213383	140	bacteria	0.5	1.3229475134102264
GSL_+_blue_beads_13_(fitc)	112	205.04	236.22	178.31	1981.0326086956522	1594.5760869565217	0.0358259091796799	0.6558798776015763	92	bacteria	0.5	1.6699110015394456
GSL_+_blue_beads_13_(fitc)	113	494.9	757.45	412.12	1328.9570895522388	1610.9440298507463	0.042001670868765544	0.8390281186803774	536	virus	0.5	1.4243738080379564
GSL_+_blue_beads_13_(fitc)	114	106.88	131.72	87.3	208.76	1606.56	0.025945838156218405	0.7488099013878978	25	bacteria	0.5	2.3058064079137117
GSL_+_blue_beads_13_(fitc)	115	111.08	119.23	105.73	1953.4814814814815	1658.4444444444443	0.025811932846001657	0.46227321266250987	27	virus	0.5	2.317768306474101
GSL_+_blue_beads_13_(fitc)	116	254.73	291.17	223.47	1124.0704225352113	1665.9225352112676	0.044575439665934996	0.6410777713973078	142	bacteria	0.5	1.3421310104321904
GSL_+_blue_beads_13_(fitc)	117	263.55	298.41	233.63	2160.434210526316	1692.203947368421	0.04518853612618301	0.6221425723017979	152	bacteria	0.5	1.3239216183556834
GSL_+_blue_beads_13_(fitc)	118	186.36	210.58	166.44	199.5921052631579	1691.1052631578948	0.03165423164784709	0.6126178395547683	76	bacteria	0.5	1.8899867968638386
GSL_+_blue_beads_13_(fitc)	119	252.93	286.97	223.04	1252.2785714285715	1709.1785714285713	0.04717316656305455	0.629209390969312	140	bacteria	0.5	1.2682226833200452
GSL_+_blue_beads_13_(fitc)	120	192.39	216.54	170.79	2015.432098765432	1708.9876543209878	0.031162236551572006	0.614741081289049	81	bacteria	0.5	1.9198262544567746
GSL_+_blue_beads_13_(fitc)	121	60.46	80.27	52.91	1049.0	1706.875	0.024260348661962423	0.7520228292321687	8	bacteria	0.5	2.466002476423648
GSL_+_blue_beads_13_(fitc)	122	178.85	226.39	143.5	1087.7142857142858	1742.5142857142857	0.027443273411421942	0.7734486983468115	70	bacteria	0.5	2.179990665924013
GSL_+_blue_beads_13_(fitc)	123	251.12	286.31	221.1	2126.282608695652	1753.963768115942	0.04395803750667918	0.6353070686226755	138	bacteria	0.5	1.3609815922790054
GSL_+_blue_beads_13_(fitc)	124	248.37	279.64	221.3	664.5851851851852	1784.6444444444444	0.03608069145276516	0.6113250666105691	135	bacteria	0.5	1.6581189957964488
GSL_+_blue_beads_13_(fitc)	125	224.2	248.22	203.17	1010.5545454545454	1799.2363636363636	0.03880634673811373	0.5745099986133864	110	bacteria	0.5	1.5416570975629142
GSL_+_blue_beads_13_(fitc)	126	266.14	302.04	234.71	1764.883870967742	1824.6451612903227	0.05007168148199449	0.6294123159285787	155	bacteria	0.5	1.1948086844419956
GSL_+_blue_beads_13_(fitc)	127	243.73	275.32	215.91	1013.4076923076923	1863.6384615384616	0.043056787515541844	0.6204634189755185	130	bacteria	0.5	1.389469194786201
GSL_+_blue_beads_13_(fitc)	128	235.14	259.2	212.88	1501.0826446280992	1873.0661157024792	0.04335052665149582	0.5704989608057598	121	bacteria	0.5	1.3800542807762213
GSL_+_blue_beads_13_(fitc)	129	56.56	78.09	55.16	532.2857142857143	1870.5714285714287	0.02414062831186271	0.7078891250584756	7	bacteria	0.5	2.4782320951398735
GSL_+_blue_beads_13_(fitc)	130	47.8	77.55	29.62	551.8	1872.6	0.024434881677211546	0.9241763717698296	5	bacteria	0.5	2.448388360116164
GSL_+_blue_beads_13_(fitc)	131	265.28	299.17	234.91	202.97402597402598	1884.5389610389611	0.046140453681586764	0.619222942969302	154	bacteria	0.5	1.2966079677533648
GSL_+_blue_beads_13_(fitc)	132	260.06	289.57	233.31	509.69594594594594	1895.5337837837837	0.04744161201272269	0.5922942592316741	148	bacteria	0.5	1.2610465231083752
GSL_+_blue_beads_13_(fitc)	133	234.17	265.89	206.52	231.2	1912.2666666666667	0.04139729357265209	0.6298187998290151	120	bacteria	0.5	1.4451688677257595
GSL_+_blue_beads_13_(fitc)	134	104.72	125.93	94.47	793.4583333333334	1927.625	0.025067750578893	0.6612811344410253	24	bacteria	0.5	2.386575520249269
GSL_+_blue_beads_13_(fitc)	135	221.12	253.36	192.74	1116.943925233645	1950.5233644859813	0.03669396033884034	0.6490431637974352	107	bacteria	0.5	1.630406729795664
GSL_+_blue_beads_13_(fitc)	136	203.92	220.78	188.39	762.0769230769231	1955.6593406593406	0.03083551517764571	0.5214258774594072	91	virus	0.5	1.9401680022090746
GSL_+_blue_beads_13_(fitc)	137	262.68	292.51	235.7	370.887417218543	1963.4701986754967	0.04587568348460312	0.592207814970569	151	bacteria	0.5	1.3040913036070496
GSL_+_blue_beads_13_(fitc)	138	249.29	275.85	225.98	189.5	1967.5588235294117	0.04314423026578592	0.573485107109602	136	bacteria	0.5	1.3866530822487182
GSL_+_blue_beads_13_(fitc)	139	144.98	170.18	125.26	1606.2826086956522	1972.7608695652175	0.027749299859581633	0.6769330045455493	46	bacteria	0.5	2.155949165637884
GSL_+_blue_beads_13_(fitc)	140	231.22	262.94	203.42	2100.991452991453	1975.7692307692307	0.03821628801731621	0.6336132492198965	117	bacteria	0.5	1.565460252240946
GSL_+_blue_beads_13_(fitc)	141	250.21	281.24	223.5	300.4014598540146	2007.8248175182482	0.045223026894678615	0.6070077303011864	137	bacteria	0.5	1.3229118877564607
GSL_+_blue_beads_13_(fitc)	142	233.19	261.84	208.69	630.09243697479	2010.5546218487395	0.04021237553727789	0.6039613303395395	119	bacteria	0.5	1.4877529387399704
GSL_+_blue_beads_13_(fitc)	143	181.39	277.76	121.84	1749.375	2028.8194444444443	0.0455676829780427	0.898652608206823	72	virus	0.5	1.3129059010555428
GSL_+_blue_beads_14_(fitc)	1	97.96	107.26	89.88	133.9047619047619	33.095238095238095	0.03828507682813812	0.5457864779130998	21	virus	0.5	1.567888930360727
GSL_+_blue_beads_14_(fitc)	2	173.66	202.73	148.87	2094.257575757576	76.51515151515152	0.04900603723249952	0.6788344755260302	66	bacteria	0.5	1.2248847600564523
GSL_+_blue_beads_14_(fitc)	3	152.66	186.42	125.51	668.7843137254902	91.37254901960785	0.04441784672484401	0.739374494987102	51	bacteria	0.5	1.3514105834237409
GSL_+_blue_beads_14_(fitc)	4	122.8	150.76	100.46	275.3636363636364	104.96969696969697	0.04108998162972859	0.7456475693867192	33	virus	0.5	1.4608609149004437
GSL_+_blue_beads_14_(fitc)	5	172.34	215.09	138.59	822.3230769230769	108.95384615384616	0.04770377838978476	0.7647227798863508	65	bacteria	0.5	1.2583227195626459
GSL_+_blue_beads_14_(fitc)	6	104.72	124.64	87.08	1431.5	112.875	0.038543329055357345	0.7154221283711344	24	virus	0.5	1.557383589534654
GSL_+_blue_beads_14_(fitc)	7	186.36	228.27	153.24	405.7105263157895	146.17105263157896	0.05139660421797682	0.741173821915404	76	bacteria	0.5	1.167912726340243
GSL_+_blue_beads_14_(fitc)	8	200.53	247.92	163.74	143.3409090909091	185.39772727272728	0.054010058804793835	0.7508641721856995	88	bacteria	0.5	1.111399422352043
GSL_+_blue_beads_14_(fitc)	9	182.64	217.05	153.21	1672.8082191780823	185.43835616438355	0.05125125926256808	0.7083267273218112	73	bacteria	0.5	1.171224844433997
GSL_+_blue_beads_14_(fitc)	10	128.26	153.02	107.0	502.3333333333333	198.38888888888889	0.04196502361078322	0.7148834489515093	36	bacteria	0.5	1.4303994849039816
GSL_+_blue_beads_14_(fitc)	11	79.98	103.24	59.6	295.14285714285717	212.92857142857142	0.03807673559370162	0.8165399631364862	14	virus	0.5	1.5764678148191078
GSL_+_blue_beads_14_(fitc)	12	88.14	110.72	74.2	1709.7058823529412	216.76470588235293	0.03800639390968099	0.7422087579705973	17	virus	0.5	1.5793855186444754
GSL_+_blue_beads_14_(fitc)	13	106.88	121.94	93.2	1344.6	226.24	0.03938738737451994	0.644829524551841	25	virus	0.5	1.5240093887435548
GSL_+_blue_beads_14_(fitc)	14	188.79	219.87	162.91	2362.153846153846	244.67948717948718	0.05175299636835878	0.6715367597819486	78	bacteria	0.5	1.1598700050060762
GSL_+_blue_beads_14_(fitc)	15	171.01	206.48	141.97	50.46875	256.453125	0.04661911227926131	0.7261420536939782	64	bacteria	0.5	1.2875995535322724
GSL_+_blue_beads_14_(fitc)	16	174.98	206.93	147.46	699.9253731343283	261.4776119402985	0.04590539080496231	0.7015681893259792	67	bacteria	0.5	1.3076187154550687
GSL_+_blue_beads_14_(fitc)	17	200.53	239.52	168.01	1101.6477272727273	284.8068181818182	0.054869724677257106	0.7127096819041991	88	bacteria	0.5	1.0939866840944468
GSL_+_blue_beads_14_(fitc)	18	322.78	366.46	284.42	1144.2456140350878	299.7894736842105	0.06175664153607078	0.6305623305145276	228	bacteria	0.5	0.9719885450990297
GSL_+_blue_beads_14_(fitc)	19	166.96	194.92	144.08	2223.688524590164	305.8196721311475	0.0453907165680099	0.6735089164556032	61	bacteria	0.5	1.3224454843515931
GSL_+_blue_beads_14_(fitc)	20	191.2	232.08	158.05	1151.8	320.925	0.04749709834528286	0.7322789304219757	80	bacteria	0.5	1.2637982160611134
GSL_+_blue_beads_14_(fitc)	21	144.98	164.9	128.73	2056.3260869565215	355.10869565217394	0.04356257852160336	0.6249407652745286	46	bacteria	0.5	1.377942954572341
GSL_+_blue_beads_14_(fitc)	22	199.39	241.12	164.46	491.4942528735632	388.88505747126436	0.05473562220908263	0.7313008586729212	87	bacteria	0.5	1.0966669553431534
GSL_+_blue_beads_14_(fitc)	23	208.35	249.82	174.15	1442.4	431.2421052631579	0.0573942210971065	0.7169824271458218	95	bacteria	0.5	1.0458674585946068
GSL_+_blue_beads_14_(fitc)	24	200.53	241.82	166.42	1691.1931818181818	440.8863636363636	0.0534610576814907	0.7255484721418718	88	bacteria	0.5	1.1228125809720038
GSL_+_blue_beads_14_(fitc)	25	191.2	235.36	155.89	1339.8375	442.2125	0.05140681289841494	0.74918128169389	80	bacteria	0.5	1.1676807950624495
GSL_+_blue_beads_14_(fitc)	26	186.36	213.1	164.18	53.51315789473684	450.67105263157896	0.04509729516894798	0.637492484080488	76	bacteria	0.5	1.3310498541424614
GSL_+_blue_beads_14_(fitc)	27	182.64	216.51	153.81	1600.6575342465753	451.52054794520546	0.04941033311339472	0.7037620301995042	73	bacteria	0.5	1.2148622438769798
GSL_+_blue_beads_14_(fitc)	28	183.89	224.76	150.57	553.918918918919	477.7567567567568	0.04925053066505318	0.7424550338550789	74	bacteria	0.5	1.2188040889362655
GSL_+_blue_beads_14_(fitc)	29	182.64	219.29	151.66	48.02739726027397	490.3150684931507	0.04980617316995542	0.722293975667491	73	bacteria	0.5	1.205206992153689
GSL_+_blue_beads_14_(fitc)	30	200.53	243.54	165.46	1841.3522727272727	496.07954545454544	0.05494800620967086	0.7337834543931188	88	bacteria	0.5	1.0924281388445178
GSL_+_blue_beads_14_(fitc)	31	166.96	202.0	138.88	1993.8032786885246	539.7049180327868	0.0464691664075836	0.726174234275953	61	bacteria	0.5	1.2917543566490919
GSL_+_blue_beads_14_(fitc)	32	122.8	149.23	101.89	1285.909090909091	581.1818181818181	0.041502056912289344	0.7306484272478303	33	virus	0.5	1.4463559790231257
GSL_+_blue_beads_14_(fitc)	33	176.28	219.15	141.94	262.11764705882354	610.1029411764706	0.04848422507789142	0.7618984872269288	68	bacteria	0.5	1.2380675995215535
GSL_+_blue_beads_14_(fitc)	34	205.04	243.46	172.73	961.3586956521739	612.804347826087	0.05461587477140007	0.7047131352231647	92	bacteria	0.5	1.0990714404574748
GSL_+_blue_beads_14_(fitc)	35	181.39	220.8	148.79	2091.0416666666665	615.2638888888889	0.05059964655812609	0.7388745139262891	72	bacteria	0.5	1.1863076570681637
GSL_+_blue_beads_14_(fitc)	36	164.2	200.88	135.3	1237.542372881356	628.6101694915254	0.04522848100829174	0.7391732553650536	59	bacteria	0.5	1.3271891254946862
GSL_+_blue_beads_14_(fitc)	37	171.01	202.64	144.37	1249.421875	653.203125	0.048688561266948274	0.7017092513483856	64	bacteria	0.5	1.2328716765265413
GSL_+_blue_beads_14_(fitc)	38	211.62	263.21	170.11	1024.6020408163265	655.9489795918367	0.0553430572543267	0.7630856909878426	98	bacteria	0.5	1.0846301439582084
GSL_+_blue_beads_14_(fitc)	39	183.89	227.43	148.39	279.4054054054054	661.527027027027	0.05041730047197933	0.757824374008766	74	bacteria	0.5	1.1905982191610816
GSL_+_blue_beads_14_(fitc)	40	161.39	201.27	130.64	861.561403508772	678.3859649122807	0.046730468984274284	0.7607214640460596	57	bacteria	0.5	1.284531258974694
GSL_+_blue_beads_14_(fitc)	41	47.8	88.78	36.13	1054.8	699.6	0.035937485645502365	0.9134685728090731	5	virus	0.5	1.6703101811008358
GSL_+_blue_beads_14_(fitc)	42	42.75	85.21	31.52	1058.5	701.75	0.036066742528252406	0.9290823598794103	4	virus	0.5	1.6643240822158136
GSL_+_blue_beads_14_(fitc)	43	138.54	169.74	112.95	1692.642857142857	719.452380952381	0.042612383562951314	0.7464366620388209	42	bacteria	0.5	1.4086691036226633
GSL_+_blue_beads_14_(fitc)	44	60.46	151.14	51.37	1051.75	726.0	0.03614786091892395	0.9404632066978618	8	virus	0.5	1.6605892196908072
GSL_+_blue_beads_14_(fitc)	45	135.2	167.96	109.78	1322.625	743.65	0.04237032632505513	0.7568208539593294	40	bacteria	0.5	1.4167166827165012
GSL_+_blue_beads_14_(fitc)	46	158.53	189.88	132.74	1894.418181818182	747.6363636363636	0.04500802303350839	0.7150437962330691	55	bacteria	0.5	1.3336899537257598
GSL_+_blue_beads_14_(fitc)	47	218.0	261.08	182.58	2129.25	756.9519230769231	0.058606335047427835	0.714820872242787	104	bacteria	0.5	1.0242365114329435
GSL_+_blue_beads_14_(fitc)	48	203.92	248.63	167.89	1456.8461538461538	780.4505494505495	0.05681866138786959	0.7375732040824727	91	bacteria	0.5	1.0564618505719154
GSL_+_blue_beads_14_(fitc)	49	251.12	299.13	211.32	743.3623188405797	792.195652173913	0.05630549697864484	0.7077725912550396	138	bacteria	0.5	1.0660903708853555
GSL_+_blue_beads_14_(fitc)	50	209.45	247.69	177.66	1027.7604166666667	801.5416666666666	0.056816000203157545	0.6967917238936722	96	bacteria	0.5	1.0565113338181056
GSL_+_blue_beads_14_(fitc)	51	200.53	242.54	166.46	1931.6363636363637	819.5568181818181	0.056322960907005386	0.7272990943322096	88	bacteria	0.5	1.0657598107449937
GSL_+_blue_beads_14_(fitc)	52	37.03	69.66	15.86	752.0	822.6666666666666	0.036184480899979894	0.9737231303588081	3	virus	0.5	1.6589086443653
GSL_+_blue_beads_14_(fitc)	53	1455.65	1564.53	1408.67	744.9303428941125	867.3922794910502	0.04355917712836905	0.435110000602768	4637	virus	0.5	1.3780505536169496
GSL_+_blue_beads_14_(fitc)	54	47.8	89.86	25.56	764.8	828.8	0.03593172276331905	0.9586907113757996	5	virus	0.5	1.6705780725361192
GSL_+_blue_beads_14_(fitc)	55	37.03	69.66	15.86	715.6666666666666	834.0	0.0357766058135819	0.9737231303588081	3	virus	0.5	1.6778212128233736
GSL_+_blue_beads_14_(fitc)	56	183.89	224.29	150.99	664.3108108108108	855.3243243243244	0.04532556114619714	0.7394828410074551	74	bacteria	0.5	1.3243464976248627
GSL_+_blue_beads_14_(fitc)	57	56.56	110.74	56.63	789.0	862.1428571428571	0.03577058865223565	0.8593744076854636	7	virus	0.5	1.6781034480710477
GSL_+_blue_beads_14_(fitc)	58	37.03	43.75	25.26	784.6666666666666	862.6666666666666	0.03624868513073744	0.816496580927726	3	virus	0.5	1.6559703597620277
GSL_+_blue_beads_14_(fitc)	59	120.92	134.04	109.55	1621.125	874.625	0.04037040603701386	0.5762069320013913	32	virus	0.5	1.486899787478279
GSL_+_blue_beads_14_(fitc)	60	165.58	195.52	139.84	530.3833333333333	916.8	0.04486470408298438	0.6988832286430312	60	bacteria	0.5	1.3379503862505981
GSL_+_blue_beads_14_(fitc)	61	136.88	171.26	109.0	46.21951219512195	932.6585365853658	0.0418552601881681	0.771291493113967	41	bacteria	0.5	1.4341506392980559
GSL_+_blue_beads_14_(fitc)	62	219.05	261.47	183.42	1154.104761904762	956.4095238095238	0.05762498625930138	0.7126921285866314	105	bacteria	0.5	1.041679175188674
GSL_+_blue_beads_14_(fitc)	63	42.75	65.63	26.79	1915.25	971.25	0.03654932310488486	0.9128709291752769	4	virus	0.5	1.642349106838181
GSL_+_blue_beads_14_(fitc)	64	197.08	243.9	159.32	1272.3882352941177	1011.6941176470589	0.05553113497694602	0.7571692964778832	85	bacteria	0.5	1.0809566233747625
GSL_+_blue_beads_14_(fitc)	65	202.8	251.05	164.53	156.2111111111111	1126.6222222222223	0.05716346196488179	0.7553052382440545	90	bacteria	0.5	1.0500894468869817
GSL_+_blue_beads_14_(fitc)	66	171.01	212.32	137.65	968.921875	1147.015625	0.04750981658627044	0.7613878600529906	64	bacteria	0.5	1.263459900920655
GSL_+_blue_beads_14_(fitc)	67	162.8	196.75	133.86	2106.362068965517	1179.9137931034484	0.04671270405025772	0.7328916735287083	58	bacteria	0.5	1.2850197687606688
GSL_+_blue_beads_14_(fitc)	68	182.64	217.87	153.53	2414.150684931507	1187.054794520548	0.05077416050209475	0.7095092712790911	73	bacteria	0.5	1.1822302439519656
GSL_+_blue_beads_14_(fitc)	69	195.92	234.67	164.39	1402.892857142857	1213.1190476190477	0.05410600285064593	0.7136383785341924	84	bacteria	0.5	1.1094286214885514
GSL_+_blue_beads_14_(fitc)	70	195.92	235.69	162.59	357.48809523809524	1220.8214285714287	0.05361903657296543	0.7239839954014405	84	bacteria	0.5	1.1195044147270834
GSL_+_blue_beads_14_(fitc)	71	216.95	259.62	181.45	1420.6893203883494	1243.1553398058252	0.05891449186653045	0.7152408889397567	103	bacteria	0.5	1.0188791629203402
GSL_+_blue_beads_14_(fitc)	72	141.8	168.83	120.63	2243.7272727272725	1265.2045454545455	0.04348775254378179	0.6996329405051686	44	bacteria	0.5	1.3803138733466425
GSL_+_blue_beads_14_(fitc)	73	190.0	230.18	156.83	605.0759493670886	1284.493670886076	0.05340963532868895	0.7319825981326722	79	bacteria	0.5	1.1238936155889538
GSL_+_blue_beads_14_(fitc)	74	186.36	223.65	155.04	35.10526315789474	1293.5131578947369	0.051986529538695925	0.720716314433528	76	bacteria	0.5	1.1546596529812039
GSL_+_blue_beads_14_(fitc)	75	210.54	252.27	176.34	1280.4020618556701	1312.9690721649486	0.05827765889031843	0.7151176616831671	97	bacteria	0.5	1.0300130324353143
GSL_+_blue_beads_14_(fitc)	76	219.05	265.7	180.42	1764.5619047619048	1344.4952380952382	0.06146680636777555	0.7341099414167157	105	bacteria	0.5	0.9765717743278952
GSL_+_blue_beads_14_(fitc)	77	186.36	217.99	159.12	1045.0263157894738	1348.157894736842	0.05144204028446551	0.6835082375437423	76	bacteria	0.5	1.1668811700490551
GSL_+_blue_beads_14_(fitc)	78	201.67	244.71	165.8	1980.3483146067415	1379.0	0.05495440051150134	0.735468604737669	89	bacteria	0.5	1.0923010277272485
GSL_+_blue_beads_14_(fitc)	79	187.58	223.52	157.62	1144.948051948052	1400.7272727272727	0.053553327300419666	0.7090180674323175	77	bacteria	0.5	1.1208780328459134
GSL_+_blue_beads_14_(fitc)	80	191.2	234.78	155.35	2012.15	1439.525	0.053121775948224405	0.7497957667686741	80	bacteria	0.5	1.129983835919818
GSL_+_blue_beads_14_(fitc)	81	177.57	215.31	145.61	721.927536231884	1462.463768115942	0.04939290827627789	0.7366274122642533	69	bacteria	0.5	1.2152908231499502
GSL_+_blue_beads_14_(fitc)	82	255.63	300.59	217.36	2099.86013986014	1475.2587412587413	0.06456019191917262	0.6907492479178635	143	bacteria	0.5	0.9297795804572482
GSL_+_blue_beads_14_(fitc)	83	205.04	244.92	172.5	266.5869565217391	1499.695652173913	0.05629956898581627	0.709897520181108	92	bacteria	0.5	1.0662026235399862
GSL_+_blue_beads_14_(fitc)	84	64.13	81.04	50.07	2157.4444444444443	1502.3333333333333	0.03680462902350732	0.7862839356298168	9	virus	0.5	1.6309564788306472
GSL_+_blue_beads_14_(fitc)	85	199.39	245.28	162.51	711.1724137931035	1520.4252873563219	0.05660287997677333	0.7490122959758427	87	bacteria	0.5	1.0604892927971046
GSL_+_blue_beads_14_(fitc)	86	149.64	176.98	126.26	1405.204081632653	1521.8163265306123	0.043962024065943496	0.700741301222503	49	bacteria	0.5	1.365422758215295
GSL_+_blue_beads_14_(fitc)	87	70.9	75.78	65.72	368.45454545454544	1522.6363636363637	0.03690763826451696	0.49792959772250184	11	virus	0.5	1.6264044782989409
GSL_+_blue_beads_14_(fitc)	88	172.34	208.65	142.3	190.03076923076924	1535.553846153846	0.04690432101303525	0.7313190300244499	65	bacteria	0.5	1.2797701120151725
GSL_+_blue_beads_14_(fitc)	89	213.77	259.29	177.01	879.84	1572.49	0.05696183449532345	0.7307352209469419	100	bacteria	0.5	1.0538064423078917
GSL_+_blue_beads_14_(fitc)	90	198.24	244.32	161.25	1868.8255813953488	1589.1860465116279	0.0545673785461694	0.7512705027290556	86	bacteria	0.5	1.1000482294757696
GSL_+_blue_beads_14_(fitc)	91	207.25	256.27	168.01	1161.4468085106382	1615.8191489361702	0.057853572610668806	0.7551325900195477	94	bacteria	0.5	1.0375633767823385
GSL_+_blue_beads_14_(fitc)	92	203.92	249.4	166.78	307.13186813186815	1616.7252747252746	0.05615555336670832	0.743514768849352	91	bacteria	0.5	1.0689369894524885
GSL_+_blue_beads_14_(fitc)	93	195.92	239.77	160.4	1030.4642857142858	1621.0833333333333	0.0538829770916259	0.743274125955617	84	bacteria	0.5	1.114020631316911
GSL_+_blue_beads_14_(fitc)	94	122.8	155.35	98.05	907.060606060606	1647.5757575757575	0.039599355271900914	0.7756595276683288	33	virus	0.5	1.5158516532576425
GSL_+_blue_beads_14_(fitc)	95	181.39	223.96	146.52	585.7222222222222	1665.4305555555557	0.04962599207700448	0.7563262485500261	72	bacteria	0.5	1.2095828344087196
GSL_+_blue_beads_14_(fitc)	96	191.2	221.8	164.84	782.1	1668.9375	0.05239163686838667	0.6690727392868968	80	bacteria	0.5	1.1457314896963664
GSL_+_blue_beads_14_(fitc)	97	178.85	218.87	146.6	1738.9571428571428	1731.6857142857143	0.04896237455936275	0.7425331168438506	70	bacteria	0.5	1.2259770629398372
GSL_+_blue_beads_14_(fitc)	98	190.0	232.27	156.47	354.4177215189873	1732.9493670886077	0.05216941930456007	0.7390635204128201	79	bacteria	0.5	1.150611775193765
GSL_+_blue_beads_14_(fitc)	99	171.01	214.3	136.4	118.4375	1733.90625	0.04715656736103516	0.7712939700606706	64	bacteria	0.5	1.2729244624036617
GSL_+_blue_beads_14_(fitc)	100	177.57	219.61	142.94	1753.1159420289855	1748.6376811594203	0.0497963847968121	0.7591769698079812	69	bacteria	0.5	1.2054438972182289
GSL_+_blue_beads_14_(fitc)	101	260.06	300.05	225.02	1993.9391891891892	1770.5135135135135	0.06388503716793333	0.6615342241167006	148	bacteria	0.5	0.9396057483547614
GSL_+_blue_beads_14_(fitc)	102	198.24	248.11	158.34	545.0348837209302	1770.6046511627908	0.05739673657006144	0.7698787937654784	86	bacteria	0.5	1.0458216223421688
GSL_+_blue_beads_14_(fitc)	103	120.92	142.61	101.37	2067.90625	1774.9375	0.042012510435726534	0.7033422281262138	32	virus	0.5	1.4287827014927033
GSL_+_blue_beads_14_(fitc)	104	191.2	237.23	154.11	1013.5375	1794.75	0.05247192039628791	0.7602531433309977	80	bacteria	0.5	1.1439784879894408
GSL_+_blue_beads_14_(fitc)	105	100.27	136.15	72.79	1637.0	1809.409090909091	0.03822498614814042	0.845085432953203	22	virus	0.5	1.5703536928493549
GSL_+_blue_beads_14_(fitc)	106	113.11	143.2	88.54	1461.75	1830.0357142857142	0.03904823408085738	0.7859066993619369	28	virus	0.5	1.5372461666909198
GSL_+_blue_beads_14_(fitc)	107	213.77	254.36	179.93	1399.86	1834.43	0.05689788241757283	0.7068191165331463	100	bacteria	0.5	1.054990899596442
GSL_+_blue_beads_14_(fitc)	108	206.15	256.33	166.25	1317.8494623655913	1841.8494623655913	0.05660594193098105	0.7611609627159065	93	bacteria	0.5	1.0604319283307333
GSL_+_blue_beads_14_(fitc)	109	178.85	214.81	148.65	253.84285714285716	1844.3857142857144	0.04709383055981393	0.7218883606003081	70	bacteria	0.5	1.2746202091292553
GSL_+_blue_beads_14_(fitc)	110	198.24	235.06	167.22	1302.4186046511627	1852.7674418604652	0.053508649546089186	0.7028057760474361	86	bacteria	0.5	1.1218139247776053
GSL_+_blue_beads_14_(fitc)	111	155.62	193.86	125.21	1183.4150943396226	1868.2075471698113	0.04490882064101235	0.7634306535625616	53	bacteria	0.5	1.33663603942494
GSL_+_blue_beads_14_(fitc)	112	190.0	227.01	159.4	525.9493670886076	1880.3037974683543	0.05244995981839421	0.7119912723736713	79	bacteria	0.5	1.1444574669778174
GSL_+_blue_beads_14_(fitc)	113	138.54	164.71	116.53	1449.2380952380952	1902.595238095238	0.04291256832009648	0.7067024985510376	42	bacteria	0.5	1.3988150909330794
GSL_+_blue_beads_14_(fitc)	114	119.02	141.17	99.86	753.0645161290323	1903.5806451612902	0.04049267384655801	0.7067892436372115	31	virus	0.5	1.4824100869286057
GSL_+_blue_beads_14_(fitc)	115	180.12	222.46	145.91	1173.8450704225352	1909.2112676056338	0.050838260441299854	0.7548378264898886	71	bacteria	0.5	1.1807396168906552
GSL_+_blue_beads_14_(fitc)	116	197.08	233.83	166.01	1821.5058823529412	1923.105882352941	0.052506441821251186	0.7042596065089023	85	bacteria	0.5	1.1432263561335596
GSL_+_blue_beads_14_(fitc)	117	106.88	142.15	80.47	2323.56	1924.6	0.040090311960608166	0.8243350819078898	25	virus	0.5	1.497288128259732
GSL_+_blue_beads_14_(fitc)	118	190.0	225.64	160.3	978.0253164556962	1936.113924050633	0.052914047860603976	0.7037916502132406	79	bacteria	0.5	1.13441988628391
GSL_+_blue_beads_14_(fitc)	119	181.39	220.17	150.48	666.4722222222222	1952.0555555555557	0.050499457210514256	0.7299999444372026	72	bacteria	0.5	1.1886612544490844
GSL_+_blue_beads_14_(fitc)	120	212.69	255.44	177.09	1145.909090909091	1976.1616161616162	0.058989056576887904	0.7206672611345946	99	bacteria	0.5	1.017591255737533
GSL_+_blue_beads_14_(fitc)	121	226.23	268.33	190.48	1417.4642857142858	1984.3125	0.06247441602865945	0.7043317731293061	112	bacteria	0.5	0.9608212764935832
GSL_+_blue_beads_14_(fitc)	122	209.45	251.85	174.25	2094.6666666666665	2027.15625	0.05757417920809371	0.722023182316746	96	bacteria	0.5	1.0425984179451273
GSL_+_blue_beads_14_(fitc)	123	149.64	231.46	98.12	2196.5102040816328	2029.2448979591836	0.05509336005520735	0.9056964918458765	49	virus	0.5	1.0895459651888504
GSL_+_blue_beads_15_(fitc)	1	143.4	168.74	124.41	41.86666666666667	21.488888888888887	0.029892052246776282	0.6755725667807304	45	virus	0.5	0.20171572059774326
GSL_+_blue_beads_15_(fitc)	2	248.37	264.87	235.03	1297.2888888888888	26.20740740740741	0.035079381181451014	0.4611402835232294	135	virus	0.5	0.1718872071293037
GSL_+_blue_beads_15_(fitc)	3	255.63	273.11	240.03	2238.041958041958	66.8041958041958	0.036708988765447946	0.4770793095254582	143	virus	0.5	0.1642566864925267
GSL_+_blue_beads_15_(fitc)	4	223.18	234.05	214.76	2356.770642201835	101.39449541284404	0.034782556178315216	0.39753009249806864	109	virus	0.5	0.17335404644190622
GSL_+_blue_beads_15_(fitc)	5	314.17	366.39	270.46	466.49074074074076	129.7037037037037	0.042980761826522614	0.6745960884460569	216	virus	0.5	0.140288273238169
GSL_+_blue_beads_15_(fitc)	6	149.64	165.13	140.3	1885.734693877551	168.3469387755102	0.0304198788070555	0.5273786506622832	49	virus	0.5	0.19821567657611303
GSL_+_blue_beads_15_(fitc)	7	195.92	228.57	168.31	135.04761904761904	203.88095238095238	0.03400379988794234	0.6765854907844046	84	virus	0.5	0.17732420726431763
GSL_+_blue_beads_15_(fitc)	8	231.22	248.34	219.43	1973.7435897435898	212.76068376068375	0.03411526579095671	0.46825515546233454	117	virus	0.5	0.17674483018983903
GSL_+_blue_beads_15_(fitc)	9	200.53	220.21	185.67	1677.4545454545455	247.0681818181818	0.031457604116161615	0.5376920344008165	88	virus	0.5	0.19167692608878817
GSL_+_blue_beads_15_(fitc)	10	159.97	179.11	144.53	279.375	304.7142857142857	0.03079103462578146	0.5906654527099136	56	virus	0.5	0.19582638038590552
GSL_+_blue_beads_15_(fitc)	11	207.25	227.03	190.96	1856.6382978723404	367.01063829787233	0.03383609522834084	0.5408086532790698	94	virus	0.5	0.17820309401580836
GSL_+_blue_beads_15_(fitc)	12	314.9	328.39	303.5	2279.041474654378	398.29953917050693	0.040464305850276355	0.3819457285536617	217	virus	0.5	0.14901273436926357
GSL_+_blue_beads_15_(fitc)	13	240.9	277.24	210.59	725.6535433070866	411.87401574803147	0.037791860049305376	0.6503864415953727	127	virus	0.5	0.1595501478688053
GSL_+_blue_beads_15_(fitc)	14	171.01	192.93	158.36	1719.5	424.203125	0.03115254909615099	0.5712433288279317	64	virus	0.5	0.19355388351988373
GSL_+_blue_beads_15_(fitc)	15	222.15	250.82	199.62	1043.0648148148148	477.4074074074074	0.033394032249498405	0.6054790244555027	108	virus	0.5	0.18056210804535103
GSL_+_blue_beads_15_(fitc)	16	262.68	293.86	236.14	1390.3377483443708	498.4503311258278	0.03912240712134116	0.5952048335985318	151	virus	0.5	0.1541238717853505
GSL_+_blue_beads_15_(fitc)	17	246.53	273.42	223.69	1460.9473684210527	499.7368421052632	0.038419740920486424	0.5750757759469807	133	virus	0.5	0.15694267360060915
GSL_+_blue_beads_15_(fitc)	18	212.69	236.84	192.2	997.5959595959596	549.8282828282828	0.034468392893708164	0.5843242982387835	99	virus	0.5	0.17493408751890271
GSL_+_blue_beads_15_(fitc)	19	252.93	287.46	224.47	1924.6642857142858	568.9714285714285	0.03818208354538993	0.6246826691901511	140	virus	0.5	0.1579195344836515
GSL_+_blue_beads_15_(fitc)	20	368.4	425.74	320.85	898.047138047138	574.4141414141415	0.04744458925230999	0.6572997974509277	297	virus	0.5	0.12708924145254968
GSL_+_blue_beads_15_(fitc)	21	233.19	264.49	207.23	944.8655462184873	591.7226890756302	0.037574157667760816	0.6213880708752317	119	virus	0.5	0.16047457171015805
GSL_+_blue_beads_15_(fitc)	22	197.08	218.27	178.91	121.04705882352941	631.7176470588236	0.03443126418690988	0.572855890815305	85	virus	0.5	0.1751227264375685
GSL_+_blue_beads_15_(fitc)	23	237.08	264.45	212.89	1414.5772357723577	658.8130081300814	0.038067223588255525	0.5932449869979262	123	virus	0.5	0.15839602394759744
GSL_+_blue_beads_15_(fitc)	24	194.75	228.7	168.23	340.67469879518075	683.3493975903615	0.03390780806533726	0.677415834952065	83	virus	0.5	0.17782620591355214
GSL_+_blue_beads_15_(fitc)	25	231.22	261.2	206.02	1227.7692307692307	742.2905982905983	0.0371311005432089	0.614712382027199	117	virus	0.5	0.16238939247403134
GSL_+_blue_beads_15_(fitc)	26	93.18	119.95	92.12	1929.9473684210527	768.4736842105264	0.02834186572810742	0.6404748860741938	19	virus	0.5	0.21274876244735186
GSL_+_blue_beads_15_(fitc)	27	182.64	211.97	157.59	275.972602739726	783.7123287671233	0.03406755734393399	0.6687938143722941	73	virus	0.5	0.17699234489371177
GSL_+_blue_beads_15_(fitc)	28	244.67	270.91	222.24	1958.4198473282443	788.7709923664122	0.03779964746729729	0.5718555430324618	131	virus	0.5	0.15951727762330364
GSL_+_blue_beads_15_(fitc)	29	246.53	281.32	216.12	1540.3383458646617	805.8496240601504	0.04043283899114389	0.6401808162659967	133	virus	0.5	0.14912870353784874
GSL_+_blue_beads_15_(fitc)	30	109.0	126.92	93.47	63.69230769230769	818.9615384615385	0.029581091395019167	0.6764732827204026	26	virus	0.5	0.20383618638625153
GSL_+_blue_beads_15_(fitc)	31	253.83	281.37	230.12	975.4326241134752	827.0567375886525	0.04140817035604483	0.5754268420351188	141	virus	0.5	0.14561611409675926
GSL_+_blue_beads_15_(fitc)	32	236.11	262.32	212.78	775.9098360655738	847.7950819672132	0.04008483181266723	0.58488037070643	122	virus	0.5	0.15042340422639416
GSL_+_blue_beads_15_(fitc)	33	111.08	130.02	94.42	167.33333333333334	871.8518518518518	0.03013294654668591	0.6875159691660665	27	virus	0.5	0.2001031279752835
GSL_+_blue_beads_15_(fitc)	34	252.93	282.4	227.6	1334.6285714285714	901.4428571428572	0.04237498599154649	0.5920082685423049	140	virus	0.5	0.14229377822819222
GSL_+_blue_beads_15_(fitc)	35	176.28	192.12	162.45	1631.5882352941176	911.2058823529412	0.03327481308667622	0.5338479892388399	68	virus	0.5	0.18120903770059815
GSL_+_blue_beads_15_(fitc)	36	245.6	274.24	220.13	1509.5151515151515	960.8181818181819	0.042705516152356696	0.596399145640661	132	virus	0.5	0.14119245948444345
GSL_+_blue_beads_15_(fitc)	37	148.1	164.97	133.2	976.1875	969.8958333333334	0.030604821317843738	0.5899722522415488	48	virus	0.5	0.19701787494470135
GSL_+_blue_beads_15_(fitc)	38	161.39	174.36	150.17	2313.9298245614036	987.0350877192982	0.03128049518336892	0.5081562543040009	57	virus	0.5	0.19276219330152136
GSL_+_blue_beads_15_(fitc)	39	235.14	272.03	203.73	846.1239669421487	1042.611570247934	0.040152757776960785	0.6626765825467025	121	virus	0.5	0.15016893466190864
GSL_+_blue_beads_15_(fitc)	40	188.79	206.29	172.43	1651.3589743589744	1100.8846153846155	0.03375355836054072	0.5489487967652072	78	virus	0.5	0.1786388503012716
GSL_+_blue_beads_15_(fitc)	41	248.37	280.51	220.32	740.6074074074074	1118.2444444444445	0.04365338443559561	0.6189556048944647	135	virus	0.5	0.1381266753325812
GSL_+_blue_beads_15_(fitc)	42	251.12	282.86	223.6	2101.7753623188405	1124.7971014492753	0.04094451651837287	0.6124452977358967	138	virus	0.5	0.14726506433158604
GSL_+_blue_beads_15_(fitc)	43	130.03	139.47	121.39	1725.972972972973	1154.2702702702702	0.03042813084863353	0.4924072089440765	37	virus	0.5	0.19816192092438864
GSL_+_blue_beads_15_(fitc)	44	226.23	247.34	207.88	2185.1785714285716	1174.1964285714287	0.036104459865340624	0.5419070908157554	112	virus	0.5	0.16700698145306492
GSL_+_blue_beads_15_(fitc)	45	214.83	246.03	187.99	556.0693069306931	1179.2673267326732	0.03947694599495269	0.6451087204607425	101	virus	0.5	0.1527396992633319
GSL_+_blue_beads_15_(fitc)	46	264.41	298.07	234.53	1112.8692810457517	1208.424836601307	0.04399667803804117	0.6171501263612289	153	virus	0.5	0.13704891205400477
GSL_+_blue_beads_15_(fitc)	47	234.17	250.81	219.63	2010.0083333333334	1215.3583333333333	0.03755140504991891	0.4828480192193596	120	virus	0.5	0.16057180419982417
GSL_+_blue_beads_15_(fitc)	48	215.89	243.33	192.52	987.9215686274509	1216.4117647058824	0.0364703251921415	0.6115691197976931	102	virus	0.5	0.16533159019934174
GSL_+_blue_beads_15_(fitc)	49	260.06	286.86	236.81	1958.412162162162	1217.6756756756756	0.04282945481195232	0.5643522884923866	148	virus	0.5	0.1407838807563148
GSL_+_blue_beads_15_(fitc)	50	266.99	293.13	243.65	1323.6923076923076	1296.5833333333333	0.0442047169718941	0.5559703322304455	156	virus	0.5	0.13640392410922172
GSL_+_blue_beads_15_(fitc)	51	192.39	216.72	171.74	1503.0493827160494	1296.1234567901236	0.03368026917876853	0.609921281858166	81	virus	0.5	0.17902757329816377
GSL_+_blue_beads_15_(fitc)	52	164.2	195.84	137.45	292.2542372881356	1306.9830508474577	0.03284253452431524	0.7123516288996943	59	virus	0.5	0.18359413932075594
GSL_+_blue_beads_15_(fitc)	53	514.37	547.49	493.17	1230.9050086355785	1323.9568221070813	0.04398013950245806	0.43427021858399967	579	virus	0.5	0.13710044868700033
GSL_+_blue_beads_15_(fitc)	54	173.66	193.16	156.37	465.43939393939394	1338.7727272727273	0.034638863429506554	0.5870980598332257	66	virus	0.5	0.1740731727926029
GSL_+_blue_beads_15_(fitc)	55	200.53	226.31	179.11	306.75	1370.5113636363637	0.0346760223498015	0.6112513274544725	88	virus	0.5	0.1738866355050202
GSL_+_blue_beads_15_(fitc)	56	226.23	251.47	204.17	2313.625	1398.125	0.03856894915867574	0.5837964515971358	112	virus	0.5	0.15633552353986138
GSL_+_blue_beads_15_(fitc)	57	191.2	214.87	169.92	305.9375	1402.7	0.035324465061338295	0.612084860254689	80	virus	0.5	0.17069464034724233
GSL_+_blue_beads_15_(fitc)	58	226.23	256.08	200.66	43.00892857142857	1430.7767857142858	0.04095308007757891	0.6212701555739033	112	virus	0.5	0.14723427023514699
GSL_+_blue_beads_15_(fitc)	59	243.73	265.6	224.16	1195.6307692307691	1435.5384615384614	0.04171068789104493	0.5364331766775503	130	virus	0.5	0.14455999562640667
GSL_+_blue_beads_15_(fitc)	60	230.23	268.23	197.53	147.54310344827587	1491.3103448275863	0.042462921431048406	0.6765108093400276	116	virus	0.5	0.141999105475937
GSL_+_blue_beads_15_(fitc)	61	223.18	246.24	203.41	1662.1284403669724	1551.6697247706422	0.03789312190303603	0.5636062144957693	109	virus	0.5	0.15912378173889027
GSL_+_blue_beads_15_(fitc)	62	250.21	273.75	228.72	1211.2919708029196	1556.5693430656934	0.04337798010106383	0.5494770228600108	137	virus	0.5	0.13900363375739555
GSL_+_blue_beads_15_(fitc)	63	164.2	180.62	150.26	1833.7627118644068	1573.3050847457628	0.030863551963831785	0.5548695649122781	59	virus	0.5	0.19536626458840245
GSL_+_blue_beads_15_(fitc)	64	221.12	253.48	192.57	467.9065420560748	1588.6822429906542	0.04000247026338592	0.6502853774744233	107	virus	0.5	0.15073311271536202
GSL_+_blue_beads_15_(fitc)	65	209.45	231.97	189.84	585.2395833333334	1589.8125	0.038447110024743644	0.5746610018624307	96	virus	0.5	0.15683095179906367
GSL_+_blue_beads_15_(fitc)	66	211.62	246.43	181.92	308.1224489795918	1590.8163265306123	0.039355251497953776	0.6745693471226448	98	virus	0.5	0.15321200169226143
GSL_+_blue_beads_15_(fitc)	67	238.04	259.54	218.37	845.8790322580645	1600.782258064516	0.044831308161124774	0.5404936323776806	124	virus	0.5	0.13449745515863593
GSL_+_blue_beads_15_(fitc)	68	262.68	294.76	234.68	1659.9337748344371	1633.2980132450332	0.04288416277449045	0.6050409495788757	151	virus	0.5	0.14060428067143288
GSL_+_blue_beads_15_(fitc)	69	212.69	248.85	182.2	142.8080808080808	1645.878787878788	0.04118156625027531	0.6811336125527141	99	virus	0.5	0.14641737573697935
GSL_+_blue_beads_15_(fitc)	70	225.22	254.45	199.73	433.55855855855856	1645.5675675675675	0.04216195124041347	0.6195880287857767	111	virus	0.5	0.14301275632908153
GSL_+_blue_beads_15_(fitc)	71	237.08	263.84	213.11	2293.723577235772	1698.918699186992	0.03975197789285565	0.5895546513380673	123	virus	0.5	0.1516829395346274
GSL_+_blue_beads_15_(fitc)	72	225.22	254.18	201.01	1722.5315315315315	1732.081081081081	0.03783871506313656	0.6120422468148776	111	virus	0.5	0.15935257973329417
GSL_+_blue_beads_15_(fitc)	73	190.0	210.79	172.05	968.3291139240506	1749.3164556962026	0.03661718749798466	0.5777669304971103	79	virus	0.5	0.16466848688025892
GSL_+_blue_beads_15_(fitc)	74	223.18	242.73	205.77	1109.633027522936	1764.348623853211	0.03690431035426869	0.5304035743655227	109	virus	0.5	0.16338733338249248
GSL_+_blue_beads_15_(fitc)	75	200.53	234.12	173.0	1664.8863636363637	1773.159090909091	0.03412129499869962	0.6737694553380746	88	virus	0.5	0.17671359950827373
GSL_+_blue_beads_15_(fitc)	76	209.45	224.85	194.66	1181.3958333333333	1787.4479166666667	0.03330546558381236	0.500452110352426	96	virus	0.5	0.18104226298624437
GSL_+_blue_beads_15_(fitc)	77	124.65	147.14	105.85	77.79411764705883	1841.9705882352941	0.030095554385193984	0.6945985609408039	34	virus	0.5	0.20035174570734204
GSL_+_blue_beads_15_(fitc)	78	219.05	242.31	198.08	443.7238095238095	1861.5428571428572	0.04039094887873249	0.5759664997518738	105	virus	0.5	0.14928336735061834
GSL_+_blue_beads_15_(fitc)	79	207.25	225.77	192.32	2406.553191489362	1867.840425531915	0.03464029079684623	0.5238185355959235	94	virus	0.5	0.17406600003637474
GSL_+_blue_beads_15_(fitc)	80	166.96	189.31	149.06	1133.0655737704917	1874.016393442623	0.03346623728567859	0.6164234969625734	61	virus	0.5	0.1801725365069408
GSL_+_blue_beads_15_(fitc)	81	199.39	214.17	186.77	2201.4712643678163	1881.4942528735633	0.03405227503095293	0.4894359122351229	87	virus	0.5	0.17707177724903778
GSL_+_blue_beads_15_(fitc)	82	144.98	160.19	131.89	1286.9782608695652	1886.8478260869565	0.03141218670529156	0.567608933205413	46	virus	0.5	0.19195406278697977
GSL_+_blue_beads_15_(fitc)	83	233.19	263.49	206.62	264.6890756302521	1909.90756302521	0.0423440266842686	0.6205526481535768	119	virus	0.5	0.1423978145504047
GSL_+_blue_beads_15_(fitc)	84	239.95	256.99	224.16	2178.7619047619046	1955.4285714285713	0.03913837745788242	0.4890254791914816	126	virus	0.5	0.15406098184812447
GSL_+_blue_beads_15_(fitc)	85	60.46	82.95	60.88	2149.625	1969.125	0.02811491990125039	0.6792452337732822	8	virus	0.5	0.21446608705563847
GSL_+_blue_beads_15_(fitc)	86	266.99	293.28	242.91	1603.0448717948718	1993.0192307692307	0.042990273333886796	0.5603828390224839	156	virus	0.5	0.14025723475340177
GSL_+_blue_beads_15_(fitc)	87	239.95	267.05	215.83	2283.65873015873	1992.2063492063492	0.04067850106896793	0.5888898686407381	126	virus	0.5	0.14822809839725617
GSL_+_blue_beads_15_(fitc)	88	275.42	422.79	199.36	1321.7469879518073	2017.0301204819277	0.03670879178382271	0.881845269384315	166	virus	0.5	0.16425756790396762
GSL_+_blue_beads_15_(fitc)	89	168.32	179.0	160.52	1459.032258064516	2018.1129032258063	0.033133809775285857	0.44251777363976474	62	virus	0.5	0.18198018579805308
GSL_+_blue_beads_15_(fitc)	90	201.67	217.11	189.25	1135.4606741573034	2026.0674157303372	0.03772934490614431	0.49010433392120606	89	virus	0.5	0.15981451239355915
GSL_+_blue_beads_16_(fitc)	1	211.62	288.08	159.03	18.459183673469386	19.06122448979592	0.05575915164551365	0.8338190771970433	98	virus	0.5	1.0746426024873705
GSL_+_blue_beads_16_(fitc)	2	233.19	284.0	192.85	2073.672268907563	20.092436974789916	0.03904571048891725	0.7340754102776558	119	bacteria	0.5	1.5346412982760496
GSL_+_blue_beads_16_(fitc)	3	126.47	155.24	118.73	1497.6	23.4	0.028738052325753216	0.6442481043350524	35	bacteria	0.5	2.0850807548681787
GSL_+_blue_beads_16_(fitc)	4	171.01	234.17	148.82	1560.015625	30.625	0.0287392017363874	0.7720945411609288	64	bacteria	0.5	2.084997363060196
GSL_+_blue_beads_16_(fitc)	5	272.08	310.71	238.3	2037.6851851851852	32.39506172839506	0.04942918683720912	0.6417162107156956	162	bacteria	0.5	1.2122627069340235
GSL_+_blue_beads_16_(fitc)	6	56.56	120.76	39.86	1971.4285714285713	31.0	0.02816703356954997	0.9439621198959998	7	bacteria	0.5	2.1273507445810917
GSL_+_blue_beads_16_(fitc)	7	246.53	291.2	210.68	1068.8872180451128	37.721804511278194	0.036378582192833	0.6903314022494852	133	bacteria	0.5	1.6471548978791124
GSL_+_blue_beads_16_(fitc)	8	354.49	529.3	267.73	1578.5054545454545	44.20363636363636	0.029461687945590693	0.8626334829242395	275	virus	0.5	2.0338671683538307
GSL_+_blue_beads_16_(fitc)	9	37.03	43.75	25.26	1592.3333333333333	43.333333333333336	0.02869464304229334	0.8164965807655146	3	virus	0.5	2.088235067029909
GSL_+_blue_beads_16_(fitc)	10	122.8	146.48	117.33	1332.121212121212	50.18181818181818	0.028652232927978853	0.5986906442770912	33	bacteria	0.5	2.091326005461509
GSL_+_blue_beads_16_(fitc)	11	42.75	65.63	26.79	1340.25	51.75	0.028042017406714043	0.9128709291752769	4	bacteria	0.5	2.1368348420779433
GSL_+_blue_beads_16_(fitc)	12	236.11	526.7	197.87	1584.0409836065573	65.02459016393442	0.028452010447979854	0.9267550485688159	122	virus	0.5	2.1060430842445883
GSL_+_blue_beads_16_(fitc)	13	219.05	250.47	193.92	2021.6380952380953	63.628571428571426	0.03753133314102933	0.6329054544904194	105	bacteria	0.5	1.5965635862616563
GSL_+_blue_beads_16_(fitc)	14	274.59	313.71	240.69	392.3454545454546	67.48484848484848	0.05292707326095368	0.6413523141976486	165	bacteria	0.5	1.1321457270343505
GSL_+_blue_beads_16_(fitc)	15	165.58	209.72	147.79	1263.05	71.13333333333334	0.029111432915426762	0.7094884788219425	60	bacteria	0.5	2.05833769883135
GSL_+_blue_beads_16_(fitc)	16	97.96	158.77	110.87	1248.0	71.57142857142857	0.02834503621109626	0.7158280951869437	21	bacteria	0.5	2.1139912960621072
GSL_+_blue_beads_16_(fitc)	17	178.85	217.41	148.32	666.2857142857143	72.64285714285714	0.035969523771093886	0.7311330814151367	70	bacteria	0.5	1.6658869385692856
GSL_+_blue_beads_16_(fitc)	18	52.36	105.98	43.0	1574.1666666666667	71.83333333333333	0.027925998306616948	0.9140061782822776	6	bacteria	0.5	2.1457123637590665
GSL_+_blue_beads_16_(fitc)	19	95.6	153.26	82.9	1495.2	76.85	0.02824133937346886	0.8410909043084736	20	bacteria	0.5	2.121753470839817
GSL_+_blue_beads_16_(fitc)	20	42.75	79.57	22.1	1439.0	77.75	0.027824749416292816	0.9606594016383402	4	bacteria	0.5	2.1535201967258626
GSL_+_blue_beads_16_(fitc)	21	289.97	322.05	261.44	990.1521739130435	89.6086956521739	0.04932951957202726	0.5839316676405354	184	bacteria	0.5	1.21471200929355
GSL_+_blue_beads_16_(fitc)	22	85.51	150.39	81.86	1231.5625	87.125	0.028179404711467765	0.8388981605873885	16	bacteria	0.5	2.126416808671529
GSL_+_blue_beads_16_(fitc)	23	37.03	69.66	15.86	1263.3333333333333	89.0	0.02824295073937322	0.9737231303312587	3	bacteria	0.5	2.1216324168737524
GSL_+_blue_beads_16_(fitc)	24	95.6	137.18	84.74	1267.0	91.85	0.028217519016380394	0.786403070481393	20	bacteria	0.5	2.123544589516826
GSL_+_blue_beads_16_(fitc)	25	327.0	349.78	310.12	1340.111111111111	105.08119658119658	0.04540494589236931	0.46248476486318135	234	virus	0.5	1.319705566412601
GSL_+_blue_beads_16_(fitc)	26	104.72	145.32	97.0	1706.0416666666667	102.125	0.028327852834328482	0.7446233268254325	24	bacteria	0.5	2.1152736208869527
GSL_+_blue_beads_16_(fitc)	27	214.83	294.52	220.51	1251.8316831683169	109.95049504950495	0.028371330179226353	0.6628773009812666	101	bacteria	0.5	2.1120320921962743
GSL_+_blue_beads_16_(fitc)	28	287.59	320.52	259.58	1592.9834254143645	132.65193370165747	0.04488828395014412	0.58658325115614	181	bacteria	0.5	1.3348953126248961
GSL_+_blue_beads_16_(fitc)	29	257.41	295.34	224.5	575.048275862069	134.19310344827585	0.05124442147542171	0.6497533375121242	145	bacteria	0.5	1.1693206423564102
GSL_+_blue_beads_16_(fitc)	30	128.26	162.92	112.42	1178.5833333333333	134.44444444444446	0.02845400679332437	0.7237760672092968	36	bacteria	0.5	2.1058953233567412
GSL_+_blue_beads_16_(fitc)	31	131.77	170.73	112.16	1325.7368421052631	145.92105263157896	0.028908839996329	0.7539137992354279	38	bacteria	0.5	2.0727625129348617
GSL_+_blue_beads_16_(fitc)	32	342.69	354.63	337.48	1403.9221789883268	151.27626459143968	0.043975135459960644	0.30722745739771923	257	virus	0.5	1.3626145595703951
GSL_+_blue_beads_16_(fitc)	33	102.52	179.1	108.32	1376.0	158.3913043478261	0.028274937058250536	0.7963715962482476	23	bacteria	0.5	2.1192322979667937
GSL_+_blue_beads_16_(fitc)	34	52.36	71.81	56.02	1399.6666666666667	165.66666666666666	0.027971574850033556	0.6255524308189788	6	virus	0.5	2.142216166164518
GSL_+_blue_beads_16_(fitc)	35	382.99	426.36	354.11	1168.411214953271	176.7133956386293	0.042832913636313814	0.5569334099932063	321	virus	0.5	1.3989512911870063
GSL_+_blue_beads_16_(fitc)	36	135.2	180.57	130.9	1196.35	180.625	0.028929205108475825	0.6888380018497837	40	bacteria	0.5	2.0713033632322904
GSL_+_blue_beads_16_(fitc)	37	206.15	239.73	177.12	344.6559139784946	203.04301075268816	0.04089275163069379	0.6739028174054125	93	bacteria	0.5	1.4653247200867348
GSL_+_blue_beads_16_(fitc)	38	104.72	128.33	116.74	1219.2083333333333	203.41666666666666	0.028283860090607866	0.4152595665815064	24	virus	0.5	2.1185637195511573
GSL_+_blue_beads_16_(fitc)	39	166.96	214.39	135.06	1816.1639344262296	204.14754098360655	0.03061487177537272	0.7766206623785242	61	bacteria	0.5	1.957256599879822
GSL_+_blue_beads_16_(fitc)	40	234.17	263.31	208.7	158.03333333333333	242.8	0.046682278754148224	0.6097544616011592	120	bacteria	0.5	1.2835954335562099
GSL_+_blue_beads_16_(fitc)	41	256.52	299.62	220.33	441.81944444444446	277.31944444444446	0.051260679409510894	0.6776580950386851	144	bacteria	0.5	1.1689497784086136
GSL_+_blue_beads_16_(fitc)	42	67.6	120.9	76.7	1312.2	276.3	0.028169379326363098	0.7729657476446358	10	bacteria	0.5	2.127173593091696
GSL_+_blue_beads_16_(fitc)	43	67.6	110.38	82.26	962.1	293.7	0.028067446006947862	0.6668153827831351	10	bacteria	0.5	2.1348989082223495
GSL_+_blue_beads_16_(fitc)	44	56.56	107.49	42.49	1330.142857142857	296.2857142857143	0.028071627689951677	0.9185501893302691	7	bacteria	0.5	2.1345808835399915
GSL_+_blue_beads_16_(fitc)	45	202.8	237.59	177.7	1207.8333333333333	309.25555555555553	0.030432185999910186	0.6637813369315646	90	bacteria	0.5	1.969006098904613
GSL_+_blue_beads_16_(fitc)	46	198.24	237.27	170.55	1183.1162790697674	318.0232558139535	0.030621067420381284	0.69521536787292	86	bacteria	0.5	1.9568605827548458
GSL_+_blue_beads_16_(fitc)	47	253.83	290.05	222.91	313.36879432624113	333.0851063829787	0.05146401853354232	0.639806569624397	141	bacteria	0.5	1.1643311491069894
GSL_+_blue_beads_16_(fitc)	48	310.51	334.05	294.79	1465.0142180094788	351.957345971564	0.04344752723424604	0.47036544345522546	211	virus	0.5	1.3791615691673222
GSL_+_blue_beads_16_(fitc)	49	183.89	201.13	177.2	1088.7297297297298	353.85135135135135	0.029764754631440217	0.473130899203932	74	virus	0.5	2.0131581993129757
GSL_+_blue_beads_16_(fitc)	50	70.9	102.64	74.19	1047.2727272727273	367.3636363636364	0.028221239680605095	0.6910442598107165	11	bacteria	0.5	2.123264623205169
GSL_+_blue_beads_16_(fitc)	51	185.13	210.99	171.94	1349.6266666666668	378.8	0.030495264692010884	0.5795987752635852	75	bacteria	0.5	1.964933259048603
GSL_+_blue_beads_16_(fitc)	52	281.98	312.35	254.5	1777.655172413793	390.95402298850576	0.0501104878880334	0.5797779096202923	174	bacteria	0.5	1.19578081080971
GSL_+_blue_beads_16_(fitc)	53	251.12	297.69	212.2	2017.159420289855	404.10869565217394	0.04805958482433428	0.701329566282583	138	bacteria	0.5	1.2468097686620572
GSL_+_blue_beads_16_(fitc)	54	100.27	133.49	101.6	1416.5454545454545	415.27272727272725	0.028488848404285352	0.64859267976371	22	bacteria	0.5	2.1033198319033937
GSL_+_blue_beads_16_(fitc)	55	143.4	167.14	125.32	427.53333333333336	426.4	0.03175349875426142	0.6616577456806312	45	bacteria	0.5	1.8870726750632834
GSL_+_blue_beads_16_(fitc)	56	272.08	302.73	246.13	70.4074074074074	451.2901234567901	0.050804390694796926	0.5822047839957901	162	bacteria	0.5	1.1794484495797624
GSL_+_blue_beads_16_(fitc)	57	42.75	53.58	32.81	1318.0	448.75	0.02796086015783234	0.7905694150420949	4	bacteria	0.5	2.1430370703398314
GSL_+_blue_beads_16_(fitc)	58	161.39	206.95	145.95	1118.7543859649122	464.0	0.02919813355953323	0.7089500773086722	57	bacteria	0.5	2.0522256915719326
GSL_+_blue_beads_16_(fitc)	59	152.66	175.43	143.61	1203.0588235294117	482.078431372549	0.02907152256136994	0.5743223550230225	51	bacteria	0.5	2.061163453352994
GSL_+_blue_beads_16_(fitc)	60	242.79	276.26	213.24	569.5581395348837	488.14728682170545	0.04424934361386062	0.6357808430682752	129	bacteria	0.5	1.3541705919916311
GSL_+_blue_beads_16_(fitc)	61	85.51	125.06	96.92	1220.0	491.125	0.02822655930066724	0.6320372870194185	16	bacteria	0.5	2.122864469542566
GSL_+_blue_beads_16_(fitc)	62	60.46	119.82	58.39	1545.625	494.875	0.02831717207502603	0.873212459828649	8	bacteria	0.5	2.116071466390157
GSL_+_blue_beads_16_(fitc)	63	194.75	226.8	167.49	569.3012048192771	517.7951807228916	0.036824532528382484	0.6742607471896832	83	bacteria	0.5	1.6272076173849197
GSL_+_blue_beads_16_(fitc)	64	211.62	236.65	188.74	240.58163265306123	550.5816326530612	0.039654471153555304	0.6032893837738265	98	bacteria	0.5	1.511082056920847
GSL_+_blue_beads_16_(fitc)	65	77.07	97.33	69.26	1678.6153846153845	554.4615384615385	0.02867726620747734	0.7025982251985203	13	bacteria	0.5	2.0895004218079487
GSL_+_blue_beads_16_(fitc)	66	518.36	823.88	366.84	1081.607142857143	579.4081632653061	0.04212297607327131	0.8954011726968497	588	virus	0.5	1.4225291141013436
GSL_+_blue_beads_16_(fitc)	67	60.46	84.72	44.43	1353.875	577.375	0.02833544167664014	0.85146931829632	8	bacteria	0.5	2.1147071049971315
GSL_+_blue_beads_16_(fitc)	68	42.75	88.66	19.83	1352.5	580.25	0.028299171670810568	0.9746687158738291	4	bacteria	0.5	2.117417447190829
GSL_+_blue_beads_16_(fitc)	69	296.2	310.74	284.26	886.640625	593.6770833333334	0.04649489118554831	0.4039131914679533	192	virus	0.5	1.288768686385218
GSL_+_blue_beads_16_(fitc)	70	77.07	131.87	71.91	1185.0	593.6153846153846	0.028361003205022974	0.8382230778647121	13	bacteria	0.5	2.112801137662514
GSL_+_blue_beads_16_(fitc)	71	317.07	327.17	311.74	847.8909090909091	607.3590909090909	0.047522757277801114	0.30344654610597965	220	virus	0.5	1.2608940067712187
GSL_+_blue_beads_16_(fitc)	72	222.15	255.97	196.74	1300.6296296296296	615.0925925925926	0.03216471282759007	0.6397177082217347	108	bacteria	0.5	1.8629471420439325
GSL_+_blue_beads_16_(fitc)	73	302.31	333.81	274.74	1737.82	629.335	0.04963898469227666	0.5679899748826288	200	bacteria	0.5	1.2071391106866431
GSL_+_blue_beads_16_(fitc)	74	140.18	166.75	130.94	1286.093023255814	627.9767441860465	0.029136800924960248	0.6191818997731982	43	bacteria	0.5	2.056545603312643
GSL_+_blue_beads_16_(fitc)	75	178.85	214.22	154.96	1360.1285714285714	643.7142857142857	0.030675317854774446	0.6904420584064548	70	bacteria	0.5	1.9533998024244217
GSL_+_blue_beads_16_(fitc)	76	191.2	361.15	136.98	959.75	651.075	0.028946919750404025	0.9252776547047679	80	virus	0.5	2.0700357880387736
GSL_+_blue_beads_16_(fitc)	77	37.03	69.66	15.86	971.3333333333334	651.0	0.028258175571222607	0.9737231304065309	3	bacteria	0.5	2.1204893318677267
GSL_+_blue_beads_16_(fitc)	78	37.03	69.66	15.86	1329.0	665.6666666666666	0.028092280262710063	0.9737231303459101	3	bacteria	0.5	2.1330116059094926
GSL_+_blue_beads_16_(fitc)	79	178.85	211.64	152.58	1767.9285714285713	673.4285714285714	0.032901745261302955	0.6929813827663642	70	bacteria	0.5	1.821215238308297
GSL_+_blue_beads_16_(fitc)	80	250.21	278.27	226.36	1120.5620437956204	723.4744525547445	0.03554401904658142	0.5816465377193989	137	bacteria	0.5	1.6858296119607183
GSL_+_blue_beads_16_(fitc)	81	246.53	278.5	218.83	412.1578947368421	766.7368421052631	0.04623138879965598	0.618558360526474	133	bacteria	0.5	1.2961142070918845
GSL_+_blue_beads_16_(fitc)	82	93.18	117.91	84.61	1217.0	765.2631578947369	0.028448846310656608	0.6965097689216095	19	bacteria	0.5	2.1062773225491735
GSL_+_blue_beads_16_(fitc)	83	165.58	196.49	139.2	788.6333333333333	770.0333333333333	0.030987319515368202	0.7057999622095992	60	bacteria	0.5	1.9337316287426785
GSL_+_blue_beads_16_(fitc)	84	214.83	238.28	193.73	238.43564356435644	797.3861386138614	0.04091416920848135	0.5822289703803507	101	bacteria	0.5	1.4645576580448152
GSL_+_blue_beads_16_(fitc)	85	360.88	380.42	343.84	1272.9052631578948	842.880701754386	0.0455771272186577	0.427912357072588	285	virus	0.5	1.3147199811288914
GSL_+_blue_beads_16_(fitc)	86	230.23	256.58	210.29	1364.1637931034484	858.3793103448276	0.03324454913275006	0.5729707748287339	116	bacteria	0.5	1.8024356292981836
GSL_+_blue_beads_16_(fitc)	87	270.4	425.86	182.91	1152.53125	862.3	0.02957900155427214	0.9030667607987315	160	virus	0.5	2.0258006250440266
GSL_+_blue_beads_16_(fitc)	88	605.0	975.84	426.3	1149.0436953807741	892.1086142322098	0.0303526005515587	0.8995315008536355	801	virus	0.5	1.9741688932069317
GSL_+_blue_beads_16_(fitc)	89	205.04	222.94	189.92	1960.8260869565217	898.5	0.03547856703072931	0.5237318682293819	92	virus	0.5	1.688939685329534
GSL_+_blue_beads_16_(fitc)	90	166.96	196.23	143.84	444.9016393442623	899.327868852459	0.0326042321203103	0.68022092247653	61	bacteria	0.5	1.8378338007076014
GSL_+_blue_beads_16_(fitc)	91	288.39	305.65	273.65	756.489010989011	909.8956043956044	0.04740311986690015	0.44546777085828176	182	virus	0.5	1.264076288756333
GSL_+_blue_beads_16_(fitc)	92	226.23	264.21	194.63	2310.8839285714284	915.0267857142857	0.04547165771581669	0.6762781158148776	112	bacteria	0.5	1.3177694160901459
GSL_+_blue_beads_16_(fitc)	93	162.8	185.58	144.57	1307.896551724138	984.7241379310345	0.031266628446013994	0.6270012479910543	58	bacteria	0.5	1.916457348136676
GSL_+_blue_beads_16_(fitc)	94	120.92	140.82	122.72	1095.03125	992.78125	0.028824454675792102	0.49050032399130844	32	virus	0.5	2.078830649557678
GSL_+_blue_beads_16_(fitc)	95	218.0	258.44	184.23	1960.8461538461538	1015.1442307692307	0.04352175373035502	0.7012940296036351	104	bacteria	0.5	1.3768094045123382
GSL_+_blue_beads_16_(fitc)	96	225.22	257.6	197.21	360.0990990990991	1026.063063063063	0.04165888578910364	0.643326099458736	111	bacteria	0.5	1.438376440027011
GSL_+_blue_beads_16_(fitc)	97	243.73	269.83	222.67	774.8692307692307	1027.876923076923	0.039111988583194535	0.5648299027174839	130	bacteria	0.5	1.5320407375698968
GSL_+_blue_beads_16_(fitc)	98	277.9	291.97	266.34	660.5384615384615	1059.8579881656806	0.04651609073235264	0.40972507121910917	169	virus	0.5	1.288181334532196
GSL_+_blue_beads_16_(fitc)	99	155.62	182.84	132.94	581.6415094339623	1089.8301886792453	0.03248426070499667	0.6865215170054294	53	bacteria	0.5	1.8446213192595688
GSL_+_blue_beads_16_(fitc)	100	295.43	305.12	286.87	1603.9528795811518	1095.2670157068062	0.04906923788270564	0.3406748763966667	191	virus	0.5	1.2211552985611345
GSL_+_blue_beads_16_(fitc)	101	242.79	271.17	225.93	1892.0	1096.3875968992247	0.030367150366940553	0.5529999857833628	129	bacteria	0.5	1.973223009494378
GSL_+_blue_beads_16_(fitc)	102	289.18	312.72	268.72	1838.3333333333333	1105.8524590163934	0.05138559319820937	0.5114647408585746	183	bacteria	0.5	1.1661081658761663
GSL_+_blue_beads_16_(fitc)	103	266.99	288.78	247.77	178.98076923076923	1126.326923076923	0.04709734609456979	0.5136675559786539	156	bacteria	0.5	1.2722831498085516
GSL_+_blue_beads_16_(fitc)	104	188.79	214.44	167.75	361.84615384615387	1126.7948717948718	0.03427184286129132	0.6229197492742821	78	bacteria	0.5	1.7484078717138756
GSL_+_blue_beads_16_(fitc)	105	244.67	277.36	216.74	2204.320610687023	1172.3587786259543	0.04765196404393584	0.6240110528249058	131	bacteria	0.5	1.2574751332720413
GSL_+_blue_beads_16_(fitc)	106	276.25	313.38	243.83	2155.2874251497005	1173.994011976048	0.05408592196965696	0.6281951152997451	167	bacteria	0.5	1.1078882943040045
GSL_+_blue_beads_16_(fitc)	107	246.53	273.26	223.79	650.5338345864661	1190.0676691729323	0.04346002563352187	0.5738232559974373	133	bacteria	0.5	1.378764944643842
GSL_+_blue_beads_16_(fitc)	108	258.29	289.06	231.18	2210.9657534246576	1192.5205479452054	0.050818632614229045	0.6003044220383439	146	bacteria	0.5	1.1791179092064947
GSL_+_blue_beads_16_(fitc)	109	254.73	276.37	237.43	281.1901408450704	1199.4366197183099	0.04390136072458046	0.5117819464039681	142	bacteria	0.5	1.3649043867397204
GSL_+_blue_beads_16_(fitc)	110	236.11	269.87	207.24	1997.6967213114754	1250.844262295082	0.044202085770223554	0.6405235026776231	122	bacteria	0.5	1.3556183784700095
GSL_+_blue_beads_16_(fitc)	111	260.06	281.04	243.63	1114.972972972973	1297.054054054054	0.043868577149574275	0.49854875850303865	148	virus	0.5	1.3659243980609534
GSL_+_blue_beads_16_(fitc)	112	106.88	144.38	84.17	1808.48	1300.84	0.029231052793955534	0.812485906367867	25	bacteria	0.5	2.0499145295654
GSL_+_blue_beads_16_(fitc)	113	272.08	298.84	249.29	2273.6481481481483	1308.567901234568	0.05048458070982016	0.5514894558113138	162	bacteria	0.5	1.1869200257647576
GSL_+_blue_beads_16_(fitc)	114	265.28	291.95	242.77	599.538961038961	1316.155844155844	0.04534462851880198	0.5554710378862494	154	bacteria	0.5	1.3214610372643512
GSL_+_blue_beads_16_(fitc)	115	242.79	280.94	209.78	2361.3488372093025	1320.2248062015503	0.04873788106865277	0.6651572258639218	129	bacteria	0.5	1.2294576317837262
GSL_+_blue_beads_16_(fitc)	116	322.78	331.93	316.09	86.42105263157895	1417.1447368421052	0.05022783989518347	0.3051966626843018	228	virus	0.5	1.1929869960935509
GSL_+_blue_beads_16_(fitc)	117	280.35	295.38	268.18	992.8313953488372	1417.953488372093	0.046450786916281676	0.4191533376335064	172	virus	0.5	1.2899923513635783
GSL_+_blue_beads_16_(fitc)	118	270.4	290.12	254.1	337.3	1443.40625	0.04380041026277806	0.48261373968521554	160	virus	0.5	1.3680501958161844
GSL_+_blue_beads_16_(fitc)	119	250.21	281.12	223.35	2209.4160583941607	1443.4963503649635	0.04997157646338669	0.6072786855895257	137	bacteria	0.5	1.1991048527501618
GSL_+_blue_beads_16_(fitc)	120	229.24	260.18	203.21	1534.1565217391305	1462.713043478261	0.041216798907881505	0.6244990472026696	115	bacteria	0.5	1.4538043085477115
GSL_+_blue_beads_16_(fitc)	121	283.59	312.58	257.99	2009.7045454545455	1467.1988636363637	0.04887159411778122	0.5646326971856833	176	bacteria	0.5	1.2260938264549324
GSL_+_blue_beads_16_(fitc)	122	60.46	104.44	50.5	1985.875	1483.375	0.02841668863308928	0.8753105621676175	8	bacteria	0.5	2.1086608862317853
GSL_+_blue_beads_16_(fitc)	123	289.18	314.67	266.82	2009.3879781420765	1492.8524590163934	0.050248545798937436	0.5301112080455037	183	bacteria	0.5	1.1924954022866436
GSL_+_blue_beads_16_(fitc)	124	303.82	310.92	298.12	637.5891089108911	1528.2970297029703	0.047392362139029635	0.2839497667193209	202	virus	0.5	1.2643632250496142
GSL_+_blue_beads_16_(fitc)	125	276.25	287.89	268.41	60.532934131736525	1529.0	0.047867099134339085	0.3615586057595767	167	virus	0.5	1.2518235055074867
GSL_+_blue_beads_16_(fitc)	126	306.81	327.6	288.19	1175.0679611650485	1556.2281553398059	0.04741540755811577	0.4755320217932886	206	virus	0.5	1.263748703696768
GSL_+_blue_beads_16_(fitc)	127	277.9	305.38	253.8	1825.284023668639	1559.7455621301774	0.053628881214077675	0.5561061511084768	169	bacteria	0.5	1.117330037104957
GSL_+_blue_beads_16_(fitc)	128	128.26	155.85	108.25	2039.4722222222222	1556.9166666666667	0.030435064481663616	0.7194249708818183	36	bacteria	0.5	1.9688198746194139
GSL_+_blue_beads_16_(fitc)	129	279.54	300.69	260.3	1104.1169590643274	1574.6900584795321	0.04677310358658469	0.5006113867843826	171	virus	0.5	1.2811029254430133
GSL_+_blue_beads_16_(fitc)	130	288.39	308.93	270.6	388.8021978021978	1601.6593406593406	0.046654456818269394	0.48243233970813354	182	virus	0.5	1.2843608933275212
GSL_+_blue_beads_16_(fitc)	131	241.85	274.05	213.15	1372.609375	1611.0703125	0.04364466570458078	0.628530305912263	128	bacteria	0.5	1.3729320380734096
GSL_+_blue_beads_16_(fitc)	132	254.73	283.23	229.32	1186.4225352112676	1616.5070422535211	0.04878327334394837	0.5868760545761259	142	bacteria	0.5	1.2283136355846043
GSL_+_blue_beads_16_(fitc)	133	245.6	275.16	220.3	1862.2878787878788	1637.3257575757575	0.04335405587848173	0.5991810300552585	132	bacteria	0.5	1.3821350418696097
GSL_+_blue_beads_16_(fitc)	134	282.79	309.51	259.21	2351.285714285714	1644.3428571428572	0.05020685713563248	0.5464482867056739	175	bacteria	0.5	1.1934855765806518
GSL_+_blue_beads_16_(fitc)	135	312.71	338.06	290.16	1904.4065420560748	1661.5420560747664	0.05204305461239634	0.5131615556469901	214	bacteria	0.5	1.1513766876886946
GSL_+_blue_beads_16_(fitc)	136	274.59	301.14	251.73	1341.9939393939394	1668.090909090909	0.04716228836664618	0.5488387709685488	165	bacteria	0.5	1.2705312212797504
GSL_+_blue_beads_16_(fitc)	137	210.54	251.74	176.3	2161.020618556701	1687.0618556701031	0.03822325075966388	0.7138251622916774	97	bacteria	0.5	1.5676625782979234
GSL_+_blue_beads_16_(fitc)	138	324.9	341.14	310.2	1937.6969696969697	1693.6883116883116	0.05163622952350788	0.4161367241820823	231	virus	0.5	1.1604480108204467
GSL_+_blue_beads_16_(fitc)	139	378.79	408.74	352.32	398.8216560509554	1716.1210191082803	0.04951301244536419	0.5069554267680068	314	virus	0.5	1.2102103442593715
GSL_+_blue_beads_16_(fitc)	140	113.11	134.72	100.4	1609.9642857142858	1724.607142857143	0.03072815237256962	0.6667966526953739	28	virus	0.5	1.9500410929461904
GSL_+_blue_beads_16_(fitc)	141	280.35	307.93	256.02	2357.5755813953488	1734.1453488372092	0.05000245902724931	0.5556258372840479	172	bacteria	0.5	1.19836426052903
GSL_+_blue_beads_16_(fitc)	142	285.2	298.48	276.4	157.17415730337078	1774.691011235955	0.04882436310566085	0.37747177004261473	178	virus	0.5	1.227279907515584
GSL_+_blue_beads_16_(fitc)	143	74.05	124.16	94.61	1329.0	1835.9166666666667	0.02812378535359318	0.6475952524790876	12	bacteria	0.5	2.1306221436214674
GSL_+_blue_beads_16_(fitc)	144	270.4	294.65	249.51	2211.93125	1865.4375	0.049745938183365694	0.5319047132108615	160	bacteria	0.5	1.204543768296232
GSL_+_blue_beads_16_(fitc)	145	410.07	429.82	392.45	1936.5298913043478	1871.0896739130435	0.05138694156378105	0.407788150950834	368	virus	0.5	1.1660775678281823
GSL_+_blue_beads_16_(fitc)	146	291.54	306.51	278.44	991.3010752688172	1893.6989247311828	0.04653422323882014	0.41802349418962986	186	virus	0.5	1.2876793823182342
GSL_+_blue_beads_16_(fitc)	147	37.03	69.66	15.86	1807.0	1912.3333333333333	0.02784042656476059	0.9737231303252731	3	bacteria	0.5	2.152307533702403
GSL_+_blue_beads_16_(fitc)	148	133.5	166.81	109.08	360.05128205128204	1916.051282051282	0.030900225972118552	0.756563673159562	39	bacteria	0.5	1.9391819299603161
GSL_+_blue_beads_16_(fitc)	149	205.04	239.73	176.27	2154.7391304347825	1978.5434782608695	0.03741305162812602	0.6777497405041056	92	bacteria	0.5	1.601611128448442
GSL_+_blue_beads_16_(fitc)	150	229.24	265.93	198.41	667.3565217391305	2000.5652173913043	0.03759993374577998	0.6658193280677404	115	bacteria	0.5	1.5936506761410976
GSL_+_blue_beads_16_(fitc)	151	169.67	195.75	150.23	995.3492063492064	2003.4761904761904	0.032269941487390756	0.6410951771257343	63	bacteria	0.5	1.856872280361478
GSL_+_blue_beads_16_(fitc)	152	296.2	319.89	275.73	1925.65625	2007.7864583333333	0.049416725378548854	0.5069892220213158	192	bacteria	0.5	1.2125684042762113
GSL_+_blue_beads_16_(fitc)	153	252.93	282.24	226.77	1105.7071428571428	2008.4857142857143	0.04311337091729326	0.5953444252937243	140	bacteria	0.5	1.3898509571838578
GSL_+_blue_beads_16_(fitc)	154	354.49	382.08	330.02	629.5563636363636	2016.9418181818182	0.049770026382739266	0.5039160975334696	275	virus	0.5	1.203960781053634
GSL_+_blue_beads_16_(fitc)	155	251.12	282.95	224.71	677.2101449275362	2018.4927536231885	0.03954727796631376	0.6077017361019614	138	bacteria	0.5	1.5151778559288807
GSL_+_blue_beads_16_(fitc)	156	258.29	318.6	215.53	753.6986301369863	2026.7260273972602	0.048523965388287925	0.7364577240259569	146	bacteria	0.5	1.2348776394784446
GSL_+_blue_beads_17_(fitc)	1	149.64	268.82	90.08	495.1020408163265	17.367346938775512	0.04100804243499162	0.9421909857839271	49	virus	0.5	1.4344696960906487
GSL_+_blue_beads_17_(fitc)	2	186.36	223.13	156.92	470.60526315789474	27.13157894736842	0.030728158849159103	0.7109046806737408	76	bacteria	0.5	1.9143611713854647
GSL_+_blue_beads_17_(fitc)	3	252.03	281.99	225.81	1422.4604316546763	30.899280575539567	0.04823713930394093	0.5989982385629556	139	bacteria	0.5	1.2194917654287372
GSL_+_blue_beads_17_(fitc)	4	193.57	223.08	167.63	1820.841463414634	33.01219512195122	0.032316532566814216	0.6598062626393607	82	bacteria	0.5	1.8202693635950882
GSL_+_blue_beads_17_(fitc)	5	221.12	253.31	193.46	221.0841121495327	46.495327102803735	0.036210951487131944	0.6455472019817423	107	bacteria	0.5	1.6245028576478873
GSL_+_blue_beads_17_(fitc)	6	241.85	280.84	208.26	502.8359375	92.8828125	0.04624113580215551	0.6708958521316332	128	bacteria	0.5	1.2721312560461104
GSL_+_blue_beads_17_(fitc)	7	70.9	83.24	66.07	982.0909090909091	99.54545454545455	0.024304968795984202	0.6083335284668955	11	bacteria	0.5	2.4202785308127694
GSL_+_blue_beads_17_(fitc)	8	178.85	204.97	156.35	1104.2285714285715	125.65714285714286	0.02903930305383425	0.6466449913249684	70	bacteria	0.5	2.0256957978620576
GSL_+_blue_beads_17_(fitc)	9	209.45	214.35	206.02	2141.7916666666665	198.04166666666666	0.030374560082853195	0.2760911424388763	96	virus	0.5	1.9366467862756689
GSL_+_blue_beads_17_(fitc)	10	74.05	100.37	55.91	1342.6666666666667	206.91666666666666	0.024632662113830875	0.8305071931524749	12	bacteria	0.5	2.388081072892467
GSL_+_blue_beads_17_(fitc)	11	158.53	186.28	138.11	21.163636363636364	213.56363636363636	0.027873123285298347	0.671097831549079	55	bacteria	0.5	2.110448605521791
GSL_+_blue_beads_17_(fitc)	12	257.41	288.66	229.57	1518.9448275862069	240.35862068965517	0.04689788476827752	0.6062173817454058	145	bacteria	0.5	1.2543165743966536
GSL_+_blue_beads_17_(fitc)	13	244.67	278.37	215.38	454.01526717557255	263.2748091603053	0.04450433670111056	0.6335435468407005	131	bacteria	0.5	1.3217766745757822
GSL_+_blue_beads_17_(fitc)	14	252.03	286.03	222.73	270.71223021582733	294.48920863309354	0.04688426892652287	0.6273688510561319	139	bacteria	0.5	1.2546808453211715
GSL_+_blue_beads_17_(fitc)	15	240.9	276.92	209.96	1902.9606299212599	312.8267716535433	0.044224676506568306	0.6520224192605232	127	bacteria	0.5	1.3301350923450648
GSL_+_blue_beads_17_(fitc)	16	263.55	296.32	234.7	1715.0394736842106	316.6513157894737	0.048864047128715095	0.6104731194987938	152	bacteria	0.5	1.2038461328027472
GSL_+_blue_beads_17_(fitc)	17	236.11	271.24	205.4	2096.532786885246	321.22131147540983	0.04302958686351071	0.6531127799697636	122	bacteria	0.5	1.3670778284622238
GSL_+_blue_beads_17_(fitc)	18	240.9	276.97	209.72	72.66141732283465	338.73228346456693	0.04420192680122464	0.6532217996162516	127	bacteria	0.5	1.3308196819909914
GSL_+_blue_beads_17_(fitc)	19	249.29	287.06	216.76	111.08823529411765	442.56617647058823	0.046128592703286474	0.6555990129320265	136	bacteria	0.5	1.2752349621280301
GSL_+_blue_beads_17_(fitc)	20	136.88	162.47	118.96	1440.2439024390244	469.4146341463415	0.027159639212081508	0.6810708719543641	41	bacteria	0.5	2.1658901176723893
GSL_+_blue_beads_17_(fitc)	21	220.09	255.75	189.14	931.2264150943396	516.3867924528302	0.037108328398720705	0.6731077751245469	106	bacteria	0.5	1.5852181089090183
GSL_+_blue_beads_17_(fitc)	22	223.18	250.95	198.59	2036.2293577981652	524.651376146789	0.038673660669889504	0.6113466391661603	109	bacteria	0.5	1.5210557560379743
GSL_+_blue_beads_17_(fitc)	23	183.89	206.6	164.62	2345.6216216216217	536.3108108108108	0.03263689829119824	0.604206708795345	74	bacteria	0.5	1.8024014918372058
GSL_+_blue_beads_17_(fitc)	24	263.55	297.11	233.75	673.9013157894736	541.4407894736842	0.0476671684344559	0.6172888402372936	152	bacteria	0.5	1.2340736003625032
GSL_+_blue_beads_17_(fitc)	25	232.21	269.55	199.91	1887.322033898305	547.3389830508474	0.04070396111085258	0.6707862802827979	118	bacteria	0.5	1.4451859859238823
GSL_+_blue_beads_17_(fitc)	26	195.92	220.73	173.76	503.9166666666667	557.9761904761905	0.03259892744470562	0.6167109064249675	84	bacteria	0.5	1.8045009078526775
GSL_+_blue_beads_17_(fitc)	27	117.08	131.89	104.87	655.1666666666666	609.8333333333334	0.02579364331726875	0.6064856033556357	30	bacteria	0.5	2.280592681128217
GSL_+_blue_beads_17_(fitc)	28	151.16	165.22	140.26	1696.3	678.48	0.027537577252981404	0.5285243888859298	50	bacteria	0.5	2.1361644718627555
GSL_+_blue_beads_17_(fitc)	29	289.97	332.78	253.45	2413.6141304347825	685.429347826087	0.05084267007888171	0.6480392850599485	184	bacteria	0.5	1.1569965558010424
GSL_+_blue_beads_17_(fitc)	30	221.12	253.86	193.32	537.1775700934579	699.8504672897196	0.036992519447851376	0.6481405463354412	107	bacteria	0.5	1.5901807999836453
GSL_+_blue_beads_17_(fitc)	31	256.52	286.25	230.19	2182.7430555555557	734.1875	0.04531861973713873	0.5944134142466087	144	bacteria	0.5	1.29802704738573
GSL_+_blue_beads_17_(fitc)	32	239.95	263.34	219.45	638.1746031746031	743.2936507936508	0.041602637587674185	0.5527667499167477	126	bacteria	0.5	1.4139679015549524
GSL_+_blue_beads_17_(fitc)	33	154.15	181.21	132.17	1481.2307692307693	746.6153846153846	0.028348781902754742	0.6841041318404409	52	bacteria	0.5	2.07503780482641
GSL_+_blue_beads_17_(fitc)	34	113.11	130.04	98.55	1837.3214285714287	767.7142857142857	0.02563051155967575	0.6524412929535799	28	bacteria	0.5	2.2951080797600376
GSL_+_blue_beads_17_(fitc)	35	224.2	249.64	202.23	2407.172727272727	783.3090909090909	0.03861947169828535	0.5862709050868791	110	bacteria	0.5	1.5231900277808976
GSL_+_blue_beads_17_(fitc)	36	234.17	267.86	204.96	2142.141666666667	802.1916666666667	0.041830103082204126	0.6438095935788714	120	bacteria	0.5	1.4062789674075848
GSL_+_blue_beads_17_(fitc)	37	258.29	289.9	229.88	305.986301369863	803.4794520547945	0.0463551479416954	0.609267987014727	146	bacteria	0.5	1.2690024038534733
GSL_+_blue_beads_17_(fitc)	38	90.69	121.3	74.57	1915.888888888889	808.8888888888889	0.02517624865909822	0.7887239752853377	18	bacteria	0.5	2.3365194300993166
GSL_+_blue_beads_17_(fitc)	39	212.69	236.98	191.24	63.74747474747475	845.4141414141415	0.03461391781906289	0.5905588997026501	99	bacteria	0.5	1.6994549555612088
GSL_+_blue_beads_17_(fitc)	40	228.24	261.79	199.04	903.8771929824561	862.6228070175439	0.03850343018265785	0.6495368430802128	114	bacteria	0.5	1.527780613050155
GSL_+_blue_beads_17_(fitc)	41	195.92	221.51	173.85	789.1547619047619	862.9642857142857	0.034153170052795334	0.6197338922937246	84	bacteria	0.5	1.722381672859683
GSL_+_blue_beads_17_(fitc)	42	254.73	281.87	230.54	20.492957746478872	911.5211267605633	0.045690803092436075	0.5753882040381222	142	bacteria	0.5	1.2874537147002578
GSL_+_blue_beads_17_(fitc)	43	238.04	272.48	207.61	2303.467741935484	918.8790322580645	0.04227573079402098	0.6476548208648382	124	bacteria	0.5	1.391455406308775
GSL_+_blue_beads_17_(fitc)	44	254.73	290.61	224.43	1729.6901408450703	921.056338028169	0.04540310945304496	0.6353039365737966	142	bacteria	0.5	1.2956115754545479
GSL_+_blue_beads_17_(fitc)	45	250.21	287.79	217.93	291.4744525547445	925.1240875912408	0.043201452533827026	0.653113694720757	137	bacteria	0.5	1.3616392671735897
GSL_+_blue_beads_17_(fitc)	46	249.29	273.75	226.77	272.6470588235294	931.4632352941177	0.04363635527144481	0.5601608737878706	136	bacteria	0.5	1.348068458125539
GSL_+_blue_beads_17_(fitc)	47	250.21	286.91	218.73	905.985401459854	948.7810218978102	0.04322726431920243	0.6471342186645986	137	bacteria	0.5	1.360826207613228
GSL_+_blue_beads_17_(fitc)	48	190.0	220.0	164.89	710.9746835443038	980.8860759493671	0.03246846942927263	0.6620093717759047	79	bacteria	0.5	1.8117513761200004
GSL_+_blue_beads_17_(fitc)	49	220.09	251.83	193.64	2047.9150943396226	994.2641509433962	0.03567582451576804	0.6393497242684214	106	bacteria	0.5	1.6488699271125578
GSL_+_blue_beads_17_(fitc)	50	257.41	290.93	227.14	1513.9724137931034	995.4620689655172	0.043328707061087525	0.62487222560032	145	bacteria	0.5	1.3576401918954095
GSL_+_blue_beads_17_(fitc)	51	236.11	262.23	212.8	540.2459016393443	1029.8852459016393	0.042173563941520414	0.5843199767163317	122	bacteria	0.5	1.3948262530186852
GSL_+_blue_beads_17_(fitc)	52	201.67	226.15	180.24	2125.752808988764	1030.5842696629213	0.03228040594705461	0.6039627439548015	89	bacteria	0.5	1.8223065182475577
GSL_+_blue_beads_17_(fitc)	53	172.34	195.77	153.13	2065.507692307692	1037.2769230769231	0.028366347532966824	0.6230358062212004	65	bacteria	0.5	2.073752854526999
GSL_+_blue_beads_17_(fitc)	54	252.93	279.43	230.53	1474.45	1056.9	0.04457395710983942	0.5651300407436789	140	bacteria	0.5	1.319712181353754
GSL_+_blue_beads_17_(fitc)	55	168.32	196.86	145.13	932.8225806451613	1090.7096774193549	0.029351882866439537	0.6756228266231699	62	bacteria	0.5	2.0041233619208176
GSL_+_blue_beads_17_(fitc)	56	202.8	236.14	174.8	1385.7555555555555	1092.4444444444443	0.033332432358679276	0.672320366982656	90	bacteria	0.5	1.7647915260428855
GSL_+_blue_beads_17_(fitc)	57	231.22	262.11	203.97	2278.008547008547	1110.854700854701	0.03787062110001771	0.6280416228692903	117	bacteria	0.5	1.5533094641790108
GSL_+_blue_beads_17_(fitc)	58	243.73	273.03	217.82	616.6461538461539	1115.6384615384616	0.04468757268194462	0.6029235373672573	130	bacteria	0.5	1.3163568893676378
GSL_+_blue_beads_17_(fitc)	59	209.45	239.31	183.56	1614.3854166666667	1137.25	0.034702588773775744	0.6416319196085948	96	bacteria	0.5	1.6951125621339211
GSL_+_blue_beads_17_(fitc)	60	223.18	254.52	196.39	2027.8532110091744	1137.6697247706422	0.03611082372875462	0.6360755134199176	109	bacteria	0.5	1.6290072641614477
GSL_+_blue_beads_17_(fitc)	61	232.21	264.46	204.62	434.20338983050846	1159.406779661017	0.041154043393201535	0.6335315212078185	118	bacteria	0.5	1.4293806712249433
GSL_+_blue_beads_17_(fitc)	62	252.93	281.88	226.82	1095.4571428571428	1172.55	0.041315199921743956	0.5937230635690186	140	bacteria	0.5	1.4238051438796426
GSL_+_blue_beads_17_(fitc)	63	239.0	271.86	210.01	710.336	1190.008	0.042146047113626225	0.6350287093211029	125	bacteria	0.5	1.395736924281476
GSL_+_blue_beads_17_(fitc)	64	266.99	290.56	245.63	963.8589743589744	1220.3141025641025	0.04400636371944382	0.5341897433768412	156	bacteria	0.5	1.336733808410615
GSL_+_blue_beads_17_(fitc)	65	258.29	287.43	232.66	1916.123287671233	1235.6917808219177	0.04470012859946536	0.5871891090910645	146	bacteria	0.5	1.315987134983286
GSL_+_blue_beads_17_(fitc)	66	195.92	219.99	174.46	718.0714285714286	1255.797619047619	0.03298041078586	0.609167886081395	84	bacteria	0.5	1.7836283044180687
GSL_+_blue_beads_17_(fitc)	67	200.53	219.75	183.19	1091.9318181818182	1285.6931818181818	0.0299366536801589	0.5522780849540658	88	bacteria	0.5	1.9649756047377511
GSL_+_blue_beads_17_(fitc)	68	52.36	69.18	39.94	1160.3333333333333	1299.6666666666667	0.024116124628913663	0.816496580927726	6	bacteria	0.5	2.439230808189959
GSL_+_blue_beads_17_(fitc)	69	224.2	249.34	201.84	1801.2727272727273	1304.3090909090909	0.035472070472535776	0.5871403119268421	110	bacteria	0.5	1.6583411508087724
GSL_+_blue_beads_17_(fitc)	70	260.06	286.91	236.53	896.0202702702703	1334.3716216216217	0.04401718971572512	0.5660202791624969	148	bacteria	0.5	1.3364050396879317
GSL_+_blue_beads_17_(fitc)	71	77.07	100.66	62.72	13.076923076923077	1413.076923076923	0.025044726733984356	0.7821514382139925	13	bacteria	0.5	2.3487896192204305
GSL_+_blue_beads_17_(fitc)	72	238.04	265.05	215.25	1797.1774193548388	1490.6129032258063	0.03855310669705729	0.5834919255812827	124	bacteria	0.5	1.5258120345846182
GSL_+_blue_beads_17_(fitc)	73	113.11	135.52	99.64	2240.75	1516.7857142857142	0.02558542233306691	0.6777610159412664	28	bacteria	0.5	2.2991527520329016
GSL_+_blue_beads_17_(fitc)	74	282.79	304.15	264.62	1859.7657142857142	1522.3485714285714	0.04560890295220155	0.49302353605531885	175	virus	0.5	1.2897656019186354
GSL_+_blue_beads_17_(fitc)	75	277.9	296.63	260.98	604.0887573964498	1535.094674556213	0.04501653247490372	0.4752890199481452	169	virus	0.5	1.3067375680654458
GSL_+_blue_beads_17_(fitc)	76	238.04	268.21	211.9	784.7822580645161	1580.7983870967741	0.0382752090869964	0.6130256607084236	124	bacteria	0.5	1.536890210979408
GSL_+_blue_beads_17_(fitc)	77	52.36	102.15	27.05	1941.8333333333333	1625.8333333333333	0.02417859242696316	0.9643078443365753	6	bacteria	0.5	2.4329288128201956
GSL_+_blue_beads_17_(fitc)	78	302.31	326.96	281.81	1264.75	1637.875	0.043188078828092974	0.5070539524836248	200	virus	0.5	1.362060915076651
GSL_+_blue_beads_17_(fitc)	79	250.21	279.77	224.14	116.26277372262774	1642.7226277372263	0.043930082235422094	0.5984807579751206	137	bacteria	0.5	1.339054952225032
GSL_+_blue_beads_17_(fitc)	80	309.04	324.17	297.07	1348.0095693779904	1676.0334928229665	0.04273423399228231	0.4002518827208142	209	virus	0.5	1.3765262337361297
GSL_+_blue_beads_17_(fitc)	81	252.03	274.25	231.76	471.55395683453236	1699.453237410072	0.03907136808312571	0.5346815744581042	139	bacteria	0.5	1.5055729311510935
GSL_+_blue_beads_17_(fitc)	82	60.46	97.31	47.81	805.25	1720.125	0.024369914644005706	0.8709906187608701	8	bacteria	0.5	2.4138284859961154
GSL_+_blue_beads_17_(fitc)	83	70.9	91.75	73.1	1449.5454545454545	1720.8181818181818	0.024236996145412668	0.6042914105010746	11	bacteria	0.5	2.427066201441329
GSL_+_blue_beads_17_(fitc)	84	124.65	154.97	111.5	1326.8823529411766	1722.8529411764705	0.025550400083551188	0.6945108771631943	34	bacteria	0.5	2.302304229156279
GSL_+_blue_beads_17_(fitc)	85	296.97	324.99	273.1	1622.5492227979275	1750.9740932642487	0.04328818563843997	0.5420986923021817	193	bacteria	0.5	1.3589110585581659
GSL_+_blue_beads_17_(fitc)	86	177.57	207.86	153.5	1762.4492753623188	1751.5217391304348	0.028401371669796	0.6743163219182791	69	bacteria	0.5	2.071195534247849
GSL_+_blue_beads_17_(fitc)	87	251.12	281.81	224.27	1053.4782608695652	1769.608695652174	0.03979402651275431	0.6055042211620705	138	bacteria	0.5	1.4782317680303356
GSL_+_blue_beads_17_(fitc)	88	266.14	291.28	243.96	1888.116129032258	1790.4967741935484	0.041315086426103265	0.546369704552649	155	bacteria	0.5	1.423809055179146
GSL_+_blue_beads_17_(fitc)	89	42.75	65.63	26.79	1499.75	1796.25	0.024167346350090775	0.9128709291752769	4	bacteria	0.5	2.434060956335568
GSL_+_blue_beads_17_(fitc)	90	111.08	162.55	126.26	1503.5925925925926	1798.7777777777778	0.024350970240654184	0.629790694669266	27	bacteria	0.5	2.4157063799776766
GSL_+_blue_beads_17_(fitc)	91	237.08	260.85	215.87	449.0569105691057	1803.0081300813008	0.03710102496637876	0.5613964935270649	123	bacteria	0.5	1.5855301631774956
GSL_+_blue_beads_17_(fitc)	92	85.51	292.28	76.75	1496.0	1819.8125	0.02411626979255348	0.9649034952922858	16	bacteria	0.5	2.4392161256695895
GSL_+_blue_beads_17_(fitc)	93	37.03	43.75	25.26	1494.3333333333333	1816.3333333333333	0.024007565681830184	0.8164965792167772	3	bacteria	0.5	2.450260678179281
GSL_+_blue_beads_17_(fitc)	94	47.8	107.77	35.35	1519.4	1818.0	0.023910478620968557	0.9446838574189362	5	bacteria	0.5	2.4602098143450712
GSL_+_blue_beads_17_(fitc)	95	37.03	69.66	15.86	1486.6666666666667	1819.0	0.02408364307871107	0.9737231302943179	3	bacteria	0.5	2.442520592783303
GSL_+_blue_beads_17_(fitc)	96	52.36	104.34	57.53	1507.0	1821.1666666666667	0.02400269131337339	0.8342937769851466	6	bacteria	0.5	2.4507582671039856
GSL_+_blue_beads_17_(fitc)	97	207.25	311.97	260.84	1518.1382978723404	1827.212765957447	0.024306688008978325	0.5485940004466191	94	virus	0.5	2.420107344417567
GSL_+_blue_beads_17_(fitc)	98	2850.72	3599.02	2940.74	1444.8887201979308	1923.804037336932	0.02547267744118685	0.576501912464524	17784	virus	0.5	2.309329056783048
GSL_+_blue_beads_17_(fitc)	99	97.96	180.6	100.46	1481.8095238095239	1824.047619047619	0.024252928774991828	0.8310020284527135	21	bacteria	0.5	2.425471773522523
GSL_+_blue_beads_17_(fitc)	100	424.31	607.77	488.64	1492.1269035532996	1837.281725888325	0.02441161168056199	0.5946401386375676	394	virus	0.5	2.4097054688050252
GSL_+_blue_beads_17_(fitc)	101	42.75	64.33	35.28	1499.5	1825.25	0.024028778286923867	0.836165849461683	4	bacteria	0.5	2.4480975880911306
GSL_+_blue_beads_17_(fitc)	102	166.96	217.95	180.69	1388.5245901639344	1831.1147540983607	0.02448766565565975	0.5592013766601	61	bacteria	0.5	2.402221387541645
GSL_+_blue_beads_17_(fitc)	103	37.03	69.66	15.86	1411.6666666666667	1828.0	0.024171654016229237	0.9737231302943179	3	bacteria	0.5	2.4336271787399792
GSL_+_blue_beads_17_(fitc)	104	47.8	83.01	47.93	1415.6	1827.8	0.024029597853671772	0.8164965810782262	5	bacteria	0.5	2.4480140919214883
GSL_+_blue_beads_17_(fitc)	105	37.03	43.75	25.26	1424.3333333333333	1827.3333333333333	0.02425553219847741	0.8164965803574098	3	bacteria	0.5	2.4252114399158575
GSL_+_blue_beads_17_(fitc)	106	37.03	69.66	15.86	1530.6666666666667	1828.0	0.02386929634393949	0.9737231305419604	3	bacteria	0.5	2.464454474123227
GSL_+_blue_beads_17_(fitc)	107	37.03	61.87	35.72	1411.6666666666667	1833.0	0.024258094778806773	0.8164965810703051	3	bacteria	0.5	2.4249552450585474
GSL_+_blue_beads_17_(fitc)	108	37.03	61.87	35.72	1520.3333333333333	1835.0	0.0241329808109688	0.8164965806425679	3	bacteria	0.5	2.4375270767321915
GSL_+_blue_beads_17_(fitc)	109	52.36	106.07	48.03	1408.1666666666667	1836.6666666666667	0.024230746751409838	0.8916347247214144	6	bacteria	0.5	2.4276921703030965
GSL_+_blue_beads_17_(fitc)	110	113.11	207.35	123.96	1514.2857142857142	1838.5714285714287	0.024156829047797087	0.8016368006155344	28	bacteria	0.5	2.4351206879265144
GSL_+_blue_beads_17_(fitc)	111	37.03	61.87	35.72	1463.6666666666667	1838.0	0.0239795079683465	0.8164965810703051	3	bacteria	0.5	2.453127655773627
GSL_+_blue_beads_17_(fitc)	112	64.13	154.21	53.61	1520.111111111111	1840.888888888889	0.024218139548657716	0.9376338461627076	9	bacteria	0.5	2.4289559505926293
GSL_+_blue_beads_17_(fitc)	113	42.75	99.19	14.47	1392.5	1840.0	0.024028147211167847	0.9892996329463546	4	bacteria	0.5	2.448161884976889
GSL_+_blue_beads_17_(fitc)	114	37.03	69.66	15.86	1402.0	1839.3333333333333	0.024268167336058813	0.9737231302994771	3	bacteria	0.5	2.423948761948338
GSL_+_blue_beads_17_(fitc)	115	37.03	61.87	35.72	1465.0	1841.6666666666667	0.024189564993922122	0.8164965810703051	3	bacteria	0.5	2.4318252181787967
GSL_+_blue_beads_17_(fitc)	116	42.75	65.63	26.79	1508.75	1841.25	0.023881996976688757	0.9128709291752769	4	bacteria	0.5	2.4631438579618696
GSL_+_blue_beads_17_(fitc)	117	42.75	75.78	46.4	1526.75	1842.75	0.024313009145663818	0.7905694150420949	4	bacteria	0.5	2.419478140964141
GSL_+_blue_beads_17_(fitc)	118	93.18	136.86	118.35	1505.8947368421052	1846.157894736842	0.024032074694962203	0.5022081802077739	19	bacteria	0.5	2.447761789843562
GSL_+_blue_beads_17_(fitc)	119	257.41	555.92	325.19	1526.7379310344827	1851.8344827586207	0.02426845841338519	0.811070765064087	145	virus	0.5	2.4239196889634416
GSL_+_blue_beads_17_(fitc)	120	37.03	43.75	25.26	1385.3333333333333	1847.3333333333333	0.023704577742161236	0.8164965792167772	3	bacteria	0.5	2.4815794994891807
GSL_+_blue_beads_17_(fitc)	121	47.8	115.7	19.85	1451.2	1848.6	0.02404654609343588	0.9851714308815122	5	bacteria	0.5	2.4462887077596807
GSL_+_blue_beads_17_(fitc)	122	42.75	64.33	35.28	1494.5	1849.75	0.023970774319265826	0.836165849461683	4	bacteria	0.5	2.4540214423409803
GSL_+_blue_beads_17_(fitc)	123	37.03	69.66	15.86	1499.3333333333333	1850.0	0.024097273877880104	0.9737231303252731	3	bacteria	0.5	2.441138963150209
GSL_+_blue_beads_17_(fitc)	124	37.03	69.66	15.86	1512.3333333333333	1851.0	0.024062479060249987	0.9737231303252731	3	bacteria	0.5	2.444668898067551
GSL_+_blue_beads_17_(fitc)	125	37.03	69.66	15.86	1457.6666666666667	1853.0	0.0239697488619202	0.9737231302943179	3	bacteria	0.5	2.4541264286021574
GSL_+_blue_beads_17_(fitc)	126	47.8	109.46	29.68	1466.0	1852.6	0.0241512111681562	0.9625516843739713	5	bacteria	0.5	2.435687128045834
GSL_+_blue_beads_17_(fitc)	127	52.36	94.77	27.35	1470.8333333333333	1853.6666666666667	0.024185143142439237	0.9574685668653484	6	bacteria	0.5	2.4322698370046516
GSL_+_blue_beads_17_(fitc)	128	42.75	65.63	26.79	1478.75	1853.25	0.024185038157724777	0.9128709291752769	4	bacteria	0.5	2.432280395232952
GSL_+_blue_beads_17_(fitc)	129	56.56	89.36	68.34	1502.7142857142858	1853.0	0.023977871785699496	0.6442651303157434	7	bacteria	0.5	2.45329505031711
GSL_+_blue_beads_17_(fitc)	130	106.88	180.95	137.98	1509.4	1855.68	0.024120745036955465	0.6469094445488549	25	bacteria	0.5	2.4387635655063393
GSL_+_blue_beads_17_(fitc)	131	37.03	61.87	35.72	1489.3333333333333	1855.0	0.023885828628735017	0.8164965806425679	3	bacteria	0.5	2.462748732033844
GSL_+_blue_beads_17_(fitc)	132	47.8	92.75	49.22	1482.8	1856.8	0.02395584729620549	0.8475936962927495	5	bacteria	0.5	2.455550556891071
GSL_+_blue_beads_17_(fitc)	133	47.8	107.77	35.35	1539.0	1855.6	0.024072916383250813	0.9446838572688367	5	bacteria	0.5	2.4436089600644864
GSL_+_blue_beads_17_(fitc)	134	37.03	69.66	15.86	1376.3333333333333	1857.0	0.023834885190315222	0.9737231303252731	3	bacteria	0.5	2.4680124825143697
GSL_+_blue_beads_17_(fitc)	135	42.75	88.66	19.83	1442.25	1857.5	0.024147433772053244	0.9746687158738291	4	bacteria	0.5	2.436068143898382
GSL_+_blue_beads_17_(fitc)	136	79.98	153.12	73.56	1514.0714285714287	1858.5714285714287	0.024309750829056443	0.8770519166834976	14	bacteria	0.5	2.4198024316515823
GSL_+_blue_beads_17_(fitc)	137	37.03	69.66	15.86	1439.6666666666667	1858.0	0.024050105629593213	0.9737231302943179	3	bacteria	0.5	2.4459266447716566
GSL_+_blue_beads_17_(fitc)	138	70.9	178.06	72.23	1485.3636363636363	1859.7272727272727	0.024234111196521968	0.9140387231116822	11	bacteria	0.5	2.4273551314494783
GSL_+_blue_beads_17_(fitc)	139	52.36	93.32	46.25	1496.0	1858.6666666666667	0.024070859748137163	0.8685501543010448	6	bacteria	0.5	2.443817744131357
GSL_+_blue_beads_17_(fitc)	140	70.9	126.31	89.24	1530.2727272727273	1859.1818181818182	0.024081536189779297	0.7076506453042994	11	bacteria	0.5	2.4427342884363545
GSL_+_blue_beads_17_(fitc)	141	37.03	43.75	25.26	1534.6666666666667	1857.3333333333333	0.024500151900527973	0.8164965806425679	3	bacteria	0.5	2.4009971206638596
GSL_+_blue_beads_17_(fitc)	142	42.75	65.63	26.79	1540.25	1858.25	0.024243836708116428	0.9128709291752769	4	bacteria	0.5	2.42638138827677
GSL_+_blue_beads_17_(fitc)	143	42.75	53.58	32.81	1438.0	1860.75	0.023989680352529495	0.7905694150420949	4	bacteria	0.5	2.4520874519610807
GSL_+_blue_beads_17_(fitc)	144	119.02	202.77	149.2	1516.483870967742	1863.7096774193549	0.024199677394488257	0.6771716783772085	31	bacteria	0.5	2.430809023197675
GSL_+_blue_beads_17_(fitc)	145	42.75	61.31	23.42	1509.0	1861.5	0.02439615419159333	0.9241763718304448	4	bacteria	0.5	2.4112322666523105
GSL_+_blue_beads_17_(fitc)	146	47.8	95.85	52.5	1365.6	1863.4	0.023995827137762847	0.8366600265819059	5	bacteria	0.5	2.451459323793043
GSL_+_blue_beads_17_(fitc)	147	37.03	43.75	25.26	1444.3333333333333	1862.3333333333333	0.023745119868979887	0.8164965803574098	3	bacteria	0.5	2.47734248104775
GSL_+_blue_beads_17_(fitc)	148	42.75	79.57	22.1	1493.0	1862.75	0.023940597106298853	0.9606594016383402	4	bacteria	0.5	2.4571147456267015
GSL_+_blue_beads_17_(fitc)	149	37.03	61.87	35.72	1438.6666666666667	1864.0	0.023996883713621384	0.8164965810703051	3	bacteria	0.5	2.451351386747107
GSL_+_blue_beads_17_(fitc)	150	42.75	85.21	31.52	1531.5	1863.75	0.02397381209479191	0.9290823598794103	4	bacteria	0.5	2.453710487777369
GSL_+_blue_beads_17_(fitc)	151	52.36	91.07	43.75	1369.3333333333333	1865.3333333333333	0.02395905088745309	0.8770580192716858	6	bacteria	0.5	2.4552222225046614
GSL_+_blue_beads_17_(fitc)	152	47.8	72.68	33.89	1444.2	1866.2	0.024324710307233367	0.8846517368609735	5	bacteria	0.5	2.4183142749084374
GSL_+_blue_beads_17_(fitc)	153	42.75	64.33	35.28	1526.5	1867.25	0.024219560869865375	0.836165849461683	4	bacteria	0.5	2.4288134076859436
GSL_+_blue_beads_17_(fitc)	154	42.75	88.66	19.83	1530.25	1867.5	0.023818947862206372	0.9746687158738291	4	bacteria	0.5	2.4696638369292714
GSL_+_blue_beads_17_(fitc)	155	37.03	69.66	15.86	1538.0	1871.6666666666667	0.023937528200911055	0.9737231305419604	3	bacteria	0.5	2.4574297594668106
GSL_+_blue_beads_17_(fitc)	156	56.56	102.55	59.56	1543.5714285714287	1872.7142857142858	0.024003230736923738	0.8140555799279632	7	bacteria	0.5	2.4507031913210637
GSL_+_blue_beads_17_(fitc)	157	56.56	87.97	68.43	1532.4285714285713	1874.7142857142858	0.024309958758806	0.628389531251134	7	bacteria	0.5	2.4197817344172274
GSL_+_blue_beads_17_(fitc)	158	42.75	64.33	35.28	1549.75	1873.5	0.023943202943443903	0.836165849461683	4	bacteria	0.5	2.4568473277340774
GSL_+_blue_beads_17_(fitc)	159	563.55	807.22	606.4	1543.4071942446044	1897.6546762589928	0.024389948894505863	0.6600464480989858	695	virus	0.5	2.4118457329874055
GSL_+_blue_beads_17_(fitc)	160	42.75	61.31	23.42	1422.5	1877.0	0.023860461562738324	0.9241763718304448	4	bacteria	0.5	2.465366984386361
GSL_+_blue_beads_17_(fitc)	161	37.03	43.75	25.26	1529.3333333333333	1876.6666666666667	0.024335665203285242	0.8164965806425679	3	bacteria	0.5	2.4172256512245935
GSL_+_blue_beads_17_(fitc)	162	37.03	43.75	25.26	1558.6666666666667	1876.6666666666667	0.02418730951510674	0.8164965820683586	3	bacteria	0.5	2.4320519871073083
GSL_+_blue_beads_17_(fitc)	163	37.03	69.66	15.86	1525.3333333333333	1881.0	0.02406312433454122	0.9737231303252731	3	bacteria	0.5	2.4446033420753794
GSL_+_blue_beads_17_(fitc)	164	42.75	65.63	26.79	1522.75	1882.75	0.023920616156171172	0.9128709291752769	4	bacteria	0.5	2.4591671796806502
GSL_+_blue_beads_17_(fitc)	165	119.02	215.27	142.55	1559.5483870967741	1885.8387096774193	0.024092078325604498	0.7493086436474682	31	bacteria	0.5	2.4416654044527673
GSL_+_blue_beads_17_(fitc)	166	37.03	43.75	25.26	1366.6666666666667	1883.6666666666667	0.02473877903133556	0.816496580927726	3	bacteria	0.5	2.3778374063846877
GSL_+_blue_beads_17_(fitc)	167	42.75	86.7	33.12	1369.5	1884.5	0.02415064504765317	0.9241763718304448	4	bacteria	0.5	2.4357442235155173
GSL_+_blue_beads_17_(fitc)	168	52.36	118.3	46.0	1524.0	1886.1666666666667	0.024208170711513242	0.921288046083107	6	bacteria	0.5	2.4299561858681944
GSL_+_blue_beads_17_(fitc)	169	193.57	221.15	174.74	347.9146341463415	1890.780487804878	0.027090587762237574	0.6129185810069427	82	bacteria	0.5	2.171410775036509
GSL_+_blue_beads_17_(fitc)	170	47.8	77.35	36.97	1552.4	1886.4	0.024683473716005537	0.8784003785827783	5	bacteria	0.5	2.383165143034589
GSL_+_blue_beads_17_(fitc)	171	56.56	126.53	25.11	1515.2857142857142	1889.857142857143	0.023982319396609088	0.9801130568067348	7	bacteria	0.5	2.4528400775661514
GSL_+_blue_beads_17_(fitc)	172	42.75	92.81	37.89	1564.5	1890.0	0.023892572774878412	0.9128709291752769	4	bacteria	0.5	2.4620535730185384
GSL_+_blue_beads_17_(fitc)	173	42.75	62.83	53.58	1577.0	1892.25	0.024149575796053948	0.5222329678670935	4	virus	0.5	2.435852069029173
GSL_+_blue_beads_17_(fitc)	174	42.75	88.66	19.83	1572.5	1892.75	0.02409174560575534	0.9746687158738291	4	bacteria	0.5	2.4416991251535567
GSL_+_blue_beads_17_(fitc)	175	266.99	282.71	253.25	453.55128205128204	1907.5192307692307	0.03979179080843591	0.44445675436254334	156	virus	0.5	1.4783148225770206
GSL_+_blue_beads_17_(fitc)	176	260.94	330.41	305.59	1300.3624161073826	1910.8456375838925	0.02435274232434908	0.3802363979081552	149	virus	0.5	2.4155305955082893
GSL_+_blue_beads_17_(fitc)	177	37.03	69.66	15.86	1294.0	1902.3333333333333	0.023815023632835147	0.9737231300518344	3	bacteria	0.5	2.4700707870761764
GSL_+_blue_beads_17_(fitc)	178	273.75	299.47	252.68	2327.9451219512193	1914.4329268292684	0.044770388511662464	0.5366903594172518	164	bacteria	0.5	1.31392190518229
GSL_+_blue_beads_17_(fitc)	179	52.36	100.12	64.6	1288.8333333333333	1911.0	0.023950827676713596	0.7639631878762112	6	bacteria	0.5	2.456065191692218
GSL_+_blue_beads_17_(fitc)	180	47.8	77.35	36.97	1562.4	1910.6	0.023891291826293733	0.8784003786711996	5	bacteria	0.5	2.462185577770006
GSL_+_blue_beads_17_(fitc)	181	37.03	69.66	15.86	1321.6666666666667	1912.0	0.024385242070018232	0.9737231302943179	3	bacteria	0.5	2.4123112659734556
GSL_+_blue_beads_17_(fitc)	182	74.05	151.69	68.31	1551.4166666666667	1915.9166666666667	0.02409542676561731	0.8928680985318895	12	bacteria	0.5	2.441326096491232
GSL_+_blue_beads_17_(fitc)	183	47.8	77.43	60.43	1554.6	1913.6	0.023851438419107498	0.6250953078206528	5	bacteria	0.5	2.4662996476501826
GSL_+_blue_beads_17_(fitc)	184	37.03	43.75	25.26	1325.3333333333333	1915.6666666666667	0.02394857553292971	0.8164965806425679	3	bacteria	0.5	2.4562961620873747
GSL_+_blue_beads_17_(fitc)	185	37.03	69.66	15.86	1329.0	1916.3333333333333	0.02387739133800808	0.9737231302994771	3	bacteria	0.5	2.4636189664219064
GSL_+_blue_beads_17_(fitc)	186	74.05	182.05	41.84	1305.0	1919.0833333333333	0.02407026693974798	0.9732353008509681	12	bacteria	0.5	2.443877931069208
GSL_+_blue_beads_17_(fitc)	187	47.8	122.19	26.25	1540.2	1919.8	0.023948212795413967	0.9766504768769242	5	bacteria	0.5	2.45633336698343
GSL_+_blue_beads_17_(fitc)	188	324.9	522.61	318.03	1563.060606060606	1929.6536796536795	0.024533881479926287	0.793524106304973	231	virus	0.5	2.3976961907607452
GSL_+_blue_beads_17_(fitc)	189	52.36	95.35	35.72	1527.5	1920.3333333333333	0.024153734740887504	0.9271726498648387	6	bacteria	0.5	2.4354326484101065
GSL_+_blue_beads_17_(fitc)	190	42.75	92.81	37.89	1301.5	1923.0	0.02400934986817637	0.9128709291752769	4	bacteria	0.5	2.4500785940466154
GSL_+_blue_beads_17_(fitc)	191	37.03	43.75	25.26	1551.3333333333333	1929.3333333333333	0.024154197235502814	0.8164965803574098	3	bacteria	0.5	2.435386015749337
GSL_+_blue_beads_17_(fitc)	192	37.03	69.66	15.86	1538.6666666666667	1931.0	0.023992108415628738	0.9737231302943179	3	bacteria	0.5	2.451839294402142
GSL_+_blue_beads_17_(fitc)	193	52.36	114.1	54.14	1554.6666666666667	1938.6666666666667	0.02414609546748743	0.8802566521670236	6	bacteria	0.5	2.436203163704131
GSL_+_blue_beads_17_(fitc)	194	67.6	139.95	76.87	1565.0	1943.4	0.024155894973494147	0.8356530134673108	10	bacteria	0.5	2.4352148506003317
GSL_+_blue_beads_17_(fitc)	195	37.03	43.75	25.26	1363.6666666666667	1945.6666666666667	0.023978475787671854	0.8164965820683586	3	bacteria	0.5	2.4532332534346772
GSL_+_blue_beads_17_(fitc)	196	47.8	79.38	44.36	1565.0	1951.6	0.023775216989177506	0.8293122524183264	5	bacteria	0.5	2.474206405593351
GSL_+_blue_beads_17_(fitc)	197	52.36	72.55	61.87	1365.5	1954.0	0.024169803972250062	0.5222329680881695	6	virus	0.5	2.433813457342601
GSL_+_blue_beads_17_(fitc)	198	379.4	396.27	366.79	1267.304761904762	1963.2031746031746	0.040150572935738364	0.3784752903679181	315	virus	0.5	1.465104726230056
GSL_+_blue_beads_17_(fitc)	199	56.56	89.44	62.88	1369.142857142857	1958.5714285714287	0.02429653649209167	0.7111765165046608	7	bacteria	0.5	2.421118507493521
GSL_+_blue_beads_17_(fitc)	200	37.03	43.75	25.26	1365.6666666666667	1958.6666666666667	0.023847269208310966	0.8164965820683586	3	bacteria	0.5	2.4667308300647663
GSL_+_blue_beads_17_(fitc)	201	37.03	43.75	25.26	1561.6666666666667	1961.6666666666667	0.023962461287986517	0.816496580927726	3	bacteria	0.5	2.454872788818502
GSL_+_blue_beads_17_(fitc)	202	371.49	388.66	360.07	1334.7483443708609	1971.7251655629138	0.034776360682717444	0.37642484337148363	302	virus	0.5	1.6915166801288837
GSL_+_blue_beads_17_(fitc)	203	270.4	275.08	270.31	1246.3875	1975.4	0.028173035689333038	0.1854777980266203	160	virus	0.5	2.0879820981189927
GSL_+_blue_beads_17_(fitc)	204	37.03	69.66	15.86	1385.0	1970.3333333333333	0.023946829751761458	0.9737231302994771	3	bacteria	0.5	2.4564752319529006
GSL_+_blue_beads_17_(fitc)	205	47.8	77.35	36.97	1521.4	1971.4	0.024127412432595745	0.8784003785827783	5	bacteria	0.5	2.438089634905213
GSL_+_blue_beads_17_(fitc)	206	42.75	53.58	32.81	1384.25	1973.0	0.023932703143067512	0.7905694150420949	4	bacteria	0.5	2.4579252003982
GSL_+_blue_beads_17_(fitc)	207	47.8	62.92	54.15	1535.6	1975.8	0.024105153182512003	0.509375907300651	5	virus	0.5	2.4403410226686106
GSL_+_blue_beads_17_(fitc)	208	56.56	85.52	68.12	1515.5714285714287	1978.142857142857	0.02398645107828779	0.6045085346595148	7	bacteria	0.5	2.4524175742797674
GSL_+_blue_beads_17_(fitc)	209	37.03	69.66	15.86	1382.3333333333333	1978.0	0.02407172720619755	0.9737231300776306	3	bacteria	0.5	2.4437296777710955
GSL_+_blue_beads_17_(fitc)	210	64.13	167.74	49.88	1511.0	1980.3333333333333	0.023898049429598812	0.9547557206917977	9	bacteria	0.5	2.4614893505131716
GSL_+_blue_beads_17_(fitc)	211	109.0	263.04	102.75	1531.4615384615386	1980.7692307692307	0.024177038121662532	0.9205557210550498	26	bacteria	0.5	2.433085222142578
GSL_+_blue_beads_17_(fitc)	212	47.8	58.7	54.64	1520.2	1979.8	0.02397371255297769	0.3651483718118061	5	virus	0.5	2.45372067588624
GSL_+_blue_beads_17_(fitc)	213	37.03	69.66	15.86	1524.0	1980.3333333333333	0.024132434586573104	0.9737231303252731	3	bacteria	0.5	2.4375822488181123
GSL_+_blue_beads_17_(fitc)	214	37.03	61.87	35.72	1541.3333333333333	1981.0	0.02439927376064425	0.8164965806425679	3	bacteria	0.5	2.41092397856032
GSL_+_blue_beads_17_(fitc)	215	77.07	104.47	78.38	1505.7692307692307	1982.7692307692307	0.024371839003033437	0.6611949422570751	13	bacteria	0.5	2.4136378941972016
GSL_+_blue_beads_17_(fitc)	216	115.12	245.92	127.49	1517.9655172413793	1984.655172413793	0.024245189587587403	0.8551268160770705	29	bacteria	0.5	2.426245996406267
GSL_+_blue_beads_17_(fitc)	217	42.75	88.66	19.83	1526.5	1982.75	0.023890482682349293	0.9746687158738291	4	bacteria	0.5	2.4622689692433735
GSL_+_blue_beads_17_(fitc)	218	42.75	99.19	14.47	1540.5	1984.0	0.024166202790081963	0.9892996329463546	4	bacteria	0.5	2.4341761376403372
GSL_+_blue_beads_17_(fitc)	219	97.96	178.25	93.82	1360.8095238095239	1986.5714285714287	0.02441335362639023	0.850267938271825	21	bacteria	0.5	2.4095335310838535
GSL_+_blue_beads_17_(fitc)	220	37.03	69.66	15.86	1382.3333333333333	1986.0	0.023913663342614456	0.9737231303252731	3	bacteria	0.5	2.459882173893797
GSL_+_blue_beads_17_(fitc)	221	42.75	85.21	31.52	1374.25	1988.5	0.02387190950499799	0.9290823598794103	4	bacteria	0.5	2.4641847002929897
GSL_+_blue_beads_17_(fitc)	222	42.75	65.63	26.79	1512.75	1987.75	0.023953302679103613	0.9128709291752769	4	bacteria	0.5	2.4558114159477658
GSL_+_blue_beads_17_(fitc)	223	42.75	62.83	53.58	1538.75	1988.0	0.0241864928620905	0.5222329678670935	4	virus	0.5	2.4321341049489584
GSL_+_blue_beads_17_(fitc)	224	42.75	64.33	35.28	1391.75	1988.5	0.02460072964566823	0.836165849461683	4	bacteria	0.5	2.3911808721231527
GSL_+_blue_beads_17_(fitc)	225	56.56	79.91	66.31	1525.7142857142858	1989.4285714285713	0.024250457900789973	0.5580955021919249	7	bacteria	0.5	2.4257189043460743
GSL_+_blue_beads_17_(fitc)	226	64.13	156.71	59.28	1533.3333333333333	1990.0	0.024324231986643	0.9256985890651315	9	bacteria	0.5	2.4183618295244393
GSL_+_blue_beads_17_(fitc)	227	60.46	129.44	60.11	1404.125	1991.25	0.024198912385862307	0.8856206899317691	8	bacteria	0.5	2.4308858692079887
GSL_+_blue_beads_17_(fitc)	228	37.03	69.66	15.86	1503.0	1990.6666666666667	0.02415716942680911	0.9737231305419604	3	bacteria	0.5	2.435086376622931
GSL_+_blue_beads_17_(fitc)	229	95.6	263.07	96.54	1512.05	1991.65	0.02412420330504046	0.9302349861529645	20	bacteria	0.5	2.4384139623257166
GSL_+_blue_beads_17_(fitc)	230	60.46	125.81	46.0	1522.25	1991.25	0.024150838411285607	0.9307744061287808	8	bacteria	0.5	2.4357247217349696
GSL_+_blue_beads_17_(fitc)	231	37.03	43.75	25.26	1499.3333333333333	1991.3333333333333	0.024497645337415466	0.8164965792167772	3	bacteria	0.5	2.401242787164987
GSL_+_blue_beads_17_(fitc)	232	56.56	68.47	57.28	1501.4285714285713	1994.0	0.024125164091360795	0.547722557609313	7	bacteria	0.5	2.4383168523218446
GSL_+_blue_beads_17_(fitc)	233	56.56	78.09	55.16	1518.7142857142858	1993.5714285714287	0.02413045900804108	0.7078891254094898	7	bacteria	0.5	2.4377818154802795
GSL_+_blue_beads_17_(fitc)	234	42.75	79.57	22.1	1530.0	1994.25	0.024153784428082282	0.9606594016383402	4	bacteria	0.5	2.435427638436753
GSL_+_blue_beads_17_(fitc)	235	42.75	91.47	15.69	1523.5	1994.5	0.023933365555566993	0.9851714310094161	4	bacteria	0.5	2.4578571715047395
GSL_+_blue_beads_17_(fitc)	236	64.13	169.11	56.23	1404.111111111111	1995.888888888889	0.024153572567031427	0.9431037443423608	9	bacteria	0.5	2.435449000587521
GSL_+_blue_beads_17_(fitc)	237	56.56	90.9	42.6	1488.2857142857142	1996.142857142857	0.02401918711497203	0.8833898852615092	7	bacteria	0.5	2.4490751451087713
GSL_+_blue_beads_17_(fitc)	238	47.8	96.82	45.94	1492.4	1997.8	0.02422494158206295	0.8802566521193157	5	bacteria	0.5	2.4282739328688794
GSL_+_blue_beads_17_(fitc)	239	42.75	65.63	26.79	1495.25	1997.75	0.024094002757151744	0.9128709291752769	4	bacteria	0.5	2.441470384223895
GSL_+_blue_beads_17_(fitc)	240	70.9	109.05	80.17	1499.3636363636363	1998.6363636363637	0.02413778382457357	0.6778613659122713	11	bacteria	0.5	2.4370420497803957
GSL_+_blue_beads_17_(fitc)	241	82.79	173.31	73.39	1507.2666666666667	1999.6	0.02415309508480441	0.9059115267680123	15	bacteria	0.5	2.435497146947584
GSL_+_blue_beads_17_(fitc)	242	37.03	61.87	35.72	1514.0	1997.6666666666667	0.02421137364803225	0.8164965810703051	3	bacteria	0.5	2.429634725569392
GSL_+_blue_beads_17_(fitc)	243	52.36	83.92	51.85	1486.6666666666667	1999.1666666666667	0.023998100078336578	0.7862972877317818	6	bacteria	0.5	2.451227137855668
GSL_+_blue_beads_17_(fitc)	244	117.08	261.16	145.99	1515.4333333333334	2002.7	0.024041958560377386	0.8291670758284843	30	bacteria	0.5	2.446755492954792
GSL_+_blue_beads_17_(fitc)	245	37.03	69.66	15.86	1524.0	1999.6666666666667	0.02417656079653571	0.9737231305419604	3	bacteria	0.5	2.433133259277471
GSL_+_blue_beads_17_(fitc)	246	77.07	110.05	91.72	1274.5384615384614	2003.4615384615386	0.024258955810307938	0.5525422530205613	13	bacteria	0.5	2.4248691752841007
GSL_+_blue_beads_17_(fitc)	247	64.13	134.62	59.77	1494.0	2003.0	0.023937608534936972	0.8960417658518085	9	bacteria	0.5	2.4574215123929353
GSL_+_blue_beads_17_(fitc)	248	52.36	104.91	50.52	1489.6666666666667	2004.1666666666667	0.024307333177350704	0.8764222395208496	6	bacteria	0.5	2.4200431096162833
GSL_+_blue_beads_17_(fitc)	249	64.13	140.51	47.26	1499.888888888889	2003.2222222222222	0.024070725713290032	0.9417312062085031	9	bacteria	0.5	2.443831352227002
GSL_+_blue_beads_17_(fitc)	250	56.56	127.42	47.74	1423.4285714285713	2003.857142857143	0.02443902760761219	0.9271480312349559	7	bacteria	0.5	2.407002238938193
GSL_+_blue_beads_17_(fitc)	251	67.6	135.79	77.24	1504.4	2006.7	0.02426785072359693	0.8224768969061622	10	bacteria	0.5	2.423980386190375
GSL_+_blue_beads_17_(fitc)	252	52.36	117.32	41.33	1437.8333333333333	2006.3333333333333	0.023943309066929253	0.935901833135692	6	bacteria	0.5	2.4568364382951673
GSL_+_blue_beads_17_(fitc)	253	470.77	580.93	385.41	1371.1505154639176	2017.2618556701032	0.03650884929048827	0.7482269200501529	485	virus	0.5	1.611247555378871
GSL_+_blue_beads_17_(fitc)	254	47.8	107.17	30.31	1430.0	2007.2	0.024338986959442782	0.9591663047450765	5	bacteria	0.5	2.416895751126266
GSL_+_blue_beads_17_(fitc)	255	64.13	144.62	51.2	1465.888888888889	2010.3333333333333	0.02405832500227055	0.935243154640421	9	bacteria	0.5	2.4450910095961857
GSL_+_blue_beads_17_(fitc)	256	37.03	69.66	15.86	1520.3333333333333	2008.0	0.023958282135009112	0.9737231300776306	3	bacteria	0.5	2.455301003532175
GSL_+_blue_beads_17_(fitc)	257	37.03	69.66	15.86	1506.0	2009.6666666666667	0.023847725586183508	0.9737231305419604	3	bacteria	0.5	2.4666836238285033
GSL_+_blue_beads_17_(fitc)	258	70.9	175.83	76.89	1439.0	2014.3636363636363	0.02406927823655345	0.8993220876246418	11	bacteria	0.5	2.4439783192027345
GSL_+_blue_beads_17_(fitc)	259	70.9	173.72	50.65	1455.3636363636363	2011.7272727272727	0.024165307602419115	0.9565581339335886	11	bacteria	0.5	2.4342663100678297
GSL_+_blue_beads_17_(fitc)	260	37.03	69.66	15.86	1433.0	2012.6666666666667	0.024212939562990365	0.9737231305161643	3	bacteria	0.5	2.4294775946539318
GSL_+_blue_beads_17_(fitc)	261	37.03	69.66	15.86	1469.0	2013.6666666666667	0.0239385746071402	0.9737231305110051	3	bacteria	0.5	2.4573223399629267
GSL_+_blue_beads_17_(fitc)	262	37.03	69.66	15.86	1463.0	2015.3333333333333	0.024085646827499963	0.9737231300776306	3	bacteria	0.5	2.4423173930222712
GSL_+_blue_beads_17_(fitc)	263	42.75	53.58	32.81	1445.25	2017.0	0.024003508851547346	0.7905694150420949	4	bacteria	0.5	2.4506747964559694
GSL_+_blue_beads_17_(fitc)	264	37.03	69.66	15.86	1497.3333333333333	2017.0	0.024060554512576823	0.9737231303252731	3	bacteria	0.5	2.4448644414344742
GSL_+_blue_beads_17_(fitc)	265	47.8	72.42	50.65	1449.0	2017.8	0.02384037997654183	0.7146982483361172	5	bacteria	0.5	2.467443649257125
GSL_+_blue_beads_17_(fitc)	266	278.72	309.3	253.39	84.49411764705883	2025.4941176470588	0.04493687826476388	0.5734372720048254	170	bacteria	0.5	1.3090538648992187
GSL_+_blue_beads_17_(fitc)	267	82.79	93.7	80.51	552.9333333333333	2027.9333333333334	0.02447178748617521	0.5115506299733835	15	bacteria	0.5	2.4037800345490337
GSL_+_blue_beads_17_(fitc)	268	67.6	128.05	44.48	1429.4	2029.2	0.024252487409571755	0.9377162816821599	10	bacteria	0.5	2.4255159141234484
GSL_+_blue_beads_17_(fitc)	269	37.03	43.75	25.26	1432.3333333333333	2027.3333333333333	0.0243416686381462	0.8164965803574098	3	bacteria	0.5	2.4166294859839486
GSL_+_blue_beads_17_(fitc)	270	85.51	177.72	37.59	434.0	2030.5625	0.028244257267469944	0.9773718237284016	16	bacteria	0.5	2.0827169789571967
GSL_+_blue_beads_18_(fitc)	1	263.55	310.67	225.05	1561.532894736842	20.901315789473685	0.05330188452926778	0.6893667031440088	152	bacteria	0.5	1.1322323287687164
GSL_+_blue_beads_18_(fitc)	2	270.4	309.83	236.97	328.1625	61.09375	0.0515284330549843	0.6442301391114639	160	bacteria	0.5	1.1712003115626755
GSL_+_blue_beads_18_(fitc)	3	246.53	289.62	209.53	1217.0977443609022	63.96992481203007	0.049747918989328954	0.6903838629173299	133	bacteria	0.5	1.2131184193107518
GSL_+_blue_beads_18_(fitc)	4	158.53	186.17	135.1	278.8545454545455	65.03636363636363	0.03212147635636379	0.688032434029897	55	bacteria	0.5	1.8788089370113195
GSL_+_blue_beads_18_(fitc)	5	52.36	75.78	43.75	861.0	71.0	0.027967438941460133	0.8164965809375654	6	bacteria	0.5	2.157870692938869
GSL_+_blue_beads_18_(fitc)	6	256.52	293.92	223.66	1028.0208333333333	92.46527777777777	0.049445240435912655	0.6487798136302404	144	bacteria	0.5	1.2205445117929103
GSL_+_blue_beads_18_(fitc)	7	213.77	242.29	188.11	999.62	115.49	0.03761409266360058	0.6302391522218911	100	bacteria	0.5	1.6044549416111613
GSL_+_blue_beads_18_(fitc)	8	251.12	294.47	214.71	791.9710144927536	135.43478260869566	0.047170408221902764	0.6843801721093723	138	bacteria	0.5	1.2794062871881517
GSL_+_blue_beads_18_(fitc)	9	52.36	81.85	35.72	297.1666666666667	189.5	0.028577989139163176	0.89973541084717	6	bacteria	0.5	2.111769185524341
GSL_+_blue_beads_18_(fitc)	10	154.15	183.53	129.68	2416.769230769231	201.8653846153846	0.0318766428040504	0.7076237184613062	52	bacteria	0.5	1.8932394235902943
GSL_+_blue_beads_18_(fitc)	11	265.28	301.74	233.27	1907.3636363636363	238.58441558441558	0.05142341424799132	0.6342870281828457	154	bacteria	0.5	1.1735921803498577
GSL_+_blue_beads_18_(fitc)	12	258.29	294.77	227.0	2000.9109589041095	240.15753424657535	0.04971975618958974	0.6379429785055004	146	bacteria	0.5	1.2138055669100427
GSL_+_blue_beads_18_(fitc)	13	307.56	334.49	283.54	1577.0917874396134	256.0096618357488	0.05380770831099812	0.5305407162790801	207	bacteria	0.5	1.1215886857608228
GSL_+_blue_beads_18_(fitc)	14	351.9	410.74	303.67	811.7047970479705	267.2878228782288	0.05258822315127998	0.6733374004346234	271	virus	0.5	1.1475975652329142
GSL_+_blue_beads_18_(fitc)	15	158.53	187.51	133.99	2084.181818181818	282.09090909090907	0.03196933883722033	0.6995421963746407	55	bacteria	0.5	1.8877499204979307
GSL_+_blue_beads_18_(fitc)	16	90.69	180.71	51.63	2434.4444444444443	287.6111111111111	0.0357808553265772	0.9583192966818402	18	virus	0.5	1.6866594243628208
GSL_+_blue_beads_18_(fitc)	17	47.8	87.61	38.89	123.6	306.2	0.028045802326941725	0.8960933255961381	5	bacteria	0.5	2.15184133956331
GSL_+_blue_beads_18_(fitc)	18	174.98	209.39	146.99	64.65671641791045	332.55223880597015	0.03366582733810733	0.7121707138027126	67	bacteria	0.5	1.7926224192334648
GSL_+_blue_beads_18_(fitc)	19	260.94	302.41	225.27	289.08053691275165	398.3691275167785	0.051775111170638065	0.6671777743746659	149	bacteria	0.5	1.16562022724461
GSL_+_blue_beads_18_(fitc)	20	226.23	260.7	196.99	35.3125	407.7232142857143	0.04059664422453768	0.655020428226984	112	bacteria	0.5	1.486578952549405
GSL_+_blue_beads_18_(fitc)	21	77.07	100.65	75.08	480.9230769230769	404.6923076923077	0.02842509834827795	0.6660221578132217	13	bacteria	0.5	2.1231278115169725
GSL_+_blue_beads_18_(fitc)	22	260.06	294.65	229.5	2268.885135135135	419.5810810810811	0.049134918220981275	0.6271353889488749	148	bacteria	0.5	1.228253124934759
GSL_+_blue_beads_18_(fitc)	23	266.14	305.67	232.36	459.13548387096773	425.6516129032258	0.05238246268466377	0.6497268069170162	155	bacteria	0.5	1.1521053756413602
GSL_+_blue_beads_18_(fitc)	24	93.18	131.47	67.13	1134.2105263157894	441.05263157894734	0.02902567115640113	0.8597993822889217	19	bacteria	0.5	2.0791979804065566
GSL_+_blue_beads_18_(fitc)	25	272.92	307.16	242.85	1811.398773006135	457.13496932515335	0.05115085636659792	0.612290261187396	163	bacteria	0.5	1.1798456787469032
GSL_+_blue_beads_18_(fitc)	26	253.83	290.5	222.05	2064.8156028368794	473.3404255319149	0.04753372021312731	0.6447971767631094	141	bacteria	0.5	1.2696274682002964
GSL_+_blue_beads_18_(fitc)	27	233.19	284.41	192.7	1431.3529411764705	481.16806722689074	0.03754998102861269	0.73550113988303	119	bacteria	0.5	1.6071943365922854
GSL_+_blue_beads_18_(fitc)	28	246.53	287.24	212.43	186.89473684210526	521.8195488721805	0.0411314793637886	0.6730959762899338	133	bacteria	0.5	1.4672488756012314
GSL_+_blue_beads_18_(fitc)	29	238.04	276.53	205.53	118.41129032258064	522.6129032258065	0.04144011608882401	0.6690422146302869	124	bacteria	0.5	1.456321133825441
GSL_+_blue_beads_18_(fitc)	30	266.14	291.92	243.64	1645.090322580645	542.3225806451613	0.04805712630111632	0.5508190259502587	155	bacteria	0.5	1.255799534707763
GSL_+_blue_beads_18_(fitc)	31	117.08	150.16	96.39	566.5666666666667	578.9666666666667	0.029280679331564377	0.7667784494647369	30	bacteria	0.5	2.061090050710574
GSL_+_blue_beads_18_(fitc)	32	252.93	294.12	217.99	2212.9857142857145	601.1285714285714	0.04782326620199209	0.6713286551206138	140	bacteria	0.5	1.2619405080663473
GSL_+_blue_beads_18_(fitc)	33	425.39	750.37	263.22	1263.3131313131314	605.7878787878788	0.047260563771939226	0.9364538084684749	396	virus	0.5	1.2769656566002863
GSL_+_blue_beads_18_(fitc)	34	227.24	286.72	181.17	23.141592920353983	631.0973451327434	0.03734581713842916	0.7750661150944812	113	virus	0.5	1.6159806230677787
GSL_+_blue_beads_18_(fitc)	35	239.95	271.33	213.49	512.1746031746031	643.7539682539683	0.04360009533320301	0.6171545100707211	126	bacteria	0.5	1.3841739653806522
GSL_+_blue_beads_18_(fitc)	36	172.34	207.69	144.24	2181.1384615384613	662.0	0.03340268984023914	0.7194867076741737	65	bacteria	0.5	1.806744221407949
GSL_+_blue_beads_18_(fitc)	37	250.21	287.18	218.57	1825.2043795620439	668.5912408759124	0.04495457232879219	0.6486763866348862	137	bacteria	0.5	1.342468935238462
GSL_+_blue_beads_18_(fitc)	38	384.19	404.69	368.74	2219.0835913312694	698.5665634674923	0.05006547367721663	0.41204378714156525	323	virus	0.5	1.2054238663040493
GSL_+_blue_beads_18_(fitc)	39	273.75	314.28	239.2	1274.8048780487804	768.6036585365854	0.04917874826497908	0.6486222876449254	164	bacteria	0.5	1.2271584572092555
GSL_+_blue_beads_18_(fitc)	40	239.95	275.68	209.33	2257.3015873015875	771.6984126984127	0.043593479157777955	0.6507052532149393	126	bacteria	0.5	1.3843840412440769
GSL_+_blue_beads_18_(fitc)	41	82.79	101.98	74.68	173.0	800.4666666666667	0.028511182943355893	0.6810130300614374	15	bacteria	0.5	2.1167173936007373
GSL_+_blue_beads_18_(fitc)	42	288.39	314.41	265.38	1226.5934065934066	815.6538461538462	0.04886594981928421	0.5362624304964337	182	bacteria	0.5	1.235013686862131
GSL_+_blue_beads_18_(fitc)	43	281.17	313.03	253.81	177.43930635838151	822.3005780346821	0.051228454679443834	0.5853066612755082	173	bacteria	0.5	1.1780585072489107
GSL_+_blue_beads_18_(fitc)	44	274.59	304.62	247.98	1723.878787878788	847.0909090909091	0.04938137118109654	0.5807584339172787	165	bacteria	0.5	1.2221231489707283
GSL_+_blue_beads_18_(fitc)	45	235.14	265.43	209.48	58.049586776859506	851.2644628099174	0.04072682393474681	0.6141011684554801	121	bacteria	0.5	1.481827233693156
GSL_+_blue_beads_18_(fitc)	46	281.98	365.35	221.43	1709.7011494252874	857.8678160919541	0.04520713048035009	0.7954130098487003	174	virus	0.5	1.334968979607456
GSL_+_blue_beads_18_(fitc)	47	235.14	267.8	207.26	1522.5537190082644	934.6776859504132	0.03896797842635483	0.6332508621194708	121	bacteria	0.5	1.5487104870577038
GSL_+_blue_beads_18_(fitc)	48	241.85	271.56	215.73	706.46875	1008.4296875	0.04178743280229568	0.6074046794657992	128	bacteria	0.5	1.444216904490448
GSL_+_blue_beads_18_(fitc)	49	267.85	295.53	243.87	1533.3821656050955	1015.031847133758	0.04628899377601388	0.5648851160008468	157	bacteria	0.5	1.3037681730642074
GSL_+_blue_beads_18_(fitc)	50	249.29	282.06	220.93	932.7867647058823	1015.4338235294117	0.041991441813445746	0.621685438564135	136	bacteria	0.5	1.437200397082099
GSL_+_blue_beads_18_(fitc)	51	252.93	283.76	226.52	63.52142857142857	1043.1642857142858	0.04866149173481464	0.6022942438754718	140	bacteria	0.5	1.2402027701332647
GSL_+_blue_beads_18_(fitc)	52	289.97	309.52	273.76	2192.646739130435	1045.375	0.04862798011647441	0.46662770918272256	184	virus	0.5	1.2410574468399191
GSL_+_blue_beads_18_(fitc)	53	131.77	165.21	114.46	623.0263157894736	1054.8684210526317	0.030225750718045383	0.7210913403248175	38	bacteria	0.5	1.996645754518972
GSL_+_blue_beads_18_(fitc)	54	177.57	190.42	169.65	1595.1884057971015	1058.3188405797102	0.03161649685747212	0.45408438799535183	69	virus	0.5	1.9088173215519024
GSL_+_blue_beads_18_(fitc)	55	97.96	123.04	86.86	1172.0	1066.3809523809523	0.028780840765100114	0.7082839661304043	21	bacteria	0.5	2.096885123714493
GSL_+_blue_beads_18_(fitc)	56	202.8	243.64	169.35	141.17777777777778	1074.0555555555557	0.03593072957014152	0.7189412966238803	90	bacteria	0.5	1.6796240313050894
GSL_+_blue_beads_18_(fitc)	57	295.43	318.06	275.99	1378.0	1085.2774869109949	0.04928127318440145	0.4970522155262115	191	virus	0.5	1.2246054728033313
GSL_+_blue_beads_18_(fitc)	58	168.32	188.92	151.26	380.7741935483871	1084.3225806451612	0.031908123838142476	0.5991524940998645	62	bacteria	0.5	1.8913715251472256
GSL_+_blue_beads_18_(fitc)	59	289.97	306.24	275.93	1223.7445652173913	1110.5434782608695	0.04783803183446637	0.4337809018539046	184	virus	0.5	1.2615509989450067
GSL_+_blue_beads_18_(fitc)	60	267.85	307.48	233.98	911.4140127388536	1115.0509554140128	0.04725012596137557	0.648803912938955	157	bacteria	0.5	1.2772477452793891
GSL_+_blue_beads_18_(fitc)	61	221.12	251.28	196.48	1691.5046728971963	1144.728971962617	0.03831994713458906	0.6233599914783212	107	bacteria	0.5	1.574900837842225
GSL_+_blue_beads_18_(fitc)	62	42.75	61.31	23.42	1466.0	1144.5	0.028508204954805716	0.9241763718304448	4	bacteria	0.5	2.1169385074931095
GSL_+_blue_beads_18_(fitc)	63	164.2	176.07	159.69	595.5932203389831	1209.1694915254238	0.03117771880299336	0.42123829758660697	59	virus	0.5	1.9356809659384024
GSL_+_blue_beads_18_(fitc)	64	294.66	305.45	287.13	1872.3157894736842	1223.8526315789475	0.04919326429293359	0.34115970351225255	190	virus	0.5	1.2267963453078499
GSL_+_blue_beads_18_(fitc)	65	140.18	173.9	115.54	1383.3488372093022	1222.7209302325582	0.030511149222273104	0.7473900517001424	43	bacteria	0.5	1.977969312420345
GSL_+_blue_beads_18_(fitc)	66	60.46	80.63	58.03	1717.875	1223.125	0.02837110348737932	0.694269456193043	8	bacteria	0.5	2.1271684717931536
GSL_+_blue_beads_18_(fitc)	67	70.9	72.25	69.57	342.8181818181818	1224.1818181818182	0.02849250306919251	0.2696799448126285	11	virus	0.5	2.118105127576088
GSL_+_blue_beads_18_(fitc)	68	289.97	314.12	268.84	2315.4402173913045	1246.2934782608695	0.05019731297770551	0.5172165914398328	184	bacteria	0.5	1.2022579151823884
GSL_+_blue_beads_18_(fitc)	69	280.35	314.16	251.06	2285.0813953488373	1266.0988372093022	0.04832570309429531	0.6011089459582615	172	bacteria	0.5	1.2488202547322733
GSL_+_blue_beads_18_(fitc)	70	155.62	196.9	129.59	1871.9433962264152	1281.0	0.030319480650645183	0.7529132391838649	53	bacteria	0.5	1.9904733047282543
GSL_+_blue_beads_18_(fitc)	71	242.79	279.84	210.89	2223.186046511628	1290.9612403100775	0.04034059766650575	0.6573020215281383	129	bacteria	0.5	1.496014445478629
GSL_+_blue_beads_18_(fitc)	72	247.45	281.17	218.22	880.0671641791045	1327.6194029850747	0.040896645312643844	0.6305826628465301	134	bacteria	0.5	1.475674016462076
GSL_+_blue_beads_18_(fitc)	73	218.0	255.61	185.99	388.03846153846155	1354.5	0.038514747189307044	0.6859604603934342	104	bacteria	0.5	1.566935297581007
GSL_+_blue_beads_18_(fitc)	74	79.98	101.57	95.29	1277.0714285714287	1421.7857142857142	0.028553797652277814	0.34615854556349757	14	virus	0.5	2.113558328852267
GSL_+_blue_beads_18_(fitc)	75	165.58	180.79	155.32	2086.766666666667	1438.45	0.030897222179826205	0.5117496328517013	60	virus	0.5	1.9532538069955887
GSL_+_blue_beads_18_(fitc)	76	270.4	299.8	244.74	322.575	1477.20625	0.04877613925876294	0.5775841813006909	160	bacteria	0.5	1.2372876936440147
GSL_+_blue_beads_18_(fitc)	77	845.12	877.0	816.79	1618.1765834932821	1512.618682021753	0.049351028451791526	0.3641324488841828	1563	virus	0.5	1.2228745528026228
GSL_+_blue_beads_18_(fitc)	78	306.07	325.21	289.93	751.3414634146342	1518.0878048780487	0.04632041736006554	0.4530284561929798	205	virus	0.5	1.3028837020014425
GSL_+_blue_beads_18_(fitc)	79	74.05	108.24	59.97	536.0	1528.0	0.028708848766209574	0.8325217191451793	12	bacteria	0.5	2.1021433962676483
GSL_+_blue_beads_18_(fitc)	80	281.17	304.31	261.43	125.41618497109826	1539.450867052023	0.048800687279600956	0.5118106557767461	173	bacteria	0.5	1.236665305604433
GSL_+_blue_beads_18_(fitc)	81	162.8	248.57	112.69	620.4655172413793	1544.603448275862	0.029344459010310252	0.8913320451859779	58	bacteria	0.5	2.0566103068088566
GSL_+_blue_beads_18_(fitc)	82	283.59	310.33	259.9	1230.0113636363637	1563.5056818181818	0.04764076819256433	0.546473994698096	176	bacteria	0.5	1.2667746373106006
GSL_+_blue_beads_18_(fitc)	83	225.22	261.41	195.17	51.873873873873876	1576.7477477477478	0.039334780353714675	0.6652643819112174	111	bacteria	0.5	1.5342685609437952
GSL_+_blue_beads_18_(fitc)	84	209.45	242.56	181.71	778.96875	1577.15625	0.036201196660899486	0.6624112424739393	96	bacteria	0.5	1.6670751912882917
GSL_+_blue_beads_18_(fitc)	85	93.18	116.35	74.93	591.421052631579	1597.4736842105262	0.029528998278923167	0.7650494731184813	19	bacteria	0.5	2.0437576743471864
GSL_+_blue_beads_18_(fitc)	86	148.1	171.95	128.36	1146.7916666666667	1600.0208333333333	0.031513400302322914	0.665383688074124	48	bacteria	0.5	1.9150620456493728
GSL_+_blue_beads_18_(fitc)	87	193.57	227.84	165.98	975.5243902439024	1620.439024390244	0.032860269226353274	0.6850523236356889	82	bacteria	0.5	1.8365679365747405
GSL_+_blue_beads_18_(fitc)	88	79.98	110.7	63.98	2178.0714285714284	1628.9285714285713	0.02884783610236291	0.8161096763042507	14	bacteria	0.5	2.0920153814722635
GSL_+_blue_beads_18_(fitc)	89	277.07	309.42	248.92	335.30357142857144	1641.7857142857142	0.04824948849935316	0.5939999550267727	168	bacteria	0.5	1.2507928835171618
GSL_+_blue_beads_18_(fitc)	90	117.08	153.51	92.96	601.1333333333333	1640.8	0.02954012191547688	0.7958080066651029	30	bacteria	0.5	2.0429880763868815
GSL_+_blue_beads_18_(fitc)	91	507.67	536.28	482.31	2076.817375886525	1662.299645390071	0.051879124798874215	0.43721803657905506	564	virus	0.5	1.1632832489426206
GSL_+_blue_beads_18_(fitc)	92	239.0	265.32	216.39	57.088	1670.712	0.04147391544847486	0.5786190459070549	125	bacteria	0.5	1.4551342981665205
GSL_+_blue_beads_18_(fitc)	93	256.52	288.4	231.08	1566.7430555555557	1672.9305555555557	0.04443138255208095	0.59830616593433	144	bacteria	0.5	1.3582768165630168
GSL_+_blue_beads_18_(fitc)	94	243.73	280.18	212.85	1451.1461538461538	1691.376923076923	0.04097968920823862	0.6502977742075098	130	bacteria	0.5	1.4726836150870857
GSL_+_blue_beads_18_(fitc)	95	104.72	137.2	85.66	1002.3333333333334	1731.5	0.02904921929840389	0.7811596411369509	24	bacteria	0.5	2.077512522054251
GSL_+_blue_beads_18_(fitc)	96	291.54	327.36	260.34	106.98924731182795	1736.3225806451612	0.048314141610328556	0.6062485194944497	186	bacteria	0.5	1.2491190950898003
GSL_+_blue_beads_18_(fitc)	97	319.22	333.54	306.29	1923.9730941704036	1758.6008968609865	0.04808744045567715	0.3958923087640088	223	virus	0.5	1.2550078830658413
GSL_+_blue_beads_18_(fitc)	98	207.25	250.21	174.59	1722.9255319148936	1774.0851063829787	0.03754679875944282	0.7163062497442595	94	bacteria	0.5	1.607330553930549
GSL_+_blue_beads_18_(fitc)	99	286.8	310.73	266.97	912.8833333333333	1785.9	0.04636148567412501	0.5116953616503949	180	bacteria	0.5	1.3017295708022645
GSL_+_blue_beads_18_(fitc)	100	311.25	330.96	294.65	2086.3915094339623	1800.5424528301887	0.04870975719579908	0.45539639796917997	212	virus	0.5	1.2389738796221903
GSL_+_blue_beads_18_(fitc)	101	207.25	245.87	175.18	750.5212765957447	1821.9255319148936	0.03596923194484983	0.7016906253734125	94	bacteria	0.5	1.677826119302922
GSL_+_blue_beads_18_(fitc)	102	136.88	172.8	111.68	1101.1463414634147	1836.8536585365853	0.029448589868299267	0.763060603069542	41	bacteria	0.5	2.0493380877737577
GSL_+_blue_beads_18_(fitc)	103	219.05	256.59	187.57	1335.095238095238	1838.4666666666667	0.03651938179831042	0.6823843538875468	105	bacteria	0.5	1.6525503411212232
GSL_+_blue_beads_18_(fitc)	104	311.25	319.58	306.55	62.863207547169814	1849.4716981132076	0.049407811014382616	0.2826276941293666	212	virus	0.5	1.221469148486788
GSL_+_blue_beads_18_(fitc)	105	120.92	138.63	114.94	108.125	1880.65625	0.0297971824410083	0.5591500409158465	32	bacteria	0.5	2.0253632023032275
GSL_+_blue_beads_18_(fitc)	106	336.64	354.64	320.53	564.2862903225806	1917.6774193548388	0.04932069929179144	0.4279622896297082	248	virus	0.5	1.223626544532354
GSL_+_blue_beads_18_(fitc)	107	271.24	299.63	246.18	1356.27950310559	1928.0807453416148	0.048389798967800345	0.5700618740533452	161	bacteria	0.5	1.247166099790834
GSL_+_blue_beads_18_(fitc)	108	281.17	297.26	267.16	1032.0982658959538	1936.5202312138729	0.042316684195617495	0.43850628753485477	173	virus	0.5	1.4261541988817783
GSL_+_blue_beads_18_(fitc)	109	223.18	251.35	198.73	316.35779816513764	1946.0366972477063	0.038033822973270806	0.6122684758312144	109	bacteria	0.5	1.5867486392505583
GSL_+_blue_beads_18_(fitc)	110	314.9	333.69	298.35	2172.4147465437786	1961.0230414746543	0.04698297971132198	0.4478981432711709	217	virus	0.5	1.2845102038896625
GSL_+_blue_beads_18_(fitc)	111	296.97	322.0	275.67	1383.7305699481865	1966.1243523316061	0.04623746247664466	0.5167636447656566	193	bacteria	0.5	1.3052212127518452
GSL_+_blue_beads_18_(fitc)	112	308.3	323.24	298.2	1142.4326923076924	2001.6298076923076	0.046888467184149345	0.38591788246119935	208	virus	0.5	1.2870993758724416
GSL_+_blue_beads_18_(fitc)	113	201.67	246.19	165.72	1817.1685393258426	2000.247191011236	0.035146852630125125	0.7395321934804295	89	bacteria	0.5	1.717084527694144
GSL_+_blue_beads_18_(fitc)	114	323.49	334.09	315.4	1331.8515283842794	2010.3362445414848	0.047873354596494846	0.3297990472970222	229	virus	0.5	1.2606201791581313
GSL_+_blue_beads_18_(fitc)	115	102.52	120.79	94.34	1499.7391304347825	2020.5652173913043	0.028879603302235803	0.6245526913541967	23	bacteria	0.5	2.0897141909030963
GSL_+_blue_beads_18_(fitc)	116	237.08	263.44	213.64	1357.5691056910568	2026.0894308943089	0.037929485085401525	0.5850830760331526	123	bacteria	0.5	1.5911135284976994
GSL_+_blue_beads_18_(fitc)	117	144.98	255.15	85.4	702.8695652173913	2029.6304347826087	0.035870265025911716	0.9423299213347336	46	virus	0.5	1.6824552816863432
GSL_+_blue_beads_19_(fitc)	1	237.08	262.79	214.36	948.1869918699186	63.48780487804878	0.040184909151450954	0.5784687646791775	123	bacteria	0.5	1.2866551710917613
GSL_+_blue_beads_19_(fitc)	2	254.73	278.38	233.26	1807.4859154929577	64.24647887323944	0.04689638045988169	0.5458157939457516	142	bacteria	0.5	1.102518374606718
GSL_+_blue_beads_19_(fitc)	3	218.0	234.26	204.06	1409.25	67.0673076923077	0.034037907323148105	0.49117743272209735	104	virus	0.5	1.5190158627761665
GSL_+_blue_beads_19_(fitc)	4	131.77	151.28	118.09	1562.4473684210527	87.86842105263158	0.029398955923434045	0.6249931853289963	38	virus	0.5	1.7587060334463585
GSL_+_blue_beads_19_(fitc)	5	255.63	298.57	219.1	167.11888111888112	129.24475524475525	0.04081148486269433	0.6793289662057056	143	bacteria	0.5	1.2669012493301761
GSL_+_blue_beads_19_(fitc)	6	261.81	285.88	239.99	1669.1066666666666	147.00666666666666	0.04801739010571089	0.5433886146803556	150	bacteria	0.5	1.0767790803652537
GSL_+_blue_beads_19_(fitc)	7	233.19	250.86	217.08	1883.8319327731092	151.0924369747899	0.043106196549795445	0.5011801570844637	119	virus	0.5	1.199459133441277
GSL_+_blue_beads_19_(fitc)	8	181.39	198.12	167.66	596.6111111111111	152.91666666666666	0.034207009885146994	0.5328169814261179	72	virus	0.5	1.5115065985939165
GSL_+_blue_beads_19_(fitc)	9	190.0	207.65	173.7	1661.7974683544303	186.1772151898734	0.03431013979865194	0.5479611839646902	79	virus	0.5	1.5069632902398866
GSL_+_blue_beads_19_(fitc)	10	253.83	276.92	233.05	2034.645390070922	191.645390070922	0.047256690179311	0.5401547078308074	141	bacteria	0.5	1.0941121979423583
GSL_+_blue_beads_19_(fitc)	11	256.52	282.91	233.55	1261.4375	209.63194444444446	0.048039037066538476	0.5643413110805121	144	bacteria	0.5	1.0762938709190206
GSL_+_blue_beads_19_(fitc)	12	102.52	122.22	92.01	198.08695652173913	216.7826086956522	0.02916526444162532	0.6582784487007696	23	virus	0.5	1.772797955014381
GSL_+_blue_beads_19_(fitc)	13	356.42	423.83	301.57	814.8992805755396	226.66546762589928	0.049471607275014075	0.7026440147084049	278	virus	0.5	1.0451271751116216
GSL_+_blue_beads_19_(fitc)	14	248.37	267.02	230.67	1384.762962962963	269.34814814814814	0.039618639030189966	0.5037131450169162	135	virus	0.5	1.3050453631223358
GSL_+_blue_beads_19_(fitc)	15	228.24	251.43	208.13	1425.4298245614036	280.280701754386	0.04246051806070093	0.5610184145779094	114	bacteria	0.5	1.2176987827998602
GSL_+_blue_beads_19_(fitc)	16	252.03	290.24	219.49	658.7553956834532	287.0575539568345	0.04557428241091766	0.6543121741772056	139	bacteria	0.5	1.1345021451655573
GSL_+_blue_beads_19_(fitc)	17	254.73	276.17	234.67	1986.4084507042253	288.49295774647885	0.04671658321439394	0.5272026329877849	142	bacteria	0.5	1.1067616165823606
GSL_+_blue_beads_19_(fitc)	18	220.09	265.05	183.93	17.89622641509434	307.6698113207547	0.037692249712052955	0.7200499651173947	106	bacteria	0.5	1.37174410003533
GSL_+_blue_beads_19_(fitc)	19	240.9	265.85	218.52	1599.5511811023623	329.496062992126	0.044213535513522036	0.5695426466154432	127	bacteria	0.5	1.1694183819286312
GSL_+_blue_beads_19_(fitc)	20	266.14	296.65	239.43	1021.1612903225806	340.5806451612903	0.048057534615827575	0.5903803595815016	155	bacteria	0.5	1.0758796008345057
GSL_+_blue_beads_19_(fitc)	21	254.73	304.33	214.36	204.42957746478874	365.2676056338028	0.04370977451440877	0.7098318606826648	142	bacteria	0.5	1.1828960852342747
GSL_+_blue_beads_19_(fitc)	22	263.55	303.26	229.42	525.796052631579	368.1842105263158	0.045008002580594175	0.653975268400069	152	bacteria	0.5	1.1487761774582719
GSL_+_blue_beads_19_(fitc)	23	237.08	265.49	212.46	725.6341463414634	409.5691056910569	0.04044699713143102	0.5996576762269021	123	bacteria	0.5	1.278317917929887
GSL_+_blue_beads_19_(fitc)	24	254.73	283.42	229.89	1675.4154929577464	421.22535211267603	0.04758849013324781	0.5848583830994392	142	bacteria	0.5	1.0864837487971446
GSL_+_blue_beads_19_(fitc)	25	270.4	302.08	242.29	778.2	442.95625	0.04059067202521614	0.59723873864271	160	bacteria	0.5	1.273793179069488
GSL_+_blue_beads_19_(fitc)	26	229.24	260.8	201.81	437.2782608695652	487.31304347826085	0.03869323082929876	0.6334044267387016	115	bacteria	0.5	1.3362575326849244
GSL_+_blue_beads_19_(fitc)	27	246.53	276.82	219.86	2369.503759398496	496.9248120300752	0.047928719566393004	0.607597918194195	133	bacteria	0.5	1.0787711757653813
GSL_+_blue_beads_19_(fitc)	28	223.18	241.05	207.0	1559.4220183486239	501.1467889908257	0.04066911217834391	0.5124008995209964	109	virus	0.5	1.2713363629093233
GSL_+_blue_beads_19_(fitc)	29	37.03	69.66	15.86	912.6666666666666	503.0	0.027884916338454083	0.9737231303555836	3	virus	0.5	1.854196746800548
GSL_+_blue_beads_19_(fitc)	30	249.29	276.5	225.55	981.4632352941177	528.8455882352941	0.04796526700232573	0.5784065936787893	136	bacteria	0.5	1.0779491993041548
GSL_+_blue_beads_19_(fitc)	31	211.62	237.31	188.49	1090.704081632653	534.6224489795918	0.03879588415459459	0.6075165822835815	98	bacteria	0.5	1.3327218153744202
GSL_+_blue_beads_19_(fitc)	32	237.08	265.03	212.92	1894.5365853658536	535.6178861788618	0.045017865479545234	0.595446297038817	123	bacteria	0.5	1.1485244937492607
GSL_+_blue_beads_19_(fitc)	33	248.37	285.6	217.42	1038.7259259259258	545.8814814814815	0.04851550209796249	0.6484445118275334	135	bacteria	0.5	1.065723715590247
GSL_+_blue_beads_19_(fitc)	34	239.0	275.78	207.64	198.384	550.648	0.043255896890310244	0.6580976530737596	125	bacteria	0.5	1.1953080360506698
GSL_+_blue_beads_19_(fitc)	35	216.95	244.29	192.66	684.9320388349514	551.495145631068	0.03998792102825871	0.6148287652235193	103	bacteria	0.5	1.2929934797817741
GSL_+_blue_beads_19_(fitc)	36	188.79	200.04	179.08	2108.1153846153848	558.1025641025641	0.033615188589454115	0.4455986188390183	78	virus	0.5	1.538117836881267
GSL_+_blue_beads_19_(fitc)	37	206.15	231.06	184.12	1408.8064516129032	559.5268817204301	0.03896883908202497	0.6041498927099608	93	bacteria	0.5	1.3268068122515972
GSL_+_blue_beads_19_(fitc)	38	257.41	290.31	228.11	1237.7931034482758	613.5172413793103	0.049645687342427386	0.6185663173304696	145	bacteria	0.5	1.0414624900435305
GSL_+_blue_beads_19_(fitc)	39	239.95	266.81	216.01	822.7857142857143	633.7936507936508	0.03874276085953524	0.5870099970153537	126	bacteria	0.5	1.3345492167433328
GSL_+_blue_beads_19_(fitc)	40	206.15	240.23	177.53	150.4731182795699	634.1505376344086	0.03437232771110188	0.6737100146068442	93	bacteria	0.5	1.504236826616405
GSL_+_blue_beads_19_(fitc)	41	194.75	222.18	171.96	562.4939759036145	672.2650602409639	0.035575089036028795	0.6331803340827952	83	bacteria	0.5	1.4533799509877117
GSL_+_blue_beads_19_(fitc)	42	111.08	116.98	111.09	279.85185185185185	672.0370370370371	0.029213527737042527	0.31321154298393716	27	virus	0.5	1.7698691381940355
GSL_+_blue_beads_19_(fitc)	43	198.24	216.91	181.28	2418.0	682.2209302325581	0.03646795166235786	0.5490924812668252	86	bacteria	0.5	1.4177961416170213
GSL_+_blue_beads_19_(fitc)	44	229.24	268.19	196.67	294.03478260869565	691.3826086956522	0.042378111174140046	0.6798722353181506	115	bacteria	0.5	1.2200666742107629
GSL_+_blue_beads_19_(fitc)	45	181.39	204.48	163.14	634.5138888888889	691.7361111111111	0.030753754648676388	0.6029288528953463	72	bacteria	0.5	1.6812295523009353
GSL_+_blue_beads_19_(fitc)	46	211.62	245.84	183.5	1946.1938775510205	708.9489795918367	0.038939988118158055	0.6654624363607085	98	bacteria	0.5	1.3277898545494657
GSL_+_blue_beads_19_(fitc)	47	97.96	115.01	89.42	1164.3809523809523	710.3333333333334	0.0293700809010832	0.6288850392858538	21	virus	0.5	1.7604350949424898
GSL_+_blue_beads_19_(fitc)	48	85.51	90.89	84.55	1873.25	711.4375	0.029080845383589522	0.3671461646779431	16	virus	0.5	1.7779442267776688
GSL_+_blue_beads_19_(fitc)	49	82.79	102.44	76.41	1330.9333333333334	733.8666666666667	0.028725879387165656	0.6660577184881941	15	virus	0.5	1.7999143024553577
GSL_+_blue_beads_19_(fitc)	50	208.35	238.11	182.83	132.57894736842104	738.0421052631579	0.03973706807229751	0.6406380021637621	95	bacteria	0.5	1.3011559148122525
GSL_+_blue_beads_19_(fitc)	51	214.83	245.39	187.72	411.0495049504951	739.3960396039604	0.03753761988607761	0.6440297172366024	101	bacteria	0.5	1.3773947660102883
GSL_+_blue_beads_19_(fitc)	52	122.8	147.34	105.26	491.72727272727275	741.6060606060606	0.029538100577400285	0.6997205751928947	33	virus	0.5	1.7504213253009921
GSL_+_blue_beads_19_(fitc)	53	42.75	84.72	37.89	1800.5	761.5	0.027990662298086853	0.8944271909999159	4	virus	0.5	1.8471917744904864
GSL_+_blue_beads_19_(fitc)	54	313.44	350.78	280.25	1344.2093023255813	794.1674418604651	0.051728320865005006	0.6014242786312728	215	bacteria	0.5	0.9995321768610825
GSL_+_blue_beads_19_(fitc)	55	220.09	243.71	199.3	1932.7924528301887	799.1320754716982	0.04180173531535356	0.5755760062951142	106	bacteria	0.5	1.2368893484806205
GSL_+_blue_beads_19_(fitc)	56	264.41	294.07	238.26	1711.549019607843	808.6013071895425	0.05136116599146305	0.5861203793412135	153	bacteria	0.5	1.0066773244236893
GSL_+_blue_beads_19_(fitc)	57	126.47	137.53	115.89	2058.0857142857144	839.6	0.031083752548981478	0.5383944873691245	35	virus	0.5	1.6633809279652498
GSL_+_blue_beads_19_(fitc)	58	245.6	287.04	209.89	281.95454545454544	856.0909090909091	0.04404689526234623	0.6821557743322786	132	bacteria	0.5	1.1738425796327718
GSL_+_blue_beads_19_(fitc)	59	255.63	287.89	228.07	1926.3706293706293	867.7622377622378	0.05035676262307443	0.610251696322087	143	bacteria	0.5	1.0267562580735718
GSL_+_blue_beads_19_(fitc)	60	279.54	315.03	248.45	1305.7836257309941	870.8771929824561	0.05153290572425161	0.6148325444903241	171	bacteria	0.5	1.0033224486938805
GSL_+_blue_beads_19_(fitc)	61	70.9	82.34	58.11	225.36363636363637	876.9090909090909	0.0283186270664435	0.7084437526374182	11	virus	0.5	1.8257990063661822
GSL_+_blue_beads_19_(fitc)	62	220.09	245.52	197.92	1394.311320754717	910.7641509433962	0.04307492243076326	0.5917024031340384	106	bacteria	0.5	1.200329988815974
GSL_+_blue_beads_19_(fitc)	63	239.0	269.79	212.02	1994.472	915.744	0.046076188067069444	0.6184152799218339	125	bacteria	0.5	1.1221440689560827
GSL_+_blue_beads_19_(fitc)	64	272.92	307.05	242.56	1418.79754601227	984.8895705521472	0.050311182588331047	0.6131319771373951	163	bacteria	0.5	1.0276864605356948
GSL_+_blue_beads_19_(fitc)	65	244.67	285.54	211.08	197.04580152671755	986.5190839694657	0.04631626819475213	0.6734299145028746	131	bacteria	0.5	1.1163274411953887
GSL_+_blue_beads_19_(fitc)	66	263.55	292.59	237.55	1521.0986842105262	989.1776315789474	0.051310221864166	0.5837978105529459	152	bacteria	0.5	1.0076768191812497
GSL_+_blue_beads_19_(fitc)	67	237.08	267.01	210.41	1698.1707317073171	990.869918699187	0.0478571054793223	0.6156475149942127	123	bacteria	0.5	1.0803854650571565
GSL_+_blue_beads_19_(fitc)	68	246.53	272.2	224.3	1871.421052631579	1018.8045112781955	0.04895623758036745	0.5665185665535315	133	bacteria	0.5	1.0561293864686514
GSL_+_blue_beads_19_(fitc)	69	52.36	84.26	57.17	2179.6666666666665	1033.5	0.02813678658133623	0.7346206725237874	6	virus	0.5	1.8375986543489486
GSL_+_blue_beads_19_(fitc)	70	228.24	251.54	207.33	1742.9473684210527	1043.1666666666667	0.04177576636552009	0.5662252855753168	114	bacteria	0.5	1.2376582324589347
GSL_+_blue_beads_19_(fitc)	71	56.56	120.56	37.44	1060.4285714285713	1043.4285714285713	0.02805667945047278	0.950548002962179	7	virus	0.5	1.8428453463581824
GSL_+_blue_beads_19_(fitc)	72	223.18	248.18	202.03	1024.8899082568807	1052.51376146789	0.04006568717360866	0.5808223724324519	109	bacteria	0.5	1.2904838231159708
GSL_+_blue_beads_19_(fitc)	73	377.59	401.16	359.19	1066.0320512820513	1057.7115384615386	0.04837277839418066	0.4453206696753968	312	virus	0.5	1.0688681294723215
GSL_+_blue_beads_19_(fitc)	74	260.94	292.56	233.95	2427.3355704697988	1055.0872483221476	0.05055307574236853	0.6004665364248836	149	bacteria	0.5	1.0227690481794718
GSL_+_blue_beads_19_(fitc)	75	268.7	310.88	233.82	1748.012658227848	1066.2025316455697	0.050136868872106236	0.6590021525082888	158	bacteria	0.5	1.0312594767626728
GSL_+_blue_beads_19_(fitc)	76	300.8	349.29	266.68	1114.1060606060605	1111.2828282828282	0.04614825159621809	0.6458056678135601	198	bacteria	0.5	1.120391767210618
GSL_+_blue_beads_19_(fitc)	77	216.95	243.74	193.18	2107.4368932038833	1124.3009708737864	0.04307426495500811	0.60982476610502	103	bacteria	0.5	1.2003483103791313
GSL_+_blue_beads_19_(fitc)	78	143.4	159.88	130.07	1042.6444444444444	1124.1777777777777	0.030089762710270977	0.5815011899375488	45	virus	0.5	1.7183293087890683
GSL_+_blue_beads_19_(fitc)	79	74.05	100.48	57.11	1175.9166666666667	1127.5	0.028891899970410004	0.8227562897103409	12	virus	0.5	1.7895715135564094
GSL_+_blue_beads_19_(fitc)	80	256.52	280.87	235.07	1455.3194444444443	1133.173611111111	0.050876674268759026	0.5472779037160989	144	bacteria	0.5	1.0162637771179175
GSL_+_blue_beads_19_(fitc)	81	221.12	241.79	203.26	536.1495327102804	1154.2803738317757	0.035333429718816915	0.5416036959784616	107	bacteria	0.5	1.4633201919832832
GSL_+_blue_beads_19_(fitc)	82	241.85	279.97	208.9	481.078125	1155.8671875	0.043872601617432776	0.6658055653437107	128	bacteria	0.5	1.1785059297468783
GSL_+_blue_beads_19_(fitc)	83	262.68	301.28	229.5	405.70198675496687	1164.3112582781457	0.04936791922878337	0.6478746669551664	151	bacteria	0.5	1.0473222685355057
GSL_+_blue_beads_19_(fitc)	84	267.85	297.0	241.83	901.9554140127389	1165.9872611464968	0.05093131488547481	0.5805632399437496	157	bacteria	0.5	1.0151734993653698
GSL_+_blue_beads_19_(fitc)	85	135.2	152.82	121.29	739.075	1168.875	0.03019776072469386	0.6083718985141996	40	virus	0.5	1.7121839473774816
GSL_+_blue_beads_19_(fitc)	86	271.24	301.14	245.06	1377.2360248447205	1180.5776397515529	0.049922806966732625	0.5812042095851292	161	bacteria	0.5	1.0356813709217394
GSL_+_blue_beads_19_(fitc)	87	281.17	327.29	242.0	246.02890173410404	1219.2312138728323	0.05145020383269605	0.6732582983070952	173	bacteria	0.5	1.0049352054599558
GSL_+_blue_beads_19_(fitc)	88	262.68	294.49	234.01	181.09271523178808	1221.4834437086092	0.04995712362891287	0.6071120175198929	151	bacteria	0.5	1.0349699382941067
GSL_+_blue_beads_19_(fitc)	89	102.52	123.16	112.05	901.2608695652174	1232.8695652173913	0.028404740184167818	0.41496285317944176	23	virus	0.5	1.820263830062623
GSL_+_blue_beads_19_(fitc)	90	251.12	280.89	224.79	599.1449275362319	1266.6521739130435	0.04868067634017125	0.5996463470766624	138	bacteria	0.5	1.0621076995370504
GSL_+_blue_beads_19_(fitc)	91	47.8	79.39	38.82	1729.8	1273.0	0.027971463665332624	0.8723226380638736	5	virus	0.5	1.8484596222130576
GSL_+_blue_beads_19_(fitc)	92	224.2	248.49	202.82	2273.1272727272726	1289.6636363636364	0.04246284822568355	0.5777747244590575	110	bacteria	0.5	1.2176319611149846
GSL_+_blue_beads_19_(fitc)	93	273.75	295.32	254.76	813.1219512195122	1297.0853658536585	0.050929898535192614	0.5058150116288346	164	bacteria	0.5	1.0152017311371513
GSL_+_blue_beads_19_(fitc)	94	88.14	99.34	84.27	1071.1764705882354	1302.8823529411766	0.028626286702549533	0.5295530658078001	17	virus	0.5	1.8061763195770029
GSL_+_blue_beads_19_(fitc)	95	106.88	129.33	112.17	1084.48	1328.16	0.028504317844335835	0.49772844544735073	25	virus	0.5	1.8139048772163922
GSL_+_blue_beads_19_(fitc)	96	279.54	314.33	248.97	1990.3508771929824	1335.0701754385964	0.05178595441758506	0.6104266605982023	171	bacteria	0.5	0.9984197788968381
GSL_+_blue_beads_19_(fitc)	97	261.81	293.21	234.38	397.4866666666667	1336.62	0.05021706723811446	0.6008644964555674	150	bacteria	0.5	1.0296125202692816
GSL_+_blue_beads_19_(fitc)	98	148.1	167.09	135.78	646.0	1358.3958333333333	0.0303223378704395	0.5828019944929873	48	virus	0.5	1.7051495626916051
GSL_+_blue_beads_19_(fitc)	99	202.8	226.53	182.73	1610.2555555555555	1366.2888888888888	0.03625640459979383	0.5910278736882562	90	bacteria	0.5	1.426068627882121
GSL_+_blue_beads_19_(fitc)	100	74.05	88.18	64.4	14.75	1375.3333333333333	0.02837691182904314	0.683130050924143	12	virus	0.5	1.822048906204409
GSL_+_blue_beads_19_(fitc)	101	236.11	262.76	212.83	2234.811475409836	1383.3196721311476	0.04586864648784754	0.5864873296197891	122	bacteria	0.5	1.127221427239313
GSL_+_blue_beads_19_(fitc)	102	246.53	277.77	219.58	1652.5563909774437	1401.6315789473683	0.047065308158396504	0.6124411755804007	133	bacteria	0.5	1.0985611947032994
GSL_+_blue_beads_19_(fitc)	103	223.18	248.91	200.53	483.8348623853211	1443.1834862385322	0.0415982463720269	0.5924383756117219	109	bacteria	0.5	1.2429399234083072
GSL_+_blue_beads_19_(fitc)	104	60.46	92.54	58.82	1925.625	1470.875	0.02800034843113139	0.7720230325558332	8	virus	0.5	1.8465527772533452
GSL_+_blue_beads_19_(fitc)	105	265.28	296.08	238.13	510.5194805194805	1498.357142857143	0.047792030927363734	0.5942585966903404	154	bacteria	0.5	1.081856538763733
GSL_+_blue_beads_19_(fitc)	106	220.09	243.9	199.27	1867.0	1524.6132075471698	0.039221466273481186	0.576634747054192	106	bacteria	0.5	1.3182607911455295
GSL_+_blue_beads_19_(fitc)	107	223.18	252.73	196.85	1710.9724770642201	1541.5412844036698	0.04199184084025546	0.6271651993198724	109	bacteria	0.5	1.2312897011650148
GSL_+_blue_beads_19_(fitc)	108	265.28	295.38	239.37	163.0194805194805	1573.948051948052	0.050885250338048894	0.5858764698518765	154	bacteria	0.5	1.0160924986332593
GSL_+_blue_beads_19_(fitc)	109	37.03	69.66	15.86	948.6666666666666	1572.0	0.028540956838448216	0.9737231303097955	3	virus	0.5	1.8115763060163117
GSL_+_blue_beads_19_(fitc)	110	70.9	101.03	51.98	1105.7272727272727	1574.3636363636363	0.028137932648264016	0.8575139967579278	11	virus	0.5	1.8375238083725005
GSL_+_blue_beads_19_(fitc)	111	270.4	304.81	240.89	1625.65625	1609.0625	0.05204733864983095	0.612724367192672	160	bacteria	0.5	0.993405666856992
GSL_+_blue_beads_19_(fitc)	112	205.04	227.04	186.47	1464.4782608695652	1652.9782608695652	0.037558861760717856	0.5704865038618475	92	bacteria	0.5	1.376615763517185
GSL_+_blue_beads_19_(fitc)	113	88.14	116.4	69.36	1614.6470588235295	1655.1764705882354	0.02890944027437195	0.8030505939521062	17	virus	0.5	1.788485721925319
GSL_+_blue_beads_19_(fitc)	114	273.75	303.86	247.89	1956.658536585366	1673.9817073170732	0.0515849830199704	0.5783272978374857	164	bacteria	0.5	1.0023095508154085
GSL_+_blue_beads_19_(fitc)	115	64.13	112.96	60.72	1384.111111111111	1680.888888888889	0.02846606411448921	0.843274042822009	9	virus	0.5	1.8163424684078346
GSL_+_blue_beads_19_(fitc)	116	97.96	129.28	82.79	2361.6190476190477	1689.8095238095239	0.028914478683175496	0.7680432260576215	21	virus	0.5	1.7881740745217778
GSL_+_blue_beads_19_(fitc)	117	279.54	307.85	255.38	1999.8538011695907	1725.7134502923977	0.050911745992066444	0.5583967322137567	171	bacteria	0.5	1.0155637005186198
GSL_+_blue_beads_19_(fitc)	118	60.46	88.63	56.4	1903.25	1731.375	0.028630166557285317	0.7713494196902086	8	virus	0.5	1.8059315532137632
GSL_+_blue_beads_19_(fitc)	119	270.4	298.85	245.58	92.48125	1774.00625	0.047902559973926805	0.5698422227117488	160	bacteria	0.5	1.0793602928050063
GSL_+_blue_beads_19_(fitc)	120	60.46	89.55	40.87	1655.5	1769.75	0.0281962899698748	0.8897891991866603	8	virus	0.5	1.833720720520615
GSL_+_blue_beads_19_(fitc)	121	248.37	270.59	229.34	339.1777777777778	1794.9185185185186	0.037905464603456146	0.5307127625404734	135	bacteria	0.5	1.3640281605954179
GSL_+_blue_beads_19_(fitc)	122	263.55	283.98	244.76	256.20394736842104	1825.8815789473683	0.04788075594050558	0.507089886678867	152	bacteria	0.5	1.079851814031762
GSL_+_blue_beads_19_(fitc)	123	260.94	286.25	238.31	1131.1275167785234	1840.2147651006712	0.04945381697060821	0.5539512631258001	149	bacteria	0.5	1.0455031446874206
GSL_+_blue_beads_19_(fitc)	124	168.32	200.43	141.51	2234.4193548387098	1852.774193548387	0.03317960111161712	0.7081746361678848	62	bacteria	0.5	1.558310510895923
GSL_+_blue_beads_19_(fitc)	125	190.0	208.97	172.61	1627.6962025316457	1876.0253164556962	0.03533707017029332	0.5637193466888317	79	bacteria	0.5	1.463169439639422
GSL_+_blue_beads_19_(fitc)	126	146.55	171.57	138.42	56.744680851063826	1878.936170212766	0.02882205954278139	0.590817374455359	47	virus	0.5	1.793907929543381
GSL_+_blue_beads_19_(fitc)	127	272.92	298.69	250.63	243.09202453987731	1888.5766871165645	0.05020046566640592	0.5439870776910224	163	bacteria	0.5	1.0299530188256267
GSL_+_blue_beads_19_(fitc)	128	235.14	258.74	214.18	2360.7438016528927	1889.495867768595	0.044872128326371635	0.5610338524705956	121	bacteria	0.5	1.1522547088362682
GSL_+_blue_beads_19_(fitc)	129	309.04	363.3	269.73	464.5645933014354	1910.0526315789473	0.044098316136086405	0.6698977178244054	209	bacteria	0.5	1.1724738196354088
GSL_+_blue_beads_19_(fitc)	130	227.24	257.01	201.72	1793.1150442477876	1919.2477876106195	0.04261904136250242	0.6196239836752861	113	bacteria	0.5	1.2131695013923502
GSL_+_blue_beads_19_(fitc)	131	286.8	298.09	276.54	1371.0777777777778	1950.2277777777779	0.05106476564639547	0.3732574143923965	180	virus	0.5	1.012520482667028
GSL_+_blue_beads_19_(fitc)	132	122.8	137.82	109.35	1322.1818181818182	1969.3030303030303	0.030250042165810703	0.6086798720884989	33	virus	0.5	1.7092247632634445
GSL_+_blue_beads_19_(fitc)	133	88.14	111.22	80.16	486.5882352941176	1979.7058823529412	0.028530174206609946	0.693233166131613	17	virus	0.5	1.8122609692158158
GSL_+_blue_beads_19_(fitc)	134	252.93	274.77	232.54	804.6428571428571	1987.5214285714285	0.05073913087554138	0.5327106962885109	140	bacteria	0.5	1.0190186601026467
GSL_+_blue_beads_19_(fitc)	135	154.15	176.03	138.38	340.38461538461536	1986.923076923077	0.030655631646421436	0.6180307549400743	52	bacteria	0.5	1.6866108568864755
GSL_+_blue_beads_19_(fitc)	136	271.24	293.7	251.54	682.4968944099379	1993.5217391304348	0.04960664868532476	0.5162158370349351	161	bacteria	0.5	1.0422820837494462
GSL_+_blue_beads_19_(fitc)	137	52.36	75.09	53.07	240.66666666666666	2011.5	0.028083697047529884	0.7074838714783845	6	virus	0.5	1.8410724582330116
GSL_+_blue_beads_1_(fitc)	1	111.08	154.71	79.55	258.3333333333333	17.37037037037037	0.03800366489269936	0.8576701330709592	27	virus	0.5	1.366993537916924
GSL_+_blue_beads_1_(fitc)	2	191.2	216.48	169.93	1387.65	26.0125	0.0427907466488897	0.6195038174676075	80	bacteria	0.5	1.2140653854851178
GSL_+_blue_beads_1_(fitc)	3	102.52	116.77	92.01	1955.1304347826087	90.78260869565217	0.03534275052880309	0.6157551078646755	23	virus	0.5	1.4699128830717987
GSL_+_blue_beads_1_(fitc)	4	211.62	229.24	197.3	862.8265306122449	116.73469387755102	0.04527906984057285	0.5091866146251903	98	virus	0.5	1.1473461029212484
GSL_+_blue_beads_1_(fitc)	5	198.24	214.37	183.48	322.86046511627904	205.1046511627907	0.046248266159058055	0.5171484966132753	86	virus	0.5	1.1233018800490828
GSL_+_blue_beads_1_(fitc)	6	231.22	254.01	210.73	1722.08547008547	216.4102564102564	0.04564011549064472	0.5583095988482084	117	bacteria	0.5	1.138269782339379
GSL_+_blue_beads_1_(fitc)	7	396.48	403.4	390.18	1167.9040697674418	238.61918604651163	0.05722646269834722	0.253896072489045	344	virus	0.5	0.9078101611718298
GSL_+_blue_beads_1_(fitc)	8	210.54	226.68	195.29	276.5360824742268	238.5463917525773	0.047346793237118844	0.5077201982397999	97	virus	0.5	1.0972393434398855
GSL_+_blue_beads_1_(fitc)	9	141.8	159.19	127.16	813.6363636363636	252.6590909090909	0.03766018287075378	0.6016239651364345	44	virus	0.5	1.3794612868389526
GSL_+_blue_beads_1_(fitc)	10	37.03	43.75	25.26	1469.6666666666667	251.33333333333334	0.03286743074359972	0.816496580950004	3	virus	0.5	1.5806153127924876
GSL_+_blue_beads_1_(fitc)	11	219.05	248.71	192.39	1333.057142857143	264.48571428571427	0.05136046474591906	0.6337285151252986	105	bacteria	0.5	1.0114932678760105
GSL_+_blue_beads_1_(fitc)	12	141.8	152.11	133.97	443.95454545454544	312.54545454545456	0.03811642028730728	0.4735794839252607	44	virus	0.5	1.3629497191471527
GSL_+_blue_beads_1_(fitc)	13	222.15	249.76	198.79	2306.425925925926	320.5925925925926	0.04866980570566363	0.6053803726338324	108	bacteria	0.5	1.0674126097740897
GSL_+_blue_beads_1_(fitc)	14	245.6	256.38	235.01	174.0	334.3636363636364	0.05141197193572779	0.39965714752630394	132	virus	0.5	1.0104799012655277
GSL_+_blue_beads_1_(fitc)	15	120.92	137.91	106.62	660.3125	334.71875	0.03594381452946479	0.6342767629842365	32	virus	0.5	1.4453325281570735
GSL_+_blue_beads_1_(fitc)	16	152.66	167.47	139.5	1546.0980392156862	365.1764705882353	0.03768410467558201	0.5533023907583227	51	virus	0.5	1.3785856071868567
GSL_+_blue_beads_1_(fitc)	17	191.2	212.05	171.91	159.8625	379.0625	0.04550841989092015	0.5854798614705121	80	bacteria	0.5	1.1415637908325953
GSL_+_blue_beads_1_(fitc)	18	224.2	243.88	206.29	1373.5727272727272	392.2	0.04255658696773331	0.5334265461631131	110	bacteria	0.5	1.220745553793346
GSL_+_blue_beads_1_(fitc)	19	209.45	227.88	193.15	1136.5833333333333	394.875	0.04187054628862824	0.5306197593839732	96	bacteria	0.5	1.2407472299827569
GSL_+_blue_beads_1_(fitc)	20	214.83	231.34	199.94	1300.3663366336634	408.009900990099	0.04423970357666649	0.5030745198656994	101	virus	0.5	1.1743018177201547
GSL_+_blue_beads_1_(fitc)	21	232.21	254.78	212.76	1902.906779661017	426.3305084745763	0.04527161140955328	0.5501268646397425	118	bacteria	0.5	1.1475351264946925
GSL_+_blue_beads_1_(fitc)	22	202.8	222.32	187.15	1621.9777777777779	438.1222222222222	0.041955566184876635	0.5398047926554136	90	bacteria	0.5	1.2382329461735768
GSL_+_blue_beads_1_(fitc)	23	177.57	198.18	159.62	294.7536231884058	440.15942028985506	0.041593961654378696	0.5926962573803408	69	bacteria	0.5	1.2489977453256442
GSL_+_blue_beads_1_(fitc)	24	119.02	131.11	111.73	737.3225806451613	450.7741935483871	0.035372310379752525	0.523163339771683	31	virus	0.5	1.4686845096558194
GSL_+_blue_beads_1_(fitc)	25	212.69	225.95	200.94	28.91919191919192	485.3030303030303	0.046798939241206795	0.4572648890758559	99	virus	0.5	1.1100842277155136
GSL_+_blue_beads_1_(fitc)	26	154.15	166.76	143.74	1180.5576923076924	500.8076923076923	0.03765029866669701	0.5069743376316158	52	virus	0.5	1.3798234320895983
GSL_+_blue_beads_1_(fitc)	27	222.15	237.71	207.77	837.3518518518518	516.0185185185185	0.04317013829097097	0.48584779251115695	108	virus	0.5	1.2033958282766444
GSL_+_blue_beads_1_(fitc)	28	880.34	889.84	872.95	1748.7594339622642	536.8248820754717	0.05530768850909115	0.19390348001000346	1696	virus	0.5	0.9393045655296357
GSL_+_blue_beads_1_(fitc)	29	202.8	210.37	195.74	203.51111111111112	529.6	0.04391290386888468	0.3664265316997783	90	virus	0.5	1.1830409685634793
GSL_+_blue_beads_1_(fitc)	30	237.08	255.37	220.73	1906.7317073170732	547.9268292682926	0.04289347811234478	0.5028727486838541	123	virus	0.5	1.211157654070697
GSL_+_blue_beads_1_(fitc)	31	186.36	205.41	168.86	1096.8157894736842	568.0921052631579	0.04741257963691979	0.5694159433955983	76	bacteria	0.5	1.095716890397304
GSL_+_blue_beads_1_(fitc)	32	340.02	361.62	320.35	302.501976284585	621.2213438735178	0.054331923791727396	0.4639386581365007	253	virus	0.5	0.9561738421894485
GSL_+_blue_beads_1_(fitc)	33	212.69	237.51	190.41	2313.4747474747473	648.3030303030303	0.04253690634003223	0.5977566526649439	99	bacteria	0.5	1.221310358355528
GSL_+_blue_beads_1_(fitc)	34	232.21	239.58	226.58	213.66949152542372	667.2203389830509	0.04611400321710501	0.3249198841500647	118	virus	0.5	1.1265724227171467
GSL_+_blue_beads_1_(fitc)	35	85.51	94.71	75.65	646.4375	690.75	0.03311142966376879	0.6017040856918728	16	virus	0.5	1.5689677206033146
GSL_+_blue_beads_1_(fitc)	36	90.69	100.6	85.35	2084.3888888888887	708.3888888888889	0.03346757387763423	0.5292954523184203	18	virus	0.5	1.5522715962449265
GSL_+_blue_beads_1_(fitc)	37	203.92	214.61	193.66	263.5934065934066	713.5714285714286	0.04321601628580871	0.430972477328108	91	virus	0.5	1.2021183068310695
GSL_+_blue_beads_1_(fitc)	38	52.36	59.24	43.75	1045.1666666666667	718.8333333333334	0.033134357071123575	0.6741998627393744	6	virus	0.5	1.5678820691757174
GSL_+_blue_beads_1_(fitc)	39	240.9	251.77	231.82	1878.0787401574803	741.7874015748032	0.04272461326087026	0.39008748351995276	127	virus	0.5	1.2159446361345976
GSL_+_blue_beads_1_(fitc)	40	211.62	215.96	208.23	660.6938775510204	748.734693877551	0.0416344150056212	0.26510097740199257	98	virus	0.5	1.247784178508723
GSL_+_blue_beads_1_(fitc)	41	140.18	149.17	132.48	1086.3488372093022	752.6046511627907	0.03528409460382173	0.4595349026947982	43	virus	0.5	1.4723564515058676
GSL_+_blue_beads_1_(fitc)	42	225.22	231.65	219.49	106.35135135135135	766.4324324324324	0.04497699821694425	0.3196757159001987	111	virus	0.5	1.155051835049072
GSL_+_blue_beads_1_(fitc)	43	242.79	252.7	234.35	144.15503875968992	784.1395348837209	0.04841453977503563	0.37412450319388046	129	virus	0.5	1.0730405487045045
GSL_+_blue_beads_1_(fitc)	44	239.95	256.11	226.13	176.65873015873015	794.5714285714286	0.0451765419128662	0.4694876018571944	126	virus	0.5	1.149949998954763
GSL_+_blue_beads_1_(fitc)	45	247.45	253.53	243.24	133.67910447761193	818.2537313432836	0.046355278727398745	0.2820455330342285	134	virus	0.5	1.1207087035542789
GSL_+_blue_beads_1_(fitc)	46	102.52	120.48	87.59	102.95652173913044	818.7826086956521	0.034784156498920915	0.6866320678214156	23	virus	0.5	1.4935180137857282
GSL_+_blue_beads_1_(fitc)	47	263.55	278.99	249.97	660.671052631579	826.4078947368421	0.04354384369642696	0.4441122897513199	152	virus	0.5	1.193067949803962
GSL_+_blue_beads_1_(fitc)	48	215.89	221.62	210.59	719.9215686274509	826.8529411764706	0.04099751072156657	0.3116043265145788	102	virus	0.5	1.2671687478369706
GSL_+_blue_beads_1_(fitc)	49	135.2	148.93	122.7	781.3	841.225	0.034958482234140754	0.5667790243298833	40	virus	0.5	1.4860703613369326
GSL_+_blue_beads_1_(fitc)	50	213.77	236.12	193.97	1178.78	851.3	0.04533070892330158	0.5702274091178714	100	bacteria	0.5	1.1460390882785372
GSL_+_blue_beads_1_(fitc)	51	181.39	197.51	165.85	447.43055555555554	880.0972222222222	0.04036106150769009	0.5430508847104797	72	virus	0.5	1.287150594777642
GSL_+_blue_beads_1_(fitc)	52	60.46	65.63	51.88	1702.875	891.875	0.03278647754632217	0.6123724356957945	8	virus	0.5	1.5845180151506664
GSL_+_blue_beads_1_(fitc)	53	155.62	176.65	138.15	1904.4716981132076	920.0188679245283	0.03732300392892084	0.6231969364818729	53	bacteria	0.5	1.3919234481880676
GSL_+_blue_beads_1_(fitc)	54	176.28	186.6	167.84	1239.3676470588234	921.7058823529412	0.036347174424180284	0.437058879123771	68	virus	0.5	1.4292930646878448
GSL_+_blue_beads_1_(fitc)	55	113.11	121.32	105.28	1938.4285714285713	930.0357142857143	0.03461547353095188	0.4969488126528444	28	virus	0.5	1.5007960032390668
GSL_+_blue_beads_1_(fitc)	56	97.96	111.82	88.52	1548.142857142857	965.9047619047619	0.03411678937433528	0.6109942637972814	21	virus	0.5	1.5227330964665982
GSL_+_blue_beads_1_(fitc)	57	173.66	188.51	161.71	1527.4545454545455	978.0757575757576	0.03576759832372426	0.5139384051784427	66	virus	0.5	1.45245324707815
GSL_+_blue_beads_1_(fitc)	58	194.75	212.35	180.83	1099.578313253012	991.2650602409639	0.03727241467094297	0.5242316149991908	83	virus	0.5	1.3938126838339868
GSL_+_blue_beads_1_(fitc)	59	130.03	145.31	115.32	1848.2432432432433	1001.4054054054054	0.03789499456870449	0.6084465566903812	37	virus	0.5	1.3709136237318196
GSL_+_blue_beads_1_(fitc)	60	200.53	215.8	188.67	762.1022727272727	1010.1477272727273	0.03939444810065615	0.48547165226200223	88	virus	0.5	1.318733142110322
GSL_+_blue_beads_1_(fitc)	61	199.39	217.67	184.1	1323.6896551724137	1022.6091954022988	0.0369784416851807	0.5335756015943608	87	virus	0.5	1.4048932826258016
GSL_+_blue_beads_1_(fitc)	62	222.15	223.95	221.51	266.55555555555554	1061.1203703703704	0.04319455547847766	0.14702659154387554	108	virus	0.5	1.2027155679693369
GSL_+_blue_beads_1_(fitc)	63	326.3	356.96	299.22	1298.74678111588	1096.931330472103	0.06225503289935862	0.5453171242993713	233	bacteria	0.5	0.8344829631600037
GSL_+_blue_beads_1_(fitc)	64	266.14	299.19	239.0	451.4129032258065	1120.5354838709677	0.04317093224837733	0.6015681614554328	155	bacteria	0.5	1.2033736966019069
GSL_+_blue_beads_1_(fitc)	65	90.69	96.17	84.53	648.1111111111111	1120.2777777777778	0.033909636598704745	0.4769224905286792	18	virus	0.5	1.532035419319848
GSL_+_blue_beads_1_(fitc)	66	205.04	226.7	186.21	1927.804347826087	1125.8695652173913	0.05071840098639297	0.570403044572239	92	bacteria	0.5	1.0242981504763518
GSL_+_blue_beads_1_(fitc)	67	181.39	206.73	165.66	1949.6805555555557	1125.0972222222222	0.03791745510616854	0.5981797645794832	72	bacteria	0.5	1.3701015582406204
GSL_+_blue_beads_1_(fitc)	68	231.22	250.53	215.96	1109.8119658119658	1153.5128205128206	0.03969553959410009	0.5068463053601533	117	virus	0.5	1.3087305237992453
GSL_+_blue_beads_1_(fitc)	69	203.92	226.38	185.04	1433.142857142857	1205.2197802197802	0.03843503695891878	0.5760448286306437	91	bacteria	0.5	1.3516512129546738
GSL_+_blue_beads_1_(fitc)	70	159.97	167.06	154.82	1465.767857142857	1209.5357142857142	0.03569872165211541	0.3757003167988347	56	virus	0.5	1.4552555923918309
GSL_+_blue_beads_1_(fitc)	71	42.75	70.3	43.32	162.25	1230.0	0.0322450733300368	0.7876480070835765	4	virus	0.5	1.6111225362631545
GSL_+_blue_beads_1_(fitc)	72	183.89	198.41	171.88	335.2972972972973	1242.7297297297298	0.03901697422482442	0.49955557636507514	74	virus	0.5	1.3314913664531882
GSL_+_blue_beads_1_(fitc)	73	200.53	220.8	182.46	989.8636363636364	1262.7386363636363	0.051897300194509735	0.5631532685234141	88	bacteria	0.5	1.0010301909881665
GSL_+_blue_beads_1_(fitc)	74	128.26	148.4	112.66	750.3333333333334	1266.6944444444443	0.03601182571128238	0.6508803254517465	36	virus	0.5	1.4426029033347316
GSL_+_blue_beads_1_(fitc)	75	148.1	181.13	122.72	2388.2708333333335	1301.3333333333333	0.03675281063831286	0.7354900147245627	48	bacteria	0.5	1.4135181343471015
GSL_+_blue_beads_1_(fitc)	76	74.05	101.43	55.05	2144.9166666666665	1308.0833333333333	0.03329861333726893	0.8398966343824871	12	virus	0.5	1.5601479797158773
GSL_+_blue_beads_1_(fitc)	77	67.6	73.1	66.47	1875.1	1328.3	0.03424793307136649	0.41625220333992624	10	virus	0.5	1.5169021796796993
GSL_+_blue_beads_1_(fitc)	78	223.18	246.31	203.9	1161.532110091743	1333.1467889908256	0.040039326056664215	0.5610016516310532	109	bacteria	0.5	1.2974934755884462
GSL_+_blue_beads_1_(fitc)	79	208.35	236.18	185.28	2329.1684210526314	1342.7578947368422	0.04462749083106175	0.6201219575270649	95	bacteria	0.5	1.1640978096245862
GSL_+_blue_beads_1_(fitc)	80	169.67	191.15	151.45	2013.2857142857142	1384.4603174603174	0.038449955450118055	0.6100987494498812	63	bacteria	0.5	1.351126775501135
GSL_+_blue_beads_1_(fitc)	81	251.12	283.77	224.04	1703.891304347826	1401.0144927536232	0.04138908784432554	0.6137406272710292	138	bacteria	0.5	1.255180218536823
GSL_+_blue_beads_1_(fitc)	82	227.24	246.19	210.99	111.87610619469027	1444.1769911504425	0.046688277592404605	0.5152773727612879	113	bacteria	0.5	1.1127153753457764
GSL_+_blue_beads_1_(fitc)	83	209.45	237.01	185.37	1419.3958333333333	1452.8125	0.04348810819704296	0.6231360324245085	96	bacteria	0.5	1.1945970169613578
GSL_+_blue_beads_1_(fitc)	84	251.12	277.23	229.68	575.3260869565217	1455.840579710145	0.04465104087023521	0.5600238015429795	138	bacteria	0.5	1.1634838362774012
GSL_+_blue_beads_1_(fitc)	85	187.58	210.39	170.19	2136.5194805194806	1454.064935064935	0.0371318902917451	0.5879117760447855	77	bacteria	0.5	1.3990875206541697
GSL_+_blue_beads_1_(fitc)	86	224.2	247.11	205.07	226.27272727272728	1462.3636363636363	0.0420521742008331	0.5579196525565858	110	bacteria	0.5	1.23538830780481
GSL_+_blue_beads_1_(fitc)	87	149.64	166.51	133.62	1543.8775510204082	1493.9183673469388	0.03781820917434577	0.596724737645234	49	virus	0.5	1.3736971014672326
GSL_+_blue_beads_1_(fitc)	88	162.8	180.58	147.22	968.0344827586207	1503.551724137931	0.036769265294098526	0.579112860555188	58	virus	0.5	1.4128855692370443
GSL_+_blue_beads_1_(fitc)	89	229.24	253.04	209.13	291.0869565217391	1516.2782608695652	0.04337879473231809	0.5629852016832764	115	bacteria	0.5	1.1976073712065565
GSL_+_blue_beads_1_(fitc)	90	385.97	612.23	249.34	602.3895705521472	1525.4693251533743	0.04297724485613812	0.9133064170248021	326	virus	0.5	1.2087969924405368
GSL_+_blue_beads_1_(fitc)	91	216.95	234.67	203.39	1416.1941747572816	1530.0582524271845	0.04080458592053048	0.4988546892059572	103	virus	0.5	1.2731599439988852
GSL_+_blue_beads_1_(fitc)	92	197.08	222.63	174.42	552.9411764705883	1542.235294117647	0.046571619601637984	0.6214566694932836	85	bacteria	0.5	1.1155026337897236
GSL_+_blue_beads_1_(fitc)	93	133.5	164.0	111.52	976.6153846153846	1541.051282051282	0.03581437803798678	0.7332010487092526	39	bacteria	0.5	1.4505560942696907
GSL_+_blue_beads_1_(fitc)	94	193.57	221.04	170.09	38.91463414634146	1547.5243902439024	0.0413690909922825	0.6386487917575043	82	bacteria	0.5	1.2557869433285789
GSL_+_blue_beads_1_(fitc)	95	323.49	334.19	314.48	2254.685589519651	1557.5633187772926	0.04726630668916418	0.3383643024723189	229	virus	0.5	1.099107756972051
GSL_+_blue_beads_1_(fitc)	96	161.39	177.92	148.39	817.4035087719299	1584.7368421052631	0.03676485675756668	0.5517234861954358	57	virus	0.5	1.4130549907497778
GSL_+_blue_beads_1_(fitc)	97	256.52	283.06	233.74	200.15972222222223	1610.263888888889	0.0452718009126368	0.5639837532595496	144	bacteria	0.5	1.147530323031156
GSL_+_blue_beads_1_(fitc)	98	216.95	237.22	200.46	962.9514563106796	1616.2524271844661	0.03977811997485366	0.5347021268290858	103	bacteria	0.5	1.3060135662098098
GSL_+_blue_beads_1_(fitc)	99	185.13	201.72	170.3	1123.2666666666667	1623.2933333333333	0.036921501011534866	0.5359730772164353	75	virus	0.5	1.407059921785142
GSL_+_blue_beads_1_(fitc)	100	226.23	243.35	211.2	1232.1875	1643.0	0.04024971533535503	0.4967890187864965	112	virus	0.5	1.2907113477110026
GSL_+_blue_beads_1_(fitc)	101	232.21	259.92	210.05	806.2203389830509	1672.8305084745762	0.03979178091741551	0.5889692067418402	118	bacteria	0.5	1.3055651978306708
GSL_+_blue_beads_1_(fitc)	102	211.62	242.89	186.34	2116.581632653061	1678.2755102040817	0.03842655452049723	0.6414267322325615	98	bacteria	0.5	1.35194958209873
GSL_+_blue_beads_1_(fitc)	103	130.03	149.72	113.48	394.02702702702703	1695.6486486486488	0.03561969385153476	0.6523056821705681	37	virus	0.5	1.4584843020272582
GSL_+_blue_beads_1_(fitc)	104	93.18	111.73	91.05	312.42105263157896	1715.6842105263158	0.03286359055541027	0.5795930317427493	19	virus	0.5	1.5808000114256455
GSL_+_blue_beads_1_(fitc)	105	228.24	255.56	205.6	990.8333333333334	1732.4298245614036	0.0399509495366249	0.5939216622898255	114	bacteria	0.5	1.3003636941809007
GSL_+_blue_beads_1_(fitc)	106	188.79	204.16	175.3	582.2820512820513	1741.2820512820513	0.039300123738539354	0.5125323608588886	78	virus	0.5	1.3218982380591129
GSL_+_blue_beads_1_(fitc)	107	205.04	231.64	185.68	1027.9565217391305	1754.2717391304348	0.03978455059337898	0.5978744851761622	92	bacteria	0.5	1.305802467305639
GSL_+_blue_beads_1_(fitc)	108	219.05	239.88	201.97	2105.5809523809526	1781.0666666666666	0.039492937608967986	0.5395406110007362	105	bacteria	0.5	1.3154444179326736
GSL_+_blue_beads_1_(fitc)	109	178.85	243.21	138.94	14.5	1798.2428571428572	0.04747752137489553	0.8207730065314476	70	virus	0.5	1.0942181230410661
GSL_+_blue_beads_1_(fitc)	110	74.05	82.23	74.03	2104.3333333333335	1803.5833333333333	0.033297315797638054	0.4353618479096327	12	virus	0.5	1.5602087760228835
GSL_+_blue_beads_1_(fitc)	111	136.88	155.33	121.12	247.0	1807.780487804878	0.03615634942684446	0.6260642775636498	41	virus	0.5	1.4368365487393258
GSL_+_blue_beads_1_(fitc)	112	202.8	220.12	189.17	1117.1444444444444	1826.1444444444444	0.03785969722731562	0.5113247678394722	90	virus	0.5	1.3721917535039878
GSL_+_blue_beads_1_(fitc)	113	122.8	145.24	107.64	1274.4545454545455	1825.3636363636363	0.03565657889704814	0.6713843655255358	33	virus	0.5	1.456975568954011
GSL_+_blue_beads_1_(fitc)	114	234.17	262.19	209.93	368.71666666666664	1837.0833333333333	0.0441496081698937	0.5990693993863321	120	bacteria	0.5	1.1766981968575276
GSL_+_blue_beads_1_(fitc)	115	267.85	288.35	249.04	1074.2993630573249	1852.5859872611466	0.053776148997661116	0.5040280173048379	157	bacteria	0.5	0.9660558685178402
GSL_+_blue_beads_1_(fitc)	116	243.73	265.5	226.23	990.5076923076923	1867.123076923077	0.04108683615115524	0.523402408038869	130	bacteria	0.5	1.264413841317874
GSL_+_blue_beads_1_(fitc)	117	259.18	276.43	244.32	1432.312925170068	1880.530612244898	0.04318618779041872	0.46783407599202	147	virus	0.5	1.2029486042527255
GSL_+_blue_beads_1_(fitc)	118	198.24	219.76	180.36	1049.1744186046512	1889.6279069767443	0.03996214102263857	0.571359494482682	86	bacteria	0.5	1.2999995244511588
GSL_+_blue_beads_1_(fitc)	119	104.72	187.46	59.83	12.833333333333334	1915.75	0.03694048398782565	0.9477010961734467	24	virus	0.5	1.4063368618180945
GSL_+_blue_beads_1_(fitc)	120	192.39	220.75	168.05	1937.037037037037	1919.962962962963	0.044577401398022486	0.6484300259762414	81	bacteria	0.5	1.1654058490673909
GSL_+_blue_beads_1_(fitc)	121	197.08	223.84	175.66	1420.0823529411764	1932.6235294117646	0.03818658022921901	0.6197988539080523	85	bacteria	0.5	1.360445580977409
GSL_+_blue_beads_1_(fitc)	122	162.8	183.86	145.17	1701.2068965517242	1934.3275862068965	0.03717081978153095	0.6136189475745739	58	bacteria	0.5	1.3976222378418741
GSL_+_blue_beads_1_(fitc)	123	268.7	294.05	246.72	277.8987341772152	1946.0506329113923	0.045072401041593005	0.5440793107542076	158	bacteria	0.5	1.1526069862029296
GSL_+_blue_beads_1_(fitc)	124	202.8	219.26	189.87	762.9333333333333	1945.0333333333333	0.039095598517753516	0.5000882530127025	90	virus	0.5	1.3288136336342102
GSL_+_blue_beads_1_(fitc)	125	180.12	208.0	158.34	1835.2112676056338	1982.112676056338	0.038678657285722604	0.648443743446317	71	bacteria	0.5	1.3431377398061024
GSL_+_blue_beads_1_(fitc)	126	82.79	97.81	69.85	562.3333333333334	2004.8	0.033078021696445165	0.7000068330034396	15	virus	0.5	1.5705523384145839
GSL_+_blue_beads_1_(fitc)	127	202.8	236.39	173.34	1560.4	2026.1444444444444	0.04804363576586888	0.6799489037305401	90	bacteria	0.5	1.0813245812338605
GSL_+_blue_beads_1_(fitc)	128	95.6	136.17	67.28	1298.35	2029.9	0.035155004813118354	0.8694228996351094	20	virus	0.5	1.4777629700706079
GSL_+_blue_beads_1_(fitc)	129	79.98	169.45	36.31	663.0	2030.642857142857	0.03640866153408283	0.9767710236603891	14	virus	0.5	1.4268792681886482
GSL_+_blue_beads_20_(fitc)	1	174.98	200.58	153.43	2211.134328358209	71.58208955223881	0.034016002595792544	0.6441193811119919	67	virus	0.5	0.17675998840092133
GSL_+_blue_beads_20_(fitc)	2	56.56	80.43	49.37	2359.0	144.85714285714286	0.028351154196952586	0.7894962891176902	7	virus	0.5	0.21207842835986868
GSL_+_blue_beads_20_(fitc)	3	165.58	176.55	157.08	1634.1333333333334	171.08333333333334	0.03344810145754887	0.45652364145243174	60	virus	0.5	0.17976112132729155
GSL_+_blue_beads_20_(fitc)	4	104.72	108.06	104.37	934.75	204.91666666666666	0.029036610727724264	0.2593499473459882	24	virus	0.5	0.20707197133503882
GSL_+_blue_beads_20_(fitc)	5	124.65	132.83	119.85	1406.4705882352941	249.7058823529412	0.030822368710025402	0.4311475111017989	34	virus	0.5	0.19507482636538234
GSL_+_blue_beads_20_(fitc)	6	219.05	240.95	199.92	1534.009523809524	285.7142857142857	0.037426496333102445	0.5581701907208262	105	virus	0.5	0.1606527143434477
GSL_+_blue_beads_20_(fitc)	7	233.19	264.12	207.33	1156.4285714285713	289.1764705882353	0.03750433882676901	0.6195285406403057	119	virus	0.5	0.16031927004633423
GSL_+_blue_beads_20_(fitc)	8	185.13	206.85	167.15	1229.9866666666667	322.17333333333335	0.03320102073842366	0.5891048777655786	75	virus	0.5	0.1810988966769783
GSL_+_blue_beads_20_(fitc)	9	177.57	216.1	148.53	102.97101449275362	360.768115942029	0.03104823117525138	0.726381111792664	69	virus	0.5	0.1936557412993856
GSL_+_blue_beads_20_(fitc)	10	203.92	229.49	183.64	1346.8241758241759	371.1868131868132	0.03524005027874283	0.5997118478786769	91	virus	0.5	0.1706203077668395
GSL_+_blue_beads_20_(fitc)	11	214.83	239.18	193.31	1698.5742574257426	406.7524752475247	0.03943687997256776	0.5888780599987902	101	virus	0.5	0.15246308096534014
GSL_+_blue_beads_20_(fitc)	12	187.58	213.03	167.5	1022.0649350649351	461.6233766233766	0.03314681496728489	0.6179138037975734	77	virus	0.5	0.1813950519895308
GSL_+_blue_beads_20_(fitc)	13	119.02	137.55	103.93	559.3548387096774	461.38709677419354	0.029582251314968718	0.6551133155950728	31	virus	0.5	0.20325255709106796
GSL_+_blue_beads_20_(fitc)	14	199.39	236.34	169.63	723.0459770114943	477.82758620689657	0.03487828086511664	0.6963311366200643	87	virus	0.5	0.17239003973649236
GSL_+_blue_beads_20_(fitc)	15	162.8	190.49	137.87	2051.5	527.0	0.03384240355537873	0.6900184863999006	58	virus	0.5	0.17766670190664924
GSL_+_blue_beads_20_(fitc)	16	216.95	265.79	177.89	347.2135922330097	560.8155339805825	0.03442165611436944	0.7430153631242584	103	virus	0.5	0.17467690120139195
GSL_+_blue_beads_20_(fitc)	17	154.15	174.44	135.85	2409.923076923077	570.0192307692307	0.03264755233751853	0.6272765735567811	52	virus	0.5	0.18416903546451316
GSL_+_blue_beads_20_(fitc)	18	231.22	262.99	203.71	1038.974358974359	602.1880341880342	0.039060684624735144	0.6324715276756663	117	virus	0.5	0.1539314602916735
GSL_+_blue_beads_20_(fitc)	19	143.4	176.32	120.41	1037.7333333333333	712.1111111111111	0.03088508290534064	0.7305061381389849	45	virus	0.5	0.19467871408039156
GSL_+_blue_beads_20_(fitc)	20	276.25	320.72	238.69	627.3173652694611	737.5988023952095	0.04306879133936041	0.667936385075878	167	virus	0.5	0.13960615186298586
GSL_+_blue_beads_20_(fitc)	21	255.63	297.53	220.25	1377.7132867132866	770.5594405594405	0.04092176004278476	0.6723274626644026	143	virus	0.5	0.1469308313716614
GSL_+_blue_beads_20_(fitc)	22	205.04	245.42	171.82	596.0217391304348	770.9782608695652	0.034038502889622194	0.7140473234712268	92	virus	0.5	0.17664314566875877
GSL_+_blue_beads_20_(fitc)	23	213.77	247.36	185.85	2364.35	856.42	0.04084282782679237	0.6599129342057124	100	virus	0.5	0.1472147876189358
GSL_+_blue_beads_20_(fitc)	24	171.01	211.29	141.84	277.40625	874.796875	0.030859030548419267	0.7411744019467086	64	virus	0.5	0.19484306918987104
GSL_+_blue_beads_20_(fitc)	25	122.8	150.73	101.59	646.030303030303	884.8181818181819	0.030198184566000055	0.7387859914479626	33	virus	0.5	0.19910694337061655
GSL_+_blue_beads_20_(fitc)	26	208.35	235.92	184.34	1668.5157894736842	888.1368421052632	0.0365815278615044	0.6240890290902701	95	virus	0.5	0.16436350737021216
GSL_+_blue_beads_20_(fitc)	27	249.29	293.83	211.66	941.0147058823529	899.7132352941177	0.04309466634812932	0.6935887134790351	136	virus	0.5	0.13952232918352786
GSL_+_blue_beads_20_(fitc)	28	173.66	206.45	149.11	955.8030303030303	915.0151515151515	0.032227255536259374	0.6916371891007616	66	virus	0.5	0.1865709047893655
GSL_+_blue_beads_20_(fitc)	29	212.69	246.36	184.16	2047.20202020202	961.2222222222222	0.03989289684376348	0.6642417252800938	99	virus	0.5	0.15072027102534094
GSL_+_blue_beads_20_(fitc)	30	198.24	243.65	163.85	247.87209302325581	973.3488372093024	0.03328652049296016	0.7401065027004105	86	virus	0.5	0.18063372606186437
GSL_+_blue_beads_20_(fitc)	31	56.56	69.12	47.47	2002.4285714285713	1108.142857142857	0.02857341639042923	0.7268710700456384	7	virus	0.5	0.21042874755053667
GSL_+_blue_beads_20_(fitc)	32	235.14	291.94	191.08	115.25619834710744	1113.4876033057851	0.03598446170924359	0.7560458988534929	121	virus	0.5	0.16709068132964405
GSL_+_blue_beads_20_(fitc)	33	242.79	279.42	211.59	973.6201550387597	1126.8837209302326	0.03935697692107225	0.6531282708588776	129	virus	0.5	0.15277261351490481
GSL_+_blue_beads_20_(fitc)	34	117.08	158.57	94.68	458.1	1128.5	0.02946095969349505	0.8022050194334167	30	virus	0.5	0.20408935373566905
GSL_+_blue_beads_20_(fitc)	35	146.55	168.83	130.2	560.1276595744681	1142.936170212766	0.03053553970575682	0.6366035362437042	47	virus	0.5	0.19690721965999639
GSL_+_blue_beads_20_(fitc)	36	82.79	100.53	78.26	929.8	1223.0	0.028813584763235346	0.6276459145023634	15	virus	0.5	0.2086747717677203
GSL_+_blue_beads_20_(fitc)	37	88.14	114.87	89.15	1588.235294117647	1257.2941176470588	0.02848748050857386	0.6306128899794	17	virus	0.5	0.21106353095944622
GSL_+_blue_beads_20_(fitc)	38	273.75	338.35	222.75	936.0853658536586	1267.2378048780488	0.038107713270158855	0.7527149496414026	164	virus	0.5	0.15778087185793857
GSL_+_blue_beads_20_(fitc)	39	221.12	263.01	186.37	685.5420560747664	1268.2803738317757	0.03831376631141727	0.7055815049615353	107	virus	0.5	0.15693231971523144
GSL_+_blue_beads_20_(fitc)	40	214.83	239.28	193.32	1674.7920792079208	1283.3762376237623	0.03460690709478616	0.5892693445646665	101	virus	0.5	0.17374185470575793
GSL_+_blue_beads_20_(fitc)	41	235.14	266.46	207.45	2227.438016528926	1284.9173553719008	0.04293464363557307	0.6276147130073662	121	virus	0.5	0.14004234611362334
GSL_+_blue_beads_20_(fitc)	42	243.73	283.45	209.47	1316.3461538461538	1287.8692307692309	0.043185119028034354	0.6737062194278811	130	virus	0.5	0.139230094986534
GSL_+_blue_beads_20_(fitc)	43	131.77	157.04	115.85	2148.9736842105262	1337.842105263158	0.029365513709093623	0.6751189878338965	38	virus	0.5	0.2047527001857303
GSL_+_blue_beads_20_(fitc)	44	222.15	257.18	191.89	2192.0925925925926	1344.6203703703704	0.041144087961851976	0.6658011084076055	108	virus	0.5	0.1461368697697913
GSL_+_blue_beads_20_(fitc)	45	224.2	280.14	180.43	20.772727272727273	1365.2	0.03547818667087221	0.7649761881928997	110	virus	0.5	0.16947507154345165
GSL_+_blue_beads_20_(fitc)	46	264.41	302.37	232.59	1855.1307189542483	1387.986928104575	0.045604526499751386	0.6389922423003179	153	virus	0.5	0.13184367179671908
GSL_+_blue_beads_20_(fitc)	47	126.47	156.23	133.41	1717.4571428571428	1387.5714285714287	0.028672902228331378	0.5203751188182013	35	virus	0.5	0.20969862682184115
GSL_+_blue_beads_20_(fitc)	48	239.0	278.13	205.81	586.664	1402.088	0.03847228519201258	0.6726334742967871	125	virus	0.5	0.15628570526209135
GSL_+_blue_beads_20_(fitc)	49	240.9	276.52	209.91	1665.5905511811025	1420.976377952756	0.03846417192662417	0.650966542940272	127	virus	0.5	0.15631867067742966
GSL_+_blue_beads_20_(fitc)	50	172.34	208.53	149.26	38.0	1428.2	0.031049313960439983	0.6982979154625292	65	virus	0.5	0.1936489879273583
GSL_+_blue_beads_20_(fitc)	51	213.77	240.4	189.76	1421.52	1432.43	0.03626494335290569	0.6139341370062171	100	virus	0.5	0.16579836250581764
GSL_+_blue_beads_20_(fitc)	52	119.02	131.61	118.68	2283.064516129032	1471.5483870967741	0.029189910258669415	0.43228710956086663	31	virus	0.5	0.20598447103797568
GSL_+_blue_beads_20_(fitc)	53	198.24	228.98	173.71	2025.593023255814	1507.2558139534883	0.03537440873846815	0.6515471654402327	86	virus	0.5	0.16997226070211263
GSL_+_blue_beads_20_(fitc)	54	199.39	225.87	176.95	2368.5172413793102	1510.344827586207	0.038301069542879554	0.6214962136322936	87	virus	0.5	0.15698434263164848
GSL_+_blue_beads_20_(fitc)	55	255.63	291.74	224.17	1805.006993006993	1525.3356643356644	0.03996058743767454	0.6399844719446353	143	virus	0.5	0.1504649608481306
GSL_+_blue_beads_20_(fitc)	56	239.95	273.1	211.01	754.4206349206349	1534.095238095238	0.040065755119255066	0.634822653546834	126	virus	0.5	0.15007000882377958
GSL_+_blue_beads_20_(fitc)	57	224.2	258.94	194.28	2191.590909090909	1546.4272727272728	0.04035441589592201	0.6611029983885381	110	virus	0.5	0.14899653707750993
GSL_+_blue_beads_20_(fitc)	58	218.0	254.01	187.98	657.2692307692307	1549.3653846153845	0.035271122412729734	0.6725351536877788	104	virus	0.5	0.1704699996195177
GSL_+_blue_beads_20_(fitc)	59	213.77	241.35	189.41	1453.29	1592.29	0.036846503261851675	0.6197482869972266	100	virus	0.5	0.16318151498796632
GSL_+_blue_beads_20_(fitc)	60	222.15	256.82	192.76	2319.777777777778	1600.5555555555557	0.04215256903926578	0.6608294090854389	108	virus	0.5	0.14264061150524668
GSL_+_blue_beads_20_(fitc)	61	183.89	217.66	157.16	281.5	1606.554054054054	0.0306675452599097	0.6918473622867672	74	virus	0.5	0.19605965111717272
GSL_+_blue_beads_20_(fitc)	62	120.92	147.9	110.02	1647.21875	1610.0625	0.028659160888993757	0.6683043669019019	32	virus	0.5	0.20979917198437936
GSL_+_blue_beads_20_(fitc)	63	225.22	247.27	206.39	1035.900900900901	1622.2252252252251	0.037342812502217444	0.5507290168317716	111	virus	0.5	0.1610127310020091
GSL_+_blue_beads_20_(fitc)	64	247.45	281.5	218.43	2135.417910447761	1635.0149253731342	0.04497120155801813	0.6307922473238244	134	virus	0.5	0.13370041306370148
GSL_+_blue_beads_20_(fitc)	65	225.22	263.36	195.13	405.4054054054054	1641.018018018018	0.03508549440874429	0.6716053119486671	111	virus	0.5	0.17137191097354107
GSL_+_blue_beads_20_(fitc)	66	271.24	303.28	242.5	2356.8571428571427	1647.975155279503	0.050945661143304385	0.6005424279564828	161	virus	0.5	0.11802120316713613
GSL_+_blue_beads_20_(fitc)	67	216.95	245.56	192.78	2003.8252427184466	1654.4368932038835	0.03643111097412515	0.6194104607809234	103	virus	0.5	0.16504213194454706
GSL_+_blue_beads_20_(fitc)	68	141.8	166.96	123.81	233.29545454545453	1676.840909090909	0.029837612360908095	0.6708455026052698	44	virus	0.5	0.20151304841521195
GSL_+_blue_beads_20_(fitc)	69	235.14	265.43	209.09	2201.3223140495866	1704.6528925619834	0.041946103022326375	0.6160051088540409	121	virus	0.5	0.14334271341196286
GSL_+_blue_beads_20_(fitc)	70	218.0	252.58	189.5	1146.7692307692307	1708.125	0.037618158825582226	0.6611464835402595	104	virus	0.5	0.1598341974192816
GSL_+_blue_beads_20_(fitc)	71	241.85	273.97	214.81	763.890625	1765.8828125	0.03879061343156809	0.6206598291092609	128	virus	0.5	0.1550031745407987
GSL_+_blue_beads_20_(fitc)	72	302.31	416.96	221.23	916.315	1796.92	0.042016839057174675	0.8476285805683434	200	virus	0.5	0.14310139361259955
GSL_+_blue_beads_20_(fitc)	73	223.18	250.73	198.79	1096.0825688073394	1826.4770642201836	0.038809621795633256	0.6094180299434213	109	virus	0.5	0.15492725633710058
GSL_+_blue_beads_20_(fitc)	74	274.59	316.28	238.45	783.6909090909091	1836.460606060606	0.04717656841493103	0.6569702229274328	165	virus	0.5	0.1274503090473837
GSL_+_blue_beads_20_(fitc)	75	254.73	302.77	216.65	168.80281690140845	1862.6760563380283	0.03955547444379751	0.6985647141995995	142	virus	0.5	0.15200596905546193
GSL_+_blue_beads_20_(fitc)	76	164.2	196.21	139.68	1977.6949152542372	1869.3559322033898	0.031197189539793488	0.7022680011645218	59	virus	0.5	0.19273108613224782
GSL_+_blue_beads_20_(fitc)	77	258.29	297.84	225.46	584.6438356164383	1962.5205479452054	0.040994290705103645	0.6534449229243008	146	virus	0.5	0.14667086857364367
GSL_+_blue_beads_20_(fitc)	78	187.58	216.07	163.94	1308.7142857142858	1994.5844155844156	0.03431387737661597	0.6514364659370839	77	virus	0.5	0.17522555548838906
GSL_+_blue_beads_20_(fitc)	79	220.09	257.74	188.26	2358.0283018867926	2012.1509433962265	0.04109810454995093	0.6830118358010591	106	virus	0.5	0.14630037784273384
GSL_+_blue_beads_21_(fitc)	1	124.65	205.0	79.02	1728.4117647058824	17.205882352941178	0.03331975872207779	0.9227154560485405	34	virus	0.5	1.7733528391020896
GSL_+_blue_beads_21_(fitc)	2	190.0	227.88	159.0	2203.8227848101264	70.12658227848101	0.033608810514486304	0.7163661090214466	79	bacteria	0.5	1.7581011592934797
GSL_+_blue_beads_21_(fitc)	3	197.08	229.15	169.47	1626.729411764706	169.8	0.034522444339129744	0.6731060050480104	85	bacteria	0.5	1.7115731478208176
GSL_+_blue_beads_21_(fitc)	4	124.65	148.39	104.19	287.1470588235294	200.44117647058823	0.026308668015608806	0.7120615363317613	34	bacteria	0.5	2.24593995761917
GSL_+_blue_beads_21_(fitc)	5	214.83	250.83	184.4	927.8118811881188	203.5049504950495	0.03579836878887499	0.677892056314695	101	bacteria	0.5	1.650569306005805
GSL_+_blue_beads_21_(fitc)	6	220.09	258.54	187.1	1527.0188679245282	284.4433962264151	0.03908826874435708	0.6901389689771594	106	bacteria	0.5	1.5116476279477937
GSL_+_blue_beads_21_(fitc)	7	188.79	218.27	162.72	1150.0128205128206	287.94871794871796	0.03193900101321236	0.6664860370782839	78	bacteria	0.5	1.8500168087145294
GSL_+_blue_beads_21_(fitc)	8	203.92	242.79	171.92	1223.0	320.83516483516485	0.03358373249215115	0.7060787269710104	91	bacteria	0.5	1.7594139883588769
GSL_+_blue_beads_21_(fitc)	9	148.1	176.84	126.89	96.02083333333333	359.75	0.02751823213620251	0.6965163431822003	48	bacteria	0.5	2.1472196482512595
GSL_+_blue_beads_21_(fitc)	10	164.2	197.28	138.05	1340.050847457627	369.9491525423729	0.028978994723627673	0.71436925155199	59	bacteria	0.5	2.038983384051512
GSL_+_blue_beads_21_(fitc)	11	186.36	229.36	152.05	1691.421052631579	405.63157894736844	0.0319033352623012	0.7486705639953587	76	bacteria	0.5	1.8520850012134826
GSL_+_blue_beads_21_(fitc)	12	136.88	152.25	123.52	1611.341463414634	426.6585365853659	0.026345360852623814	0.5846553521687143	41	bacteria	0.5	2.2428118961258616
GSL_+_blue_beads_21_(fitc)	13	122.8	150.1	99.91	553.030303030303	459.93939393939394	0.026713893674222944	0.7462985056187661	33	bacteria	0.5	2.211871075350157
GSL_+_blue_beads_21_(fitc)	14	37.03	43.75	25.26	1016.3333333333334	460.3333333333333	0.02443543364648873	0.8164965809990156	3	bacteria	0.5	2.4181150039252084
GSL_+_blue_beads_21_(fitc)	15	190.0	229.42	157.34	716.7215189873418	476.39240506329116	0.03352316459807663	0.7277669069963353	79	bacteria	0.5	1.7625928051966604
GSL_+_blue_beads_21_(fitc)	16	209.45	244.6	179.55	2044.4583333333333	525.5833333333334	0.035840541553370686	0.6790887579545944	96	bacteria	0.5	1.6486271179804832
GSL_+_blue_beads_21_(fitc)	17	185.13	220.47	155.33	341.05333333333334	559.4133333333333	0.031326871701160795	0.7096920043801935	75	bacteria	0.5	1.8861662693821997
GSL_+_blue_beads_21_(fitc)	18	202.8	241.04	171.61	2402.488888888889	568.3222222222222	0.034735326400092435	0.7022132775281054	90	bacteria	0.5	1.7010834459248387
GSL_+_blue_beads_21_(fitc)	19	133.5	159.88	113.52	323.0769230769231	568.8717948717949	0.027037841533509556	0.7042094683471656	39	bacteria	0.5	2.185370036094134
GSL_+_blue_beads_21_(fitc)	20	198.24	232.8	169.79	1032.3255813953488	600.6860465116279	0.032775309955779874	0.6841475592474291	86	bacteria	0.5	1.8028109820384244
GSL_+_blue_beads_21_(fitc)	21	104.72	125.19	90.14	1031.25	710.9583333333334	0.025191152890658125	0.6939064940648405	24	bacteria	0.5	2.3455730265487498
GSL_+_blue_beads_21_(fitc)	22	247.45	283.99	215.75	621.3507462686567	736.1567164179105	0.043234219702443864	0.6502914165722996	134	bacteria	0.5	1.366687987771253
GSL_+_blue_beads_21_(fitc)	23	226.23	263.65	194.7	1370.9285714285713	769.3571428571429	0.03638689562336261	0.674254954755722	112	bacteria	0.5	1.6238727628650838
GSL_+_blue_beads_21_(fitc)	24	214.83	247.96	186.06	591.2970297029703	769.5049504950495	0.035374769869913156	0.6610561286918583	101	bacteria	0.5	1.6703342225343591
GSL_+_blue_beads_21_(fitc)	25	188.79	225.85	158.49	2357.474358974359	854.6923076923077	0.03204394742404918	0.7124390539692795	78	bacteria	0.5	1.8439578603117912
GSL_+_blue_beads_21_(fitc)	26	176.28	208.14	149.5	271.1764705882353	873.3676470588235	0.030963584024495883	0.6957665319642183	68	bacteria	0.5	1.9082961675640604
GSL_+_blue_beads_21_(fitc)	27	136.88	165.31	113.72	1661.5853658536585	886.6341463414634	0.027151427559262045	0.7257911319997048	41	bacteria	0.5	2.1762276992259637
GSL_+_blue_beads_21_(fitc)	28	215.89	255.73	182.24	934.9117647058823	897.8725490196078	0.03529276366365861	0.7015438342552894	102	bacteria	0.5	1.6742154083228278
GSL_+_blue_beads_21_(fitc)	29	166.96	191.36	145.71	949.1147540983607	913.6229508196722	0.02832838663270397	0.6482535341208148	61	bacteria	0.5	2.085811998194734
GSL_+_blue_beads_21_(fitc)	30	173.66	204.16	148.96	2040.1363636363637	959.6818181818181	0.02979182839609733	0.6838748716968827	66	bacteria	0.5	1.9833522112974318
GSL_+_blue_beads_21_(fitc)	31	155.62	181.03	134.09	241.79245283018867	971.9245283018868	0.028104297823340046	0.6718524983206914	53	bacteria	0.5	2.1024431600963944
GSL_+_blue_beads_21_(fitc)	32	209.45	248.96	176.23	109.11458333333333	1111.9375	0.0351216949380485	0.7063532964990922	96	bacteria	0.5	1.6823700801518437
GSL_+_blue_beads_21_(fitc)	33	198.24	230.96	171.61	967.0581395348837	1125.3372093023256	0.03184160650832989	0.6692220084793868	86	bacteria	0.5	1.8556754890032228
GSL_+_blue_beads_21_(fitc)	34	166.96	198.64	140.6	451.672131147541	1126.9344262295083	0.028915484363628764	0.706400201155159	61	bacteria	0.5	2.0434618346672586
GSL_+_blue_beads_21_(fitc)	35	211.62	243.27	185.5	554.0204081632653	1141.1326530612246	0.03508797300935858	0.6469597439411862	98	bacteria	0.5	1.6839869522309978
GSL_+_blue_beads_21_(fitc)	36	158.53	185.19	137.78	176.61818181818182	1245.709090909091	0.027511020987604485	0.6681763510376217	55	bacteria	0.5	2.147782474326058
GSL_+_blue_beads_21_(fitc)	37	164.2	235.48	115.91	926.271186440678	1264.2203389830509	0.026511121257604665	0.870462674147835	59	bacteria	0.5	2.2287887469506433
GSL_+_blue_beads_21_(fitc)	38	209.45	240.05	182.65	679.4791666666666	1266.59375	0.034819506038285576	0.6488748606724382	96	bacteria	0.5	1.6969709065666743
GSL_+_blue_beads_21_(fitc)	39	151.16	181.28	127.25	1668.38	1281.82	0.02781838551994541	0.7122148367066367	50	bacteria	0.5	2.124051688248701
GSL_+_blue_beads_21_(fitc)	40	202.8	236.3	174.67	2220.7	1283.2	0.032489345324008344	0.673519402493546	90	bacteria	0.5	1.8186789588625472
GSL_+_blue_beads_21_(fitc)	41	186.36	225.08	154.57	1310.157894736842	1286.2105263157894	0.030771391402131844	0.726911589108493	76	bacteria	0.5	1.920215045066167
GSL_+_blue_beads_21_(fitc)	42	180.12	215.0	151.46	2141.225352112676	1336.2957746478874	0.029695880303809544	0.7097203692320131	71	bacteria	0.5	1.9897604692464086
GSL_+_blue_beads_21_(fitc)	43	162.8	195.1	136.69	2185.2758620689656	1343.155172413793	0.028687907828751316	0.7135310083150431	58	bacteria	0.5	2.0596722870384774
GSL_+_blue_beads_21_(fitc)	44	162.8	179.91	152.27	15.275862068965518	1363.7931034482758	0.03080695865205051	0.5325499938754874	58	virus	0.5	1.9179981183913586
GSL_+_blue_beads_21_(fitc)	45	214.83	248.72	186.85	1848.90099009901	1386.6435643564357	0.03239565343204485	0.6600046504225469	101	bacteria	0.5	1.8239387840081478
GSL_+_blue_beads_21_(fitc)	46	194.75	222.36	171.34	580.2409638554217	1400.313253012048	0.030547128473795118	0.637380872243915	83	bacteria	0.5	1.9343123782872649
GSL_+_blue_beads_21_(fitc)	47	173.66	209.66	145.24	1658.878787878788	1419.6666666666667	0.028659284764387668	0.7212083487104752	66	bacteria	0.5	2.061729356254426
GSL_+_blue_beads_21_(fitc)	48	177.57	207.11	153.24	31.855072463768117	1426.4492753623188	0.030066598265467204	0.6727119675438782	69	bacteria	0.5	1.965226934097764
GSL_+_blue_beads_21_(fitc)	49	162.8	199.87	132.88	1414.5344827586207	1430.896551724138	0.02857904571767874	0.7470047785327427	58	bacteria	0.5	2.0675179049607717
GSL_+_blue_beads_21_(fitc)	50	190.0	225.49	160.93	2274.7088607594937	1469.8227848101267	0.032004471478305305	0.7004668111539442	79	bacteria	0.5	1.846232291886048
GSL_+_blue_beads_21_(fitc)	51	111.08	131.22	98.76	2018.5925925925926	1505.6296296296296	0.025464586985061224	0.658460148306378	27	bacteria	0.5	2.320386690844701
GSL_+_blue_beads_21_(fitc)	52	197.08	235.32	165.85	2361.8705882352942	1508.4941176470588	0.03157848710051762	0.709393825432204	85	bacteria	0.5	1.871137415162132
GSL_+_blue_beads_21_(fitc)	53	230.23	275.14	193.23	1798.5431034482758	1523.7672413793102	0.034680295219755596	0.7118884283732875	116	bacteria	0.5	1.7037827490676614
GSL_+_blue_beads_21_(fitc)	54	207.25	241.27	178.9	748.2765957446809	1532.372340425532	0.03286192174401576	0.670967727484619	94	bacteria	0.5	1.798059443640215
GSL_+_blue_beads_21_(fitc)	55	135.2	157.56	118.96	2184.7	1544.85	0.026391999474412547	0.655680052758363	40	bacteria	0.5	2.2388485110906315
GSL_+_blue_beads_21_(fitc)	56	180.12	206.06	158.47	650.6760563380282	1546.9718309859154	0.030432718143368377	0.6391853967262238	71	bacteria	0.5	1.9415843320215915
GSL_+_blue_beads_21_(fitc)	57	152.66	174.25	134.53	1446.3529411764705	1590.8431372549019	0.02755637573989327	0.6355656907628152	51	bacteria	0.5	2.14424746148501
GSL_+_blue_beads_21_(fitc)	58	162.8	205.03	130.02	2313.189655172414	1599.3103448275863	0.02839522621522534	0.7732072895389888	58	bacteria	0.5	2.080902200959076
GSL_+_blue_beads_21_(fitc)	59	213.77	245.27	187.5	275.36	1604.25	0.034283784376389535	0.6446793075908953	100	bacteria	0.5	1.7234879346833605
GSL_+_blue_beads_21_(fitc)	60	210.54	236.68	187.12	1029.2577319587629	1620.3917525773195	0.03407188425544392	0.6123387429834687	97	bacteria	0.5	1.7342066639168152
GSL_+_blue_beads_21_(fitc)	61	171.01	209.3	141.11	2129.109375	1633.53125	0.028579682559477827	0.7385294509485787	64	bacteria	0.5	2.0674718344062963
GSL_+_blue_beads_21_(fitc)	62	220.09	257.35	189.93	399.27358490566036	1639.122641509434	0.03582177302610961	0.6748008768807646	106	bacteria	0.5	1.6494909027793152
GSL_+_blue_beads_21_(fitc)	63	257.41	290.73	229.48	2350.5310344827585	1646.5448275862068	0.03900486799302149	0.6139763358982296	145	bacteria	0.5	1.5148798539342543
GSL_+_blue_beads_21_(fitc)	64	64.13	111.96	42.27	1070.5555555555557	1655.4444444444443	0.024721716422811003	0.9260029203906506	9	bacteria	0.5	2.3901127137544704
GSL_+_blue_beads_21_(fitc)	65	183.89	214.84	158.59	226.86486486486487	1674.445945945946	0.030603458918314716	0.6746034905909779	74	bacteria	0.5	1.9307519743342505
GSL_+_blue_beads_21_(fitc)	66	199.39	233.12	171.17	2194.7471264367814	1703.1149425287356	0.031427429252573386	0.6788602820544994	87	bacteria	0.5	1.8801311508212197
GSL_+_blue_beads_21_(fitc)	67	205.04	238.48	176.53	1140.2608695652175	1705.945652173913	0.032892869903279914	0.6723721905032745	92	bacteria	0.5	1.7963676900719852
GSL_+_blue_beads_21_(fitc)	68	187.58	221.76	159.65	757.4545454545455	1764.2987012987012	0.030296323185425942	0.6940370165238025	77	bacteria	0.5	1.9503254030646668
GSL_+_blue_beads_21_(fitc)	69	252.03	366.19	174.37	909.6690647482014	1795.2374100719423	0.031299060562624104	0.8793544998787651	139	virus	0.5	1.8878422440114084
GSL_+_blue_beads_21_(fitc)	70	221.12	259.14	189.13	1089.0093457943926	1824.3644859813085	0.03359756207444909	0.6836135473739879	107	bacteria	0.5	1.758689770319061
GSL_+_blue_beads_21_(fitc)	71	198.24	238.78	165.41	777.5697674418604	1834.6860465116279	0.03075423959280497	0.7212040753100553	86	bacteria	0.5	1.9212859596052887
GSL_+_blue_beads_21_(fitc)	72	238.04	278.51	204.52	162.93548387096774	1860.758064516129	0.03710118074876977	0.6787965137705139	124	bacteria	0.5	1.5926093869654683
GSL_+_blue_beads_21_(fitc)	73	226.23	264.12	195.41	578.8035714285714	1960.642857142857	0.03549874425719567	0.6727563057235493	112	bacteria	0.5	1.664500814448276
GSL_+_blue_beads_21_(fitc)	74	131.77	160.47	110.54	1301.6842105263158	1992.842105263158	0.02682179159396079	0.7248749040323424	38	bacteria	0.5	2.202973224998791
GSL_+_blue_beads_21_(fitc)	75	180.12	221.06	146.79	2351.394366197183	2010.4647887323943	0.028958439582346736	0.7477067808948445	71	bacteria	0.5	2.040430685499143
GSL_+_blue_beads_22_(fitc)	1	102.52	114.43	93.29	1528.4347826086957	28.434782608695652	0.057135127456349605	0.5791031469730518	23	virus	0.5	1.0565918493049926
GSL_+_blue_beads_22_(fitc)	2	135.2	157.47	115.14	27.65	35.525	0.06024577021670041	0.6822238850600024	40	bacteria	0.5	1.0020373175119015
GSL_+_blue_beads_22_(fitc)	3	195.92	216.84	176.33	2133.059523809524	37.976190476190474	0.06994300178397728	0.5819870339602073	84	bacteria	0.5	0.8631100816323595
GSL_+_blue_beads_22_(fitc)	4	188.79	213.56	166.63	2198.8846153846152	54.205128205128204	0.0692641530287493	0.6254864419809157	78	bacteria	0.5	0.8715693087927298
GSL_+_blue_beads_22_(fitc)	5	213.77	238.97	191.94	957.33	57.0	0.06934420452323894	0.5956994020603742	100	bacteria	0.5	0.8705631623353602
GSL_+_blue_beads_22_(fitc)	6	152.66	176.01	132.02	584.0392156862745	80.19607843137256	0.06276347998135545	0.6613592908333652	51	bacteria	0.5	0.9618413446372633
GSL_+_blue_beads_22_(fitc)	7	192.39	214.34	171.73	1714.0	85.0	0.06895659758829209	0.5983881475148121	81	bacteria	0.5	0.875456621856741
GSL_+_blue_beads_22_(fitc)	8	192.39	216.37	171.17	1884.1234567901236	96.62962962962963	0.06916610491825786	0.6117262209085642	81	bacteria	0.5	0.8728048232689382
GSL_+_blue_beads_22_(fitc)	9	188.79	210.38	168.89	658.8717948717949	161.97435897435898	0.06749757158203973	0.5962777119662819	78	bacteria	0.5	0.8943804727256914
GSL_+_blue_beads_22_(fitc)	10	188.79	213.72	167.0	297.2564102564103	162.75641025641025	0.06793027860807488	0.6240399754048459	78	bacteria	0.5	0.8886833856177484
GSL_+_blue_beads_22_(fitc)	11	191.2	215.6	168.63	605.025	167.95	0.06888246846725225	0.6231165698393263	80	bacteria	0.5	0.8763987604201637
GSL_+_blue_beads_22_(fitc)	12	190.0	211.0	170.59	1494.9746835443038	173.83544303797467	0.06818827397488289	0.5885334320143979	79	bacteria	0.5	0.8853209864443495
GSL_+_blue_beads_22_(fitc)	13	174.98	197.45	155.18	701.5373134328358	187.83582089552237	0.06791699752516087	0.6183177941292678	67	bacteria	0.5	0.8888571665291369
GSL_+_blue_beads_22_(fitc)	14	173.66	194.73	154.23	601.2727272727273	201.57575757575756	0.0664968951332731	0.6104981820685775	66	bacteria	0.5	0.9078395293252459
GSL_+_blue_beads_22_(fitc)	15	168.32	192.6	146.51	2205.3870967741937	223.67741935483872	0.06662533684911134	0.6491253964865327	62	bacteria	0.5	0.9060893773205154
GSL_+_blue_beads_22_(fitc)	16	182.64	203.64	164.02	2111.178082191781	233.78082191780823	0.06842137401492265	0.5926938474710541	73	bacteria	0.5	0.8823048476959051
GSL_+_blue_beads_22_(fitc)	17	213.77	240.35	189.29	1622.5	239.5	0.06984043944124341	0.616229287209658	100	bacteria	0.5	0.8643775792700842
GSL_+_blue_beads_22_(fitc)	18	135.2	145.37	126.73	1558.15	257.275	0.06047819126463435	0.48985987265176356	40	virus	0.5	0.9981864324484585
GSL_+_blue_beads_22_(fitc)	19	181.39	196.95	166.67	442.6666666666667	288.93055555555554	0.06808219499980334	0.5327322151906718	72	bacteria	0.5	0.8867004064653802
GSL_+_blue_beads_22_(fitc)	20	181.39	210.07	155.88	2278.0	315.5	0.06907124832152087	0.6703562897808957	72	bacteria	0.5	0.8740034594187518
GSL_+_blue_beads_22_(fitc)	21	158.53	172.63	144.98	1916.8545454545454	344.76363636363635	0.06574106438738857	0.5427954771875625	55	virus	0.5	0.9182770395022943
GSL_+_blue_beads_22_(fitc)	22	212.69	234.69	192.09	1597.5656565656566	364.6161616161616	0.0689975609107587	0.5745156166851474	99	bacteria	0.5	0.8749368699780763
GSL_+_blue_beads_22_(fitc)	23	201.67	224.92	180.86	2374.044943820225	378.39325842696627	0.06937747467817823	0.594486345723465	89	bacteria	0.5	0.8701456814248819
GSL_+_blue_beads_22_(fitc)	24	151.16	169.16	134.57	1589.94	388.14	0.06264660325239084	0.6058698852514052	50	bacteria	0.5	0.9636358053790728
GSL_+_blue_beads_22_(fitc)	25	202.8	230.22	178.39	1643.7333333333333	390.9555555555556	0.06981133735765295	0.6321264018416966	90	bacteria	0.5	0.8647379102638418
GSL_+_blue_beads_22_(fitc)	26	157.09	173.43	141.68	1253.1296296296296	405.1666666666667	0.06701938517183409	0.5767464868097189	54	bacteria	0.5	0.9007619187284289
GSL_+_blue_beads_22_(fitc)	27	216.95	257.64	182.4	109.94174757281553	420.5145631067961	0.06830640679799473	0.7062621921253991	103	bacteria	0.5	0.8837898640739675
GSL_+_blue_beads_22_(fitc)	28	191.2	217.78	167.44	1704.1125	422.7875	0.06879403721774725	0.6394247746847352	80	bacteria	0.5	0.8775253266253609
GSL_+_blue_beads_22_(fitc)	29	186.36	204.32	170.05	1117.592105263158	438.9605263157895	0.06875010590807298	0.5543843272401119	76	bacteria	0.5	0.87808606520695
GSL_+_blue_beads_22_(fitc)	30	203.92	226.02	184.28	1647.6153846153845	483.7692307692308	0.06901473661289916	0.579003846084787	91	bacteria	0.5	0.8747191243804262
GSL_+_blue_beads_22_(fitc)	31	155.62	175.33	137.64	2111.8867924528304	527.7735849056604	0.06533621495623851	0.6194411394117263	53	bacteria	0.5	0.9239670528789442
GSL_+_blue_beads_22_(fitc)	32	203.92	223.09	186.08	2203.945054945055	541.5274725274726	0.06838887788288141	0.5515779735162769	91	bacteria	0.5	0.8827240897674077
GSL_+_blue_beads_22_(fitc)	33	214.83	238.25	193.18	2216.4653465346537	558.6237623762377	0.06945511620650813	0.5852780959876087	101	bacteria	0.5	0.869172974959679
GSL_+_blue_beads_22_(fitc)	34	266.14	294.48	241.1	1933.2322580645161	570.1935483870968	0.06966413896061724	0.5741776110224444	155	bacteria	0.5	0.86656507752875
GSL_+_blue_beads_22_(fitc)	35	208.35	233.42	185.65	1318.4105263157894	570.3894736842105	0.06919562496562821	0.6061881768275512	95	bacteria	0.5	0.8724324696737396
GSL_+_blue_beads_22_(fitc)	36	97.96	113.24	87.29	788.6190476190476	587.0952380952381	0.05614892000577324	0.6370051873299385	21	virus	0.5	1.0751499756927434
GSL_+_blue_beads_22_(fitc)	37	200.53	221.85	180.77	1655.9772727272727	607.3977272727273	0.06933317697860658	0.5797159305326371	88	bacteria	0.5	0.8707016266975358
GSL_+_blue_beads_22_(fitc)	38	190.0	211.0	170.59	1846.9746835443038	624.8354430379746	0.06788052878584443	0.5885334319965456	79	bacteria	0.5	0.8893347040627346
GSL_+_blue_beads_22_(fitc)	39	208.35	230.1	188.45	1820.3157894736842	671.2315789473685	0.0700120872285539	0.5738068256410752	95	bacteria	0.5	0.8622583952155057
GSL_+_blue_beads_22_(fitc)	40	198.24	216.83	180.99	1126.046511627907	699.5813953488372	0.06887911320515382	0.5506974455715933	86	bacteria	0.5	0.8764414518458677
GSL_+_blue_beads_22_(fitc)	41	215.89	238.47	195.08	1613.5882352941176	729.5196078431372	0.07015167368462646	0.5751596617113605	102	bacteria	0.5	0.8605426899830398
GSL_+_blue_beads_22_(fitc)	42	191.2	210.75	172.77	1939.0625	742.025	0.06844706179362944	0.5727238434830977	80	bacteria	0.5	0.8819737238888983
GSL_+_blue_beads_22_(fitc)	43	197.08	218.09	178.16	1507.0588235294117	771.5294117647059	0.06903696128949187	0.5767142223301751	85	bacteria	0.5	0.8744375310239733
GSL_+_blue_beads_22_(fitc)	44	70.9	96.79	69.77	1717.4545454545455	789.6363636363636	0.052646203649533124	0.6931269785501184	11	virus	0.5	1.1466830615414423
GSL_+_blue_beads_22_(fitc)	45	197.08	219.51	177.1	1990.7764705882353	821.2235294117647	0.06979873067830128	0.5908748429049187	85	bacteria	0.5	0.8648940946736727
GSL_+_blue_beads_22_(fitc)	46	194.75	210.93	179.74	1451.7951807228915	825.3373493975904	0.06940774877801584	0.5233154076255672	83	bacteria	0.5	0.86976614343818
GSL_+_blue_beads_22_(fitc)	47	146.55	163.92	131.26	1646.3829787234042	830.2978723404256	0.0642255294713256	0.5990010912935613	47	bacteria	0.5	0.9399456956806137
GSL_+_blue_beads_22_(fitc)	48	201.67	228.52	177.91	818.2584269662922	842.1123595505618	0.0697965337544226	0.627616052865241	89	bacteria	0.5	0.8649213181815879
GSL_+_blue_beads_22_(fitc)	49	104.72	115.2	93.44	2233.3333333333335	850.125	0.05670666893761344	0.5849866172968106	24	virus	0.5	1.0645751392273821
GSL_+_blue_beads_22_(fitc)	50	37.03	43.75	25.26	1325.6666666666667	853.3333333333334	0.0524521428661161	0.8164965808564365	3	virus	0.5	1.1509255233570015
GSL_+_blue_beads_22_(fitc)	51	206.15	235.63	180.3	2053.494623655914	857.8709677419355	0.07042727878018136	0.6438270830488845	93	bacteria	0.5	0.8571751035249275
GSL_+_blue_beads_22_(fitc)	52	173.66	195.29	153.45	566.5	878.5	0.06503691976225916	0.6185130622268378	66	bacteria	0.5	0.9282190823313354
GSL_+_blue_beads_22_(fitc)	53	202.8	222.19	185.22	1471.3222222222223	879.5888888888888	0.0691634964493829	0.5523159892955154	90	bacteria	0.5	0.8728377406940583
GSL_+_blue_beads_22_(fitc)	54	193.57	215.96	172.93	607.1341463414634	885.7926829268292	0.06893805798764668	0.5989827921799187	82	bacteria	0.5	0.875692059532611
GSL_+_blue_beads_22_(fitc)	55	206.15	230.44	184.28	2069.494623655914	901.763440860215	0.06915453489413668	0.6004394301396355	93	bacteria	0.5	0.8729508494532479
GSL_+_blue_beads_22_(fitc)	56	202.8	232.59	176.65	1734.388888888889	929.9333333333333	0.06965000349364424	0.650542005994854	90	bacteria	0.5	0.866740946895856
GSL_+_blue_beads_22_(fitc)	57	111.08	182.54	72.86	2433.962962962963	931.5555555555555	0.06557094021023481	0.9168856415779182	27	virus	0.5	0.9206595145017932
GSL_+_blue_beads_22_(fitc)	58	207.25	231.02	185.66	2254.31914893617	935.5	0.06907627249914718	0.5951323031440532	94	bacteria	0.5	0.8739398898532952
GSL_+_blue_beads_22_(fitc)	59	212.69	234.07	193.16	1737.3232323232323	950.4242424242424	0.06919820315982876	0.5648342760576069	99	bacteria	0.5	0.8723999644896311
GSL_+_blue_beads_22_(fitc)	60	199.39	220.29	180.08	958.9885057471264	967.551724137931	0.06956358758906453	0.5759859281639732	87	bacteria	0.5	0.8678176625391714
GSL_+_blue_beads_22_(fitc)	61	168.32	192.69	147.36	593.3709677419355	976.0483870967741	0.06639447716413023	0.6443415317348041	62	bacteria	0.5	0.9092399331671387
GSL_+_blue_beads_22_(fitc)	62	209.45	231.04	189.29	1369.3020833333333	1002.40625	0.06949154726915781	0.5733926956839546	96	bacteria	0.5	0.8687173095392284
GSL_+_blue_beads_22_(fitc)	63	166.96	185.73	149.6	2122.8032786885246	1005.3934426229508	0.06651125931840995	0.5926798915490197	61	bacteria	0.5	0.9076434666554452
GSL_+_blue_beads_22_(fitc)	64	172.34	202.29	146.66	292.95384615384614	1035.4153846153847	0.06520568884695487	0.688756126346704	65	bacteria	0.5	0.9258166127356252
GSL_+_blue_beads_22_(fitc)	65	172.34	190.23	157.03	418.0153846153846	1059.8615384615384	0.06666548411718495	0.5644670563010502	65	bacteria	0.5	0.9055437124444307
GSL_+_blue_beads_22_(fitc)	66	188.79	215.67	165.88	269.62820512820514	1109.6666666666667	0.06927235454617424	0.6390868619426885	78	bacteria	0.5	0.8714661191304188
GSL_+_blue_beads_22_(fitc)	67	214.83	243.24	189.82	862.9108910891089	1121.3267326732673	0.06990192324715108	0.6253125783786211	101	bacteria	0.5	0.8636172965647446
GSL_+_blue_beads_22_(fitc)	68	141.8	155.63	128.76	1425.6363636363637	1155.8863636363637	0.06159391645485457	0.5616731275695657	44	virus	0.5	0.9801050729357039
GSL_+_blue_beads_22_(fitc)	69	210.54	232.82	191.14	1581.340206185567	1192.9896907216496	0.07014198267399599	0.5709663265698487	97	bacteria	0.5	0.8606615849449255
GSL_+_blue_beads_22_(fitc)	70	126.47	141.07	112.56	1709.1714285714286	1190.3142857142857	0.06078784563235349	0.6028356775887096	35	virus	0.5	0.9931016529931205
GSL_+_blue_beads_22_(fitc)	71	216.95	247.72	189.74	1170.2718446601941	1196.6893203883494	0.07046553378560261	0.6429036984835947	103	bacteria	0.5	0.8567097520762026
GSL_+_blue_beads_22_(fitc)	72	93.18	107.9	78.98	1767.3684210526317	1253.4736842105262	0.05593685770672804	0.6812973029315839	19	virus	0.5	1.0792259782608384
GSL_+_blue_beads_22_(fitc)	73	140.18	156.2	127.03	2255.5813953488373	1256.6976744186047	0.06229180035847651	0.5819479915492318	43	virus	0.5	0.9691245016514617
GSL_+_blue_beads_22_(fitc)	74	95.6	110.6	84.55	1944.55	1306.35	0.05525134270716041	0.6446526190160986	20	virus	0.5	1.0926161613726233
GSL_+_blue_beads_22_(fitc)	75	166.96	183.87	153.08	418.62295081967216	1347.0655737704917	0.06641363205982859	0.5539055254304021	61	bacteria	0.5	0.9089776918840704
GSL_+_blue_beads_22_(fitc)	76	200.53	221.02	182.01	575.0227272727273	1357.2045454545455	0.0696778817091779	0.5673291510303268	88	bacteria	0.5	0.8663941626605048
GSL_+_blue_beads_22_(fitc)	77	183.89	200.33	168.38	1076.2972972972973	1375.2297297297298	0.06866621190676578	0.5418244285908449	74	bacteria	0.5	0.8791588803726145
GSL_+_blue_beads_22_(fitc)	78	211.62	233.96	191.91	2081.285714285714	1381.1530612244899	0.06960352328728342	0.5719619398971587	98	bacteria	0.5	0.8673197437177758
GSL_+_blue_beads_22_(fitc)	79	143.4	156.89	130.02	1760.6	1402.1777777777777	0.06282185058967762	0.5596540302329671	45	virus	0.5	0.9609476545617737
GSL_+_blue_beads_22_(fitc)	80	131.77	149.82	114.72	1222.657894736842	1463.6052631578948	0.06070961689063057	0.6431751179314578	38	bacteria	0.5	0.9943813364550761
GSL_+_blue_beads_22_(fitc)	81	181.39	206.05	159.64	827.7916666666666	1550.8333333333333	0.066514245214908	0.6322415386054683	72	bacteria	0.5	0.9076027215573117
GSL_+_blue_beads_22_(fitc)	82	90.69	97.24	84.88	27.11111111111111	1566.4444444444443	0.055696687948510445	0.48800420020124213	18	virus	0.5	1.083879709960301
GSL_+_blue_beads_22_(fitc)	83	164.2	177.77	150.99	131.0677966101695	1609.6610169491526	0.06701819184627826	0.5278299734255776	59	virus	0.5	0.9007779576902052
GSL_+_blue_beads_22_(fitc)	84	201.67	222.54	182.82	796.9213483146067	1653.8202247191011	0.06968908925472354	0.5701465139363211	89	bacteria	0.5	0.8662548273335212
GSL_+_blue_beads_22_(fitc)	85	209.45	233.69	187.56	2242.4791666666665	1657.40625	0.06910290160537168	0.5965256476974836	96	bacteria	0.5	0.8736031132835698
GSL_+_blue_beads_22_(fitc)	86	126.47	140.56	112.41	935.9142857142857	1683.5428571428572	0.059800514703699736	0.6003571355152525	35	virus	0.5	1.0094981670056764
GSL_+_blue_beads_22_(fitc)	87	191.2	214.49	169.74	475.9625	1756.1375	0.06913036891872931	0.6113412233028005	80	bacteria	0.5	0.8732560077952283
GSL_+_blue_beads_22_(fitc)	88	194.75	220.87	171.69	317.33734939759034	1768.7710843373493	0.06956845665891202	0.6290729102526849	83	bacteria	0.5	0.8677569243107166
GSL_+_blue_beads_22_(fitc)	89	115.12	120.73	110.53	2167.206896551724	1775.655172413793	0.05800257240094008	0.4022460342837042	29	virus	0.5	1.040790218097335
GSL_+_blue_beads_22_(fitc)	90	181.39	204.73	160.37	46.5	1808.5	0.06952175223170828	0.6216114924215328	72	bacteria	0.5	0.8683398798433525
GSL_+_blue_beads_22_(fitc)	91	70.9	89.28	60.07	849.0	1831.2727272727273	0.05337015842963943	0.7398222668898539	11	virus	0.5	1.1311285511540639
GSL_+_blue_beads_22_(fitc)	92	240.9	269.51	215.55	1630.6692913385828	1853.9685039370079	0.0704429193100946	0.6002786051391986	127	bacteria	0.5	0.8569847838593193
GSL_+_blue_beads_22_(fitc)	93	200.53	219.41	183.1	745.875	1854.465909090909	0.06902256239503124	0.5510430030556113	88	bacteria	0.5	0.8746199486753141
GSL_+_blue_beads_22_(fitc)	94	144.98	161.91	129.5	584.304347826087	1864.8260869565217	0.06414925724540298	0.6001883106502928	46	bacteria	0.5	0.9410632729298979
GSL_+_blue_beads_22_(fitc)	95	144.98	171.51	122.28	1276.108695652174	1889.608695652174	0.06442959203088465	0.7012290773572558	46	bacteria	0.5	0.9369686828133715
GSL_+_blue_beads_22_(fitc)	96	141.8	160.66	124.78	1660.4545454545455	1900.6363636363637	0.06352057981134086	0.6299507070035267	44	bacteria	0.5	0.9503771873411456
GSL_+_blue_beads_22_(fitc)	97	236.11	255.11	218.59	949.9672131147541	1936.5655737704917	0.07023892129227137	0.5156243893520422	122	bacteria	0.5	0.8594737628184994
GSL_+_blue_beads_22_(fitc)	98	201.67	227.68	179.41	1805.056179775281	1962.9325842696628	0.06978015500259806	0.6157036908309598	89	bacteria	0.5	0.8651243319412697
GSL_+_blue_beads_22_(fitc)	99	205.04	233.37	180.38	2257.4021739130435	1964.2173913043478	0.06931336435254637	0.634490382319024	92	bacteria	0.5	0.8709505092312422
GSL_+_blue_beads_22_(fitc)	100	195.92	226.73	168.75	1295.6309523809523	1977.0119047619048	0.06824833950602587	0.6678795798958739	84	bacteria	0.5	0.8845418132707941
GSL_+_blue_beads_22_(fitc)	101	52.36	72.55	35.72	260.0	1997.8333333333333	0.05157637186265612	0.8703882796737544	6	virus	0.5	1.170468332672518
GSL_+_blue_beads_22_(fitc)	102	212.69	238.91	188.58	1330.4646464646464	2008.4545454545455	0.06984869373179088	0.6139782033445206	99	bacteria	0.5	0.8642754324252282
GSL_+_blue_beads_22_(fitc)	103	215.89	256.65	182.15	2375.3627450980393	2023.735294117647	0.06830294725523055	0.704474693299846	102	bacteria	0.5	0.883834628010989
GSL_+_blue_beads_23_(fitc)	1	146.55	154.34	141.32	2403.31914893617	31.319148936170212	0.02776703779258142	0.4019028879758824	47	virus	0.5	1.63314836500336
GSL_+_blue_beads_23_(fitc)	2	88.14	94.56	85.97	376.5882352941176	54.470588235294116	0.02451144037975368	0.41639568332197285	17	virus	0.5	1.8500623247501116
GSL_+_blue_beads_23_(fitc)	3	181.39	222.21	148.86	208.73611111111111	61.763888888888886	0.02785334078592884	0.7424415512312783	72	bacteria	0.5	1.628088088982487
GSL_+_blue_beads_23_(fitc)	4	192.39	222.11	167.63	678.8888888888889	101.81481481481481	0.029648604323663875	0.6560397951960266	81	bacteria	0.5	1.5295051287033714
GSL_+_blue_beads_23_(fitc)	5	173.66	209.52	145.73	378.59090909090907	107.66666666666667	0.02797205603392855	0.718478342672729	66	bacteria	0.5	1.6211783759097513
GSL_+_blue_beads_23_(fitc)	6	135.2	152.04	123.74	1692.575	107.95	0.026497872753793218	0.5811054719077222	40	virus	0.5	1.7113710520573484
GSL_+_blue_beads_23_(fitc)	7	169.67	194.5	147.59	772.4761904761905	142.65079365079364	0.02943374021497011	0.6513499950869344	63	bacteria	0.5	1.54067040208763
GSL_+_blue_beads_23_(fitc)	8	211.62	249.01	180.25	327.07142857142856	155.6530612244898	0.030304430999608566	0.6899295120133804	98	bacteria	0.5	1.4964046799798547
GSL_+_blue_beads_23_(fitc)	9	56.56	67.86	46.82	943.8571428571429	163.28571428571428	0.02461815720789139	0.7238845965119854	7	virus	0.5	1.8420425212576257
GSL_+_blue_beads_23_(fitc)	10	183.89	211.75	160.75	506.68918918918916	170.98648648648648	0.029380141788971727	0.650926045880629	74	bacteria	0.5	1.5434810593379362
GSL_+_blue_beads_23_(fitc)	11	207.25	240.59	179.93	583.031914893617	178.80851063829786	0.03180816433121437	0.6638603830982008	94	bacteria	0.5	1.4256620375744131
GSL_+_blue_beads_23_(fitc)	12	197.08	215.04	180.56	2282.7294117647057	191.14117647058825	0.03367898062723653	0.5431759670697784	85	bacteria	0.5	1.346468673558003
GSL_+_blue_beads_23_(fitc)	13	225.22	242.48	209.3	1945.6126126126126	206.00900900900902	0.036766268692395	0.504910567752181	111	virus	0.5	1.2334048024112083
GSL_+_blue_beads_23_(fitc)	14	146.55	158.85	136.42	2082.255319148936	290.0425531914894	0.027460050792809092	0.5123161155870357	47	virus	0.5	1.651405990254612
GSL_+_blue_beads_23_(fitc)	15	219.05	247.31	194.51	930.5142857142857	302.0190476190476	0.03402676544994404	0.6175594917615336	105	bacteria	0.5	1.3327065259450168
GSL_+_blue_beads_23_(fitc)	16	195.92	224.49	170.71	2385.7261904761904	318.1190476190476	0.033173290908365016	0.6494208723333121	84	bacteria	0.5	1.3669940825951012
GSL_+_blue_beads_23_(fitc)	17	195.92	222.72	172.65	2249.940476190476	337.8095238095238	0.03297432058160591	0.6316945296704892	84	bacteria	0.5	1.3752426607157202
GSL_+_blue_beads_23_(fitc)	18	190.0	220.83	164.32	404.59493670886076	402.7848101265823	0.029256221164926908	0.6680778691211469	79	bacteria	0.5	1.55001878459631
GSL_+_blue_beads_23_(fitc)	19	219.05	249.03	192.54	1794.247619047619	422.3619047619048	0.03681823635674884	0.6342093075600238	105	bacteria	0.5	1.2316638942872271
GSL_+_blue_beads_23_(fitc)	20	205.04	234.26	179.85	2114.5760869565215	427.0108695652174	0.03407946210943722	0.6407539026390973	92	bacteria	0.5	1.3306457779855407
GSL_+_blue_beads_23_(fitc)	21	97.96	113.95	90.63	290.95238095238096	434.14285714285717	0.024896779309335385	0.6060807496881304	21	virus	0.5	1.8214280573607011
GSL_+_blue_beads_23_(fitc)	22	201.67	235.47	172.72	297.46067415730334	460.0674157303371	0.03083757984976105	0.6796652511856749	89	bacteria	0.5	1.4705334398118222
GSL_+_blue_beads_23_(fitc)	23	141.8	164.69	127.01	1210.840909090909	481.6818181818182	0.026413239795370105	0.6365584798727331	44	virus	0.5	1.7168546048595563
GSL_+_blue_beads_23_(fitc)	24	120.92	145.81	108.8	1225.03125	486.78125	0.02564891235341044	0.6657547481748053	32	virus	0.5	1.7680161929326854
GSL_+_blue_beads_23_(fitc)	25	230.23	252.3	210.88	1129.3706896551723	497.7241379310345	0.03425010870692428	0.5490101950500725	116	bacteria	0.5	1.3240160129118945
GSL_+_blue_beads_23_(fitc)	26	133.5	152.44	118.13	229.69230769230768	496.3076923076923	0.02598196522478674	0.6320539275436408	39	virus	0.5	1.7453526698080268
GSL_+_blue_beads_23_(fitc)	27	210.54	236.45	187.93	982.5051546391752	504.30927835051546	0.03364289423528449	0.6068676973616502	97	bacteria	0.5	1.3479129368239795
GSL_+_blue_beads_23_(fitc)	28	236.11	266.08	209.11	2165.3196721311474	529.1639344262295	0.03925906484616669	0.6183542472736684	122	bacteria	0.5	1.1550884502631922
GSL_+_blue_beads_23_(fitc)	29	109.0	117.17	105.44	1663.6153846153845	528.5769230769231	0.025375735392456945	0.4360120768178613	26	virus	0.5	1.7870493867705075
GSL_+_blue_beads_23_(fitc)	30	215.89	241.64	193.21	1177.578431372549	576.7450980392157	0.035903429239655435	0.600552233989754	102	bacteria	0.5	1.263046269737772
GSL_+_blue_beads_23_(fitc)	31	211.62	256.72	174.41	304.9183673469388	583.8775510204082	0.03065357870622326	0.7338041564442916	98	bacteria	0.5	1.4793604624942014
GSL_+_blue_beads_23_(fitc)	32	202.8	235.32	174.61	1406.4222222222222	634.8111111111111	0.035393855495808105	0.6703806039939867	90	bacteria	0.5	1.2812306468650083
GSL_+_blue_beads_23_(fitc)	33	230.23	265.3	200.27	1982.5344827586207	648.3189655172414	0.03923249971177598	0.6558861260736049	116	bacteria	0.5	1.1558705844667179
GSL_+_blue_beads_23_(fitc)	34	117.08	133.35	105.3	965.2666666666667	674.6333333333333	0.025661852875977612	0.6135636457717989	30	virus	0.5	1.7671246340279427
GSL_+_blue_beads_23_(fitc)	35	212.69	240.22	188.3	2054.5050505050503	708.6161616161617	0.036427896496542274	0.6209114284970414	99	bacteria	0.5	1.2448616783635926
GSL_+_blue_beads_23_(fitc)	36	227.24	259.91	199.25	1930.6283185840707	723.5221238938053	0.03922575112822148	0.6421243365016341	113	bacteria	0.5	1.1560694459032261
GSL_+_blue_beads_23_(fitc)	37	194.75	213.2	177.95	1711.3614457831325	751.7951807228916	0.03191239974654968	0.5507624667512199	83	bacteria	0.5	1.4210054001609131
GSL_+_blue_beads_23_(fitc)	38	200.53	233.33	173.61	94.375	790.0681818181819	0.03023752613991324	0.6681340400731873	88	bacteria	0.5	1.4997156897727268
GSL_+_blue_beads_23_(fitc)	39	173.66	193.89	154.92	1420.590909090909	807.4090909090909	0.030024039939256588	0.6013132860046724	66	bacteria	0.5	1.5103794314051822
GSL_+_blue_beads_23_(fitc)	40	231.22	255.83	209.29	1269.042735042735	844.9145299145299	0.03797821719853771	0.5750919474235138	117	bacteria	0.5	1.1940447898035322
GSL_+_blue_beads_23_(fitc)	41	227.24	263.98	195.66	491.24778761061947	853.4247787610619	0.03565033497741313	0.6712814889511933	113	bacteria	0.5	1.2720130792788242
GSL_+_blue_beads_23_(fitc)	42	223.18	251.52	198.05	1176.1559633027523	898.697247706422	0.03664685611013659	0.6164351790056313	109	bacteria	0.5	1.2374238116267111
GSL_+_blue_beads_23_(fitc)	43	229.24	257.97	204.74	1447.513043478261	919.7130434782608	0.038006555257598086	0.6083793112635897	115	bacteria	0.5	1.193154498338156
GSL_+_blue_beads_23_(fitc)	44	211.62	252.09	178.61	274.7959183673469	939.7755102040817	0.033262303744956895	0.7056658694920412	98	bacteria	0.5	1.3633358867638954
GSL_+_blue_beads_23_(fitc)	45	190.0	211.87	171.96	1419.9113924050632	956.8860759493671	0.031585599248320474	0.5841618697300003	79	bacteria	0.5	1.4357078368349194
GSL_+_blue_beads_23_(fitc)	46	218.0	246.22	192.56	2197.778846153846	982.4423076923077	0.03832196955020038	0.6231982995461638	104	bacteria	0.5	1.183334074532287
GSL_+_blue_beads_23_(fitc)	47	228.24	254.89	204.51	965.6754385964912	1020.8421052631579	0.03879012909810575	0.5968854762721454	114	bacteria	0.5	1.1690523704432663
GSL_+_blue_beads_23_(fitc)	48	227.24	258.31	199.94	2274.9823008849557	1024.6991150442477	0.03944872593926384	0.6331458782593945	113	bacteria	0.5	1.1495350304027359
GSL_+_blue_beads_23_(fitc)	49	224.2	254.69	197.8	1250.1636363636364	1055.5636363636363	0.037843800411527205	0.6299715425287034	110	bacteria	0.5	1.1982858983192386
GSL_+_blue_beads_23_(fitc)	50	227.24	262.17	198.05	546.4424778761062	1084.9380530973451	0.0353312415005923	0.6552530154766506	113	bacteria	0.5	1.2835012426942491
GSL_+_blue_beads_23_(fitc)	51	228.24	267.5	195.36	185.68421052631578	1089.2543859649122	0.03489618204004803	0.6831064424916857	114	bacteria	0.5	1.2995029748497504
GSL_+_blue_beads_23_(fitc)	52	128.26	147.45	117.27	503.77777777777777	1128.138888888889	0.025585743038267925	0.606220791954997	36	virus	0.5	1.77238129469664
GSL_+_blue_beads_23_(fitc)	53	216.95	240.71	196.04	1230.631067961165	1135.6019417475727	0.03556448858067974	0.5802523861218332	103	bacteria	0.5	1.2750834942858082
GSL_+_blue_beads_23_(fitc)	54	168.32	190.51	149.89	1213.7903225806451	1184.6451612903227	0.02918012983179563	0.6172308092489575	62	bacteria	0.5	1.5540606787338043
GSL_+_blue_beads_23_(fitc)	55	180.12	203.99	159.77	2140.760563380282	1194.3098591549297	0.03129426737443884	0.6217179798046846	71	bacteria	0.5	1.4490734622207786
GSL_+_blue_beads_23_(fitc)	56	93.18	107.83	82.61	1899.0526315789473	1237.3157894736842	0.025737159323606287	0.6427763575337311	19	virus	0.5	1.7619540603437014
GSL_+_blue_beads_23_(fitc)	57	245.6	271.45	222.78	1180.9015151515152	1292.4848484848485	0.04318577235513224	0.5713323009056909	132	bacteria	0.5	1.050060932082686
GSL_+_blue_beads_23_(fitc)	58	187.58	220.71	159.82	233.46753246753246	1327.3116883116884	0.03068472781793381	0.6896669493527996	77	bacteria	0.5	1.477858713331562
GSL_+_blue_beads_23_(fitc)	59	228.24	253.22	205.79	952.9736842105264	1390.622807017544	0.03930452036358979	0.5827129242099962	114	bacteria	0.5	1.153752595183663
GSL_+_blue_beads_23_(fitc)	60	236.11	264.7	211.57	2429.1639344262294	1404.672131147541	0.043027371439856875	0.600938405743144	122	bacteria	0.5	1.0539266251792139
GSL_+_blue_beads_23_(fitc)	61	203.92	227.4	183.28	1224.7692307692307	1424.7362637362637	0.03411445435480984	0.5919340340538601	91	bacteria	0.5	1.3292808936733653
GSL_+_blue_beads_23_(fitc)	62	209.45	228.83	192.03	844.71875	1452.9270833333333	0.0326888740021126	0.5438860978735572	96	bacteria	0.5	1.3872515880788716
GSL_+_blue_beads_23_(fitc)	63	229.24	263.86	199.89	171.87826086956522	1521.7391304347825	0.036724751611545446	0.6527781696656726	115	bacteria	0.5	1.2347991581156001
GSL_+_blue_beads_23_(fitc)	64	229.24	256.25	205.29	2068.4695652173914	1539.2	0.042125795690518594	0.5984700810609779	115	bacteria	0.5	1.0764827495507086
GSL_+_blue_beads_23_(fitc)	65	222.15	244.96	202.85	1707.4351851851852	1544.0185185185185	0.039089184117685964	0.560568699418261	108	bacteria	0.5	1.1601084390866887
GSL_+_blue_beads_23_(fitc)	66	216.95	245.78	191.93	2307.029126213592	1576.126213592233	0.038475465368696	0.6246777081456386	103	bacteria	0.5	1.1786132263090483
GSL_+_blue_beads_23_(fitc)	67	207.25	232.02	186.29	2207.851063829787	1608.531914893617	0.03463337551606046	0.5961125741613196	94	bacteria	0.5	1.3093639212531236
GSL_+_blue_beads_23_(fitc)	68	238.04	262.61	215.46	1389.024193548387	1665.9596774193549	0.04406395657254123	0.5717293993031284	124	bacteria	0.5	1.0291334664259266
GSL_+_blue_beads_23_(fitc)	69	185.13	212.12	161.75	387.1333333333333	1698.4933333333333	0.029912645415856403	0.646923942277506	75	bacteria	0.5	1.5160040759184232
GSL_+_blue_beads_23_(fitc)	70	215.89	241.87	193.3	1151.2843137254902	1765.137254901961	0.037901272386514286	0.6010530132619171	102	bacteria	0.5	1.1964688654641602
GSL_+_blue_beads_23_(fitc)	71	211.62	231.2	194.91	1982.408163265306	1787.969387755102	0.036227194420564046	0.5379054631606396	98	bacteria	0.5	1.2517583295437207
GSL_+_blue_beads_23_(fitc)	72	168.32	195.04	146.28	329.38709677419354	1794.1774193548388	0.030168515777494027	0.6614186321913051	62	bacteria	0.5	1.5031462835758933
GSL_+_blue_beads_23_(fitc)	73	199.39	221.97	179.53	165.82758620689654	1873.8620689655172	0.032153433796991475	0.5880896419045136	87	bacteria	0.5	1.4103530172937215
GSL_+_blue_beads_23_(fitc)	74	232.21	262.95	205.75	1920.4830508474577	1895.822033898305	0.03958718324239427	0.622680203387638	118	bacteria	0.5	1.145514498828439
GSL_+_blue_beads_23_(fitc)	75	222.15	250.31	197.23	2200.064814814815	1900.7962962962963	0.039215574972296226	0.6157453661161743	108	bacteria	0.5	1.1563694374996834
GSL_+_blue_beads_23_(fitc)	76	233.19	261.74	209.77	397.5546218487395	1929.6134453781513	0.03762746124346883	0.5980599835951316	119	bacteria	0.5	1.205175445627814
GSL_+_blue_beads_23_(fitc)	77	242.79	275.91	213.48	2008.3023255813953	1931.9612403100775	0.04230720784806644	0.6335234075683426	129	bacteria	0.5	1.071866820774214
GSL_+_blue_beads_23_(fitc)	78	228.24	248.42	209.44	657.1929824561404	1943.122807017544	0.038155579583102006	0.5377537837866188	114	bacteria	0.5	1.1884943923646758
GSL_+_blue_beads_23_(fitc)	79	37.03	61.87	35.72	853.3333333333334	1963.0	0.023925611556718008	0.8164965809633709	3	virus	0.5	1.895361891353945
GSL_+_blue_beads_23_(fitc)	80	56.56	126.69	32.56	858.2857142857143	1962.7142857142858	0.024097926320454426	0.9664065813420347	7	virus	0.5	1.881808906248067
GSL_+_blue_beads_23_(fitc)	81	236.11	265.66	209.64	1278.122950819672	1967.016393442623	0.04108141291627202	0.6142467508569918	122	bacteria	0.5	1.10384938474156
GSL_+_blue_beads_23_(fitc)	82	982.16	999.43	971.37	866.673614400758	1992.7854097584084	0.04815684777100569	0.23531377606094253	2111	virus	0.5	0.9416665432001929
GSL_+_blue_beads_23_(fitc)	83	42.75	85.21	31.52	902.25	1986.5	0.024004593569931704	0.9290823598794103	4	virus	0.5	1.8891256058900174
GSL_+_blue_beads_23_(fitc)	84	85.51	167.79	70.71	903.3125	1991.9375	0.024240355029585575	0.9068741696193223	16	virus	0.5	1.8707519884338977
GSL_+_blue_beads_23_(fitc)	85	299.27	330.31	273.23	2360.158163265306	2011.658163265306	0.0519757880585235	0.5618872972024169	196	bacteria	0.5	0.8724772449987757
GSL_+_blue_beads_24_(fitc)	1	227.24	263.18	196.42	1522.6371681415928	20.36283185840708	0.04826789223728658	0.6655637561758573	113	bacteria	0.5	1.2668157456974698
GSL_+_blue_beads_24_(fitc)	2	235.14	265.5	208.33	1608.1652892561983	26.801652892561982	0.04930533695131672	0.619909318151226	121	bacteria	0.5	1.2401603899025857
GSL_+_blue_beads_24_(fitc)	3	242.79	274.68	214.95	1420.906976744186	85.87596899224806	0.05028192255852492	0.6226034795843675	129	bacteria	0.5	1.2160737455226118
GSL_+_blue_beads_24_(fitc)	4	263.55	295.72	235.18	2067.7697368421054	98.53289473684211	0.04937137084736359	0.6062583453870977	152	bacteria	0.5	1.2385016832298168
GSL_+_blue_beads_24_(fitc)	5	195.92	228.93	167.67	724.7857142857143	136.75	0.04007676589228114	0.680842589677572	84	bacteria	0.5	1.5257350371577825
GSL_+_blue_beads_24_(fitc)	6	272.92	301.34	247.97	2385.6441717791413	141.7361963190184	0.04707870868144629	0.568195334141985	163	bacteria	0.5	1.2988148488006668
GSL_+_blue_beads_24_(fitc)	7	238.04	267.09	212.46	1608.1209677419354	155.98387096774192	0.04820091180697546	0.6059982098878729	124	bacteria	0.5	1.2685761245075535
GSL_+_blue_beads_24_(fitc)	8	209.45	234.49	186.95	1867.2083333333333	174.34375	0.037519675981026075	0.6036456771096221	96	bacteria	0.5	1.629718922112906
GSL_+_blue_beads_24_(fitc)	9	111.08	125.33	110.2	2419.962962962963	179.33333333333334	0.02907901484208428	0.4762517655037075	27	virus	0.5	2.1027715770250124
GSL_+_blue_beads_24_(fitc)	10	228.24	258.87	201.32	316.00877192982455	188.7719298245614	0.04623970268840344	0.628669180727092	114	bacteria	0.5	1.3223814674993226
GSL_+_blue_beads_24_(fitc)	11	238.04	269.07	210.68	1287.4435483870968	203.1209677419355	0.049340144454138125	0.6220369972895795	124	bacteria	0.5	1.2392855062404462
GSL_+_blue_beads_24_(fitc)	12	143.4	163.03	126.91	671.9555555555555	226.17777777777778	0.03283577685216844	0.6276985957837969	45	virus	0.5	1.8621921501389807
GSL_+_blue_beads_24_(fitc)	13	259.18	292.96	229.11	1583.7142857142858	250.3877551020408	0.05425591533762896	0.6231950028551727	147	bacteria	0.5	1.1270020147538713
GSL_+_blue_beads_24_(fitc)	14	232.21	264.47	204.63	867.1355932203389	268.09322033898303	0.04738127585711009	0.6335237176149369	118	bacteria	0.5	1.2905208817556058
GSL_+_blue_beads_24_(fitc)	15	239.95	274.76	209.63	1238.373015873016	270.7857142857143	0.05036664510336873	0.6464602084859161	126	bacteria	0.5	1.2140281682913514
GSL_+_blue_beads_24_(fitc)	16	201.67	223.84	182.42	1774.4606741573034	270.4943820224719	0.03756765538273087	0.579537529694977	89	bacteria	0.5	1.6276375322035985
GSL_+_blue_beads_24_(fitc)	17	239.95	273.93	210.35	734.8650793650794	332.05555555555554	0.04906438475820411	0.6405594942125413	126	bacteria	0.5	1.2462507417378534
GSL_+_blue_beads_24_(fitc)	18	269.55	303.14	240.46	2032.4716981132076	342.748427672956	0.04863388952385132	0.6089255298435331	159	bacteria	0.5	1.2572822469367881
GSL_+_blue_beads_24_(fitc)	19	211.62	238.46	188.4	1513.1224489795918	344.9387755102041	0.042607036045722246	0.6130018660432874	98	bacteria	0.5	1.4351274243110002
GSL_+_blue_beads_24_(fitc)	20	257.41	279.14	237.8	2096.3586206896553	350.07586206896553	0.04201149904098379	0.5237085075716152	145	bacteria	0.5	1.4554711755981997
GSL_+_blue_beads_24_(fitc)	21	236.11	278.13	201.07	659.7950819672132	351.72131147540983	0.04844361948012042	0.6909230649201988	122	bacteria	0.5	1.2622204235361836
GSL_+_blue_beads_24_(fitc)	22	236.11	271.13	206.46	149.59016393442624	352.8688524590164	0.04643214280406226	0.6481724222105116	122	bacteria	0.5	1.3169007977050269
GSL_+_blue_beads_24_(fitc)	23	177.57	197.84	160.46	1828.5507246376812	394.07246376811594	0.03354722128711027	0.584978444189294	69	bacteria	0.5	1.8227001686520434
GSL_+_blue_beads_24_(fitc)	24	249.29	287.74	215.95	516.4926470588235	435.9264705882353	0.05006195611375551	0.6608655976205334	136	bacteria	0.5	1.221417032903796
GSL_+_blue_beads_24_(fitc)	25	249.29	287.32	216.9	613.8161764705883	437.75735294117646	0.05078517330557102	0.6558141411732477	136	bacteria	0.5	1.2040231807403454
GSL_+_blue_beads_24_(fitc)	26	207.25	242.94	177.98	228.31914893617022	458.6170212765957	0.04022917365747994	0.6806403926309875	94	bacteria	0.5	1.5199548073852653
GSL_+_blue_beads_24_(fitc)	27	318.5	358.37	284.3	1742.7387387387387	479.9954954954955	0.052645641217158805	0.6088270512561236	222	bacteria	0.5	1.1614736658938025
GSL_+_blue_beads_24_(fitc)	28	122.8	140.58	114.96	2428.3030303030305	503.27272727272725	0.029929961161005894	0.5756209267100699	33	bacteria	0.5	2.042987144850952
GSL_+_blue_beads_24_(fitc)	29	237.08	272.9	205.89	484.9593495934959	509.8861788617886	0.05150274632957764	0.6563745963874739	123	bacteria	0.5	1.18724787036662
GSL_+_blue_beads_24_(fitc)	30	120.92	141.55	107.61	1652.46875	537.84375	0.029310569926220463	0.6496004749912392	32	bacteria	0.5	2.0861595680923024
GSL_+_blue_beads_24_(fitc)	31	259.18	294.95	227.91	1115.4625850340135	554.5646258503401	0.053732520067038256	0.634739443456348	147	bacteria	0.5	1.1379798643639851
GSL_+_blue_beads_24_(fitc)	32	82.79	124.69	72.66	2117.0	562.8	0.028693117003644224	0.8126765048088306	15	bacteria	0.5	2.1310520530082973
GSL_+_blue_beads_24_(fitc)	33	60.46	113.89	53.11	2111.5	570.0	0.02820143802579277	0.8846380007715137	8	bacteria	0.5	2.168205956089873
GSL_+_blue_beads_24_(fitc)	34	202.8	227.93	180.72	1416.0555555555557	592.6111111111111	0.03986552642261239	0.6093643371011808	90	bacteria	0.5	1.533819602671545
GSL_+_blue_beads_24_(fitc)	35	233.19	271.81	200.41	1501.5126050420167	592.4705882352941	0.04712420161441974	0.67556619689253	119	bacteria	0.5	1.2975609942028772
GSL_+_blue_beads_24_(fitc)	36	281.98	321.91	250.4	1293.316091954023	694.2241379310345	0.05043770266088895	0.62840937092625	174	bacteria	0.5	1.2123178232151786
GSL_+_blue_beads_24_(fitc)	37	263.55	294.12	236.49	1686.7368421052631	697.1447368421053	0.05002022296228457	0.5945459477756978	152	bacteria	0.5	1.2224360923766378
GSL_+_blue_beads_24_(fitc)	38	52.36	59.24	43.75	1254.1666666666667	699.8333333333334	0.0285353922776221	0.6741998627233201	6	bacteria	0.5	2.1428310956066783
GSL_+_blue_beads_24_(fitc)	39	310.51	344.93	280.15	1255.867298578199	743.0900473933649	0.05538314094884638	0.5834074791149759	211	bacteria	0.5	1.1040638874978248
GSL_+_blue_beads_24_(fitc)	40	279.54	314.96	249.06	1150.8479532163742	790.6432748538011	0.05390093371093858	0.6120951032587996	171	bacteria	0.5	1.1344242425510027
GSL_+_blue_beads_24_(fitc)	41	201.67	226.95	179.23	1113.2022471910113	793.0449438202247	0.03875068877295631	0.6134530554116335	89	bacteria	0.5	1.5779468142124178
GSL_+_blue_beads_24_(fitc)	42	230.23	256.06	206.83	845.6896551724138	795.9655172413793	0.04665044705158906	0.5895637641781614	116	bacteria	0.5	1.3107382621693542
GSL_+_blue_beads_24_(fitc)	43	235.14	267.14	206.91	1564.4876033057851	807.1074380165289	0.04580018231086664	0.6325204381452855	121	bacteria	0.5	1.33507167030022
GSL_+_blue_beads_24_(fitc)	44	191.2	218.63	169.07	2336.8	813.5875	0.03635921047982597	0.6340183606198044	80	bacteria	0.5	1.6817341490885966
GSL_+_blue_beads_24_(fitc)	45	225.22	252.82	201.03	809.1981981981982	815.5765765765766	0.044778736058657315	0.6063991120535721	111	bacteria	0.5	1.3655259455676736
GSL_+_blue_beads_24_(fitc)	46	249.29	272.99	227.36	1742.5073529411766	817.4264705882352	0.04540959909169578	0.5535037182505456	136	bacteria	0.5	1.3465550703134352
GSL_+_blue_beads_24_(fitc)	47	239.95	274.72	210.23	380.63492063492066	818.3015873015873	0.05022439931407028	0.6437156356856997	126	bacteria	0.5	1.2174665448053097
GSL_+_blue_beads_24_(fitc)	48	262.68	290.74	237.83	1666.8741721854306	896.9006622516556	0.04922230777541088	0.575200414250914	151	bacteria	0.5	1.2422523173196116
GSL_+_blue_beads_24_(fitc)	49	236.11	268.6	208.08	1329.639344262295	992.4918032786885	0.04994398512770195	0.6323659431015447	122	bacteria	0.5	1.2243021004727104
GSL_+_blue_beads_24_(fitc)	50	277.07	302.8	253.91	1451.0595238095239	1000.8988095238095	0.053788253962459134	0.544867059626408	168	bacteria	0.5	1.1368007212225144
GSL_+_blue_beads_24_(fitc)	51	229.24	257.62	203.73	159.55652173913043	1006.0173913043478	0.04770672300803502	0.6120757120712165	115	bacteria	0.5	1.2817171677778978
GSL_+_blue_beads_24_(fitc)	52	260.06	289.61	233.46	1017.3986486486486	1065.4864864864865	0.05287533831059249	0.5917714266181466	148	bacteria	0.5	1.1564280787887433
GSL_+_blue_beads_24_(fitc)	53	255.63	282.06	232.09	743.5804195804196	1069.7622377622379	0.05258774872809274	0.5682693967197942	143	bacteria	0.5	1.1627523021375967
GSL_+_blue_beads_24_(fitc)	54	246.53	279.76	217.36	823.3233082706766	1088.0	0.05281215725917541	0.6295531977491726	133	bacteria	0.5	1.1578115545961705
GSL_+_blue_beads_24_(fitc)	55	111.08	132.76	96.84	116.77777777777777	1108.6296296296296	0.030734580186828064	0.684006891402992	27	bacteria	0.5	1.9895025579047574
GSL_+_blue_beads_24_(fitc)	56	115.12	138.5	100.42	1817.3793103448277	1132.0344827586207	0.029299113840222497	0.6886942544959017	29	bacteria	0.5	2.0869752659167444
GSL_+_blue_beads_24_(fitc)	57	232.21	264.62	204.07	453.52542372881356	1159.7288135593221	0.047819874337552894	0.6366019166822822	118	bacteria	0.5	1.2786843701470167
GSL_+_blue_beads_24_(fitc)	58	236.11	261.36	213.28	432.0245901639344	1166.9590163934427	0.0483764160095948	0.5779902324613547	122	bacteria	0.5	1.2639738728411738
GSL_+_blue_beads_24_(fitc)	59	260.94	292.25	233.42	931.8187919463087	1198.248322147651	0.05282003421287146	0.6017434686652154	149	bacteria	0.5	1.1576388923073209
GSL_+_blue_beads_24_(fitc)	60	255.63	288.29	227.51	1020.1748251748252	1202.013986013986	0.051887299016677484	0.6141655000566693	143	bacteria	0.5	1.1784488122646304
GSL_+_blue_beads_24_(fitc)	61	52.36	110.81	33.45	2302.0	1237.0	0.028253477053820402	0.9533564051313416	6	bacteria	0.5	2.1642124182218185
GSL_+_blue_beads_24_(fitc)	62	102.52	129.73	99.04	2115.9565217391305	1268.5217391304348	0.028513482191573437	0.6458264411332093	23	bacteria	0.5	2.1444776715449327
GSL_+_blue_beads_24_(fitc)	63	220.09	254.06	190.27	379.87735849056605	1293.3584905660377	0.04630234333757816	0.6626489755591848	106	bacteria	0.5	1.3205924687660002
GSL_+_blue_beads_24_(fitc)	64	279.54	306.95	256.21	2422.2631578947367	1296.1812865497077	0.049247044609758005	0.5507207696019065	171	bacteria	0.5	1.241628332874771
GSL_+_blue_beads_24_(fitc)	65	264.41	287.72	243.5	2094.124183006536	1304.2810457516339	0.04712493395714992	0.532690844960605	153	bacteria	0.5	1.2975408295197408
GSL_+_blue_beads_24_(fitc)	66	250.21	279.4	224.73	2266.6204379562046	1371.14598540146	0.04242115554996395	0.5941805246345556	137	bacteria	0.5	1.4414158479441814
GSL_+_blue_beads_24_(fitc)	67	206.15	230.69	184.66	1025.784946236559	1373.5913978494623	0.03892947297764797	0.5994027224061774	93	bacteria	0.5	1.5707000691463675
GSL_+_blue_beads_24_(fitc)	68	188.79	211.58	168.39	1878.1410256410256	1406.948717948718	0.034543233074956166	0.6054391213603519	78	bacteria	0.5	1.7701448432791465
GSL_+_blue_beads_24_(fitc)	69	210.54	240.03	184.77	845.9278350515464	1465.3298969072166	0.040022894192003264	0.6383225538666455	97	bacteria	0.5	1.5277887102437642
GSL_+_blue_beads_24_(fitc)	70	238.04	274.78	206.7	1072.4596774193549	1522.233870967742	0.0486748328750968	0.6588700972785836	124	bacteria	0.5	1.2562246706574174
GSL_+_blue_beads_24_(fitc)	71	254.73	285.81	227.57	1296.105633802817	1522.6267605633802	0.050369391262128985	0.6049777604848975	142	bacteria	0.5	1.2139619790044451
GSL_+_blue_beads_24_(fitc)	72	151.16	174.24	133.81	248.48	1572.62	0.03280995533551595	0.6404848617285613	50	bacteria	0.5	1.8636577000040513
GSL_+_blue_beads_24_(fitc)	73	260.06	293.8	231.24	2363.5675675675675	1617.7905405405406	0.045216581972649425	0.6168607864879647	148	bacteria	0.5	1.3523031425685732
GSL_+_blue_beads_24_(fitc)	74	158.53	169.53	149.41	1909.0181818181818	1622.6727272727273	0.030843060354624835	0.47259660551934296	55	virus	0.5	1.982505146855654
GSL_+_blue_beads_24_(fitc)	75	155.62	184.74	132.05	856.6037735849056	1668.2264150943397	0.03302292027131074	0.6993390237358504	53	bacteria	0.5	1.8516389645571552
GSL_+_blue_beads_24_(fitc)	76	212.69	237.54	190.48	1810.6161616161617	1683.3636363636363	0.04078307770951734	0.59746440949322	99	bacteria	0.5	1.4993112175924341
GSL_+_blue_beads_24_(fitc)	77	354.49	395.45	322.55	90.58909090909091	1690.378181818182	0.051435721289130355	0.5785499764774173	275	bacteria	0.5	1.1887949534936353
GSL_+_blue_beads_24_(fitc)	78	285.2	301.98	270.3	2209.4101123595506	1737.5112359550562	0.048509163669167875	0.445881868393496	178	virus	0.5	1.2605149475435642
GSL_+_blue_beads_24_(fitc)	79	197.08	219.83	176.91	165.2	1746.1529411764707	0.03884321251345392	0.5935768695102124	85	bacteria	0.5	1.5741881770629633
GSL_+_blue_beads_24_(fitc)	80	399.92	725.98	450.06	1282.5657142857142	1832.0057142857142	0.03127999870938752	0.7846507792354128	350	virus	0.5	1.9548122896652318
GSL_+_blue_beads_24_(fitc)	81	257.41	290.0	228.78	1732.4827586206898	1844.6482758620689	0.04947376800596868	0.6144984817965878	145	bacteria	0.5	1.2359383237283723
GSL_+_blue_beads_24_(fitc)	82	221.12	253.87	192.4	22.8411214953271	1857.4485981308412	0.04013300561998484	0.652396639470837	107	bacteria	0.5	1.5235969734440837
GSL_+_blue_beads_24_(fitc)	83	248.37	276.81	223.15	39.71851851851852	1862.125925925926	0.044598488213534265	0.5917066496775197	135	bacteria	0.5	1.371044812215568
GSL_+_blue_beads_24_(fitc)	84	266.99	288.78	246.86	1306.9038461538462	1896.051282051282	0.05111414081130293	0.5189166952011025	156	bacteria	0.5	1.1962741606780938
GSL_+_blue_beads_24_(fitc)	85	255.63	286.61	228.71	1464.0839160839162	1912.8391608391607	0.05231623144809404	0.6026982108190926	143	bacteria	0.5	1.1687868985458234
GSL_+_blue_beads_24_(fitc)	86	262.68	291.66	236.72	383.0066225165563	1933.450331125828	0.052309871844873165	0.5841923372187613	151	bacteria	0.5	1.1689289944956387
GSL_+_blue_beads_24_(fitc)	87	130.03	153.73	112.73	2276.4864864864867	1938.5945945945946	0.030817256821765948	0.6799051867644421	37	bacteria	0.5	1.9841651140939993
GSL_+_blue_beads_24_(fitc)	88	239.0	269.32	212.07	1029.592	1952.104	0.050106802156097474	0.616410096858874	125	bacteria	0.5	1.2203238535824705
GSL_+_blue_beads_24_(fitc)	89	228.24	259.3	201.42	1547.8070175438597	1985.4912280701753	0.04738153447935022	0.6297846542497315	114	bacteria	0.5	1.290513837716086
GSL_+_blue_beads_24_(fitc)	90	227.24	254.76	203.09	1921.495575221239	1993.0619469026549	0.04193622833964532	0.6037734104120817	113	bacteria	0.5	1.4580835787756603
GSL_+_blue_beads_24_(fitc)	91	143.4	164.41	125.9	1315.4	1992.2888888888888	0.032151402589665534	0.6431221173097482	45	virus	0.5	1.9018307436913409
GSL_+_blue_beads_24_(fitc)	92	241.85	269.49	216.51	779.421875	1996.0546875	0.04954572193175632	0.5954348443119638	128	bacteria	0.5	1.2341434035827714
GSL_+_blue_beads_24_(fitc)	93	272.92	303.71	246.16	2412.5398773006136	2001.3251533742332	0.051378758039621164	0.585736329354059	163	bacteria	0.5	1.1901129616770738
GSL_+_blue_beads_24_(fitc)	94	47.8	75.78	40.1	994.4	2010.6	0.02892734570385777	0.8485281373717223	5	bacteria	0.5	2.11379663118102
GSL_+_blue_beads_25_(fitc)	1	67.6	77.65	56.71	1942.5	25.8	0.049059030732105754	0.6831300509946842	10	virus	0.5	0.12259173068842978
GSL_+_blue_beads_25_(fitc)	2	100.27	116.44	85.36	338.6363636363636	60.68181818181818	0.049942568794143584	0.6801458764865655	22	virus	0.5	0.12042295037196717
GSL_+_blue_beads_25_(fitc)	3	158.53	167.53	149.99	1994.2727272727273	72.41818181818182	0.05457336538540848	0.44539984501317076	55	virus	0.5	0.11020451901530999
GSL_+_blue_beads_25_(fitc)	4	173.66	201.54	149.97	1770.8636363636363	123.22727272727273	0.06242384708289233	0.668063712458461	66	virus	0.5	0.09634509509417835
GSL_+_blue_beads_25_(fitc)	5	67.6	91.1	54.37	1551.0	189.8	0.04855781865283436	0.80235602549221	10	virus	0.5	0.12385711817791167
GSL_+_blue_beads_25_(fitc)	6	193.57	222.14	168.55	1448.6951219512196	199.15853658536585	0.06452249659858354	0.6513932107552466	82	virus	0.5	0.09321138828155232
GSL_+_blue_beads_25_(fitc)	7	128.26	134.26	121.8	785.1666666666666	211.5	0.05319172227787356	0.42070316194299956	36	virus	0.5	0.11306705678615488
GSL_+_blue_beads_25_(fitc)	8	195.92	231.18	166.2	1440.857142857143	285.70238095238096	0.06524605916007695	0.6951140819190795	84	virus	0.5	0.09217769717846383
GSL_+_blue_beads_25_(fitc)	9	198.24	235.23	168.1	1254.546511627907	358.3953488372093	0.06505426277439304	0.6995093901570353	86	virus	0.5	0.09244946029444605
GSL_+_blue_beads_25_(fitc)	10	52.36	59.24	43.75	456.1666666666667	369.1666666666667	0.04795661621594533	0.6741998624407662	6	virus	0.5	0.12540983826431873
GSL_+_blue_beads_25_(fitc)	11	197.08	227.43	171.0	2132.858823529412	403.78823529411767	0.06467401218304612	0.6593357842255235	85	virus	0.5	0.09299301651989207
GSL_+_blue_beads_25_(fitc)	12	161.39	186.43	140.66	2035.877192982456	428.63157894736844	0.05894066833979986	0.6562945395795645	57	virus	0.5	0.10203873917195781
GSL_+_blue_beads_25_(fitc)	13	187.58	217.2	161.9	1865.974025974026	530.2987012987013	0.06396334429202281	0.6666552504307265	77	virus	0.5	0.09402622001576258
GSL_+_blue_beads_25_(fitc)	14	152.66	172.09	136.33	1856.6666666666667	553.156862745098	0.05573487400647215	0.6102618452882703	51	virus	0.5	0.10790786900580977
GSL_+_blue_beads_25_(fitc)	15	178.85	208.17	153.28	2411.7714285714287	557.7142857142857	0.06496947193353611	0.6766287070388389	70	virus	0.5	0.09257011492256362
GSL_+_blue_beads_25_(fitc)	16	100.27	116.44	85.36	1261.3636363636363	560.3181818181819	0.05144497301269661	0.6801458765290128	22	virus	0.5	0.1169061062946111
GSL_+_blue_beads_25_(fitc)	17	95.6	118.71	78.87	22.95	565.1	0.050138464735519236	0.747358079219341	20	virus	0.5	0.1199524459927288
GSL_+_blue_beads_25_(fitc)	18	164.2	192.1	139.75	358.2881355932203	599.9322033898305	0.05929311886633978	0.6861041496259984	59	virus	0.5	0.10143219986290751
GSL_+_blue_beads_25_(fitc)	19	140.18	169.13	116.8	266.3488372093023	636.4418604651163	0.05560369075138968	0.7232532297380811	43	virus	0.5	0.10816245112641912
GSL_+_blue_beads_25_(fitc)	20	200.53	236.79	169.47	998.5681818181819	638.8409090909091	0.0656729340225539	0.6984337499140897	88	virus	0.5	0.09157854103610256
GSL_+_blue_beads_25_(fitc)	21	159.97	190.53	134.24	2369.589285714286	642.8214285714286	0.060021301010660444	0.7096520056250053	56	virus	0.5	0.10020161812682993
GSL_+_blue_beads_25_(fitc)	22	111.08	132.88	91.05	905.0	657.0	0.051992905762590226	0.7283698582238909	27	virus	0.5	0.11567407889853024
GSL_+_blue_beads_25_(fitc)	23	168.32	203.79	138.57	1876.0483870967741	664.9516129032259	0.06133200047833644	0.733225269975793	62	virus	0.5	0.09806025299093322
GSL_+_blue_beads_25_(fitc)	24	186.36	222.03	157.85	934.328947368421	666.1842105263158	0.06391642096169575	0.7032718181616641	76	virus	0.5	0.0940952480263242
GSL_+_blue_beads_25_(fitc)	25	117.08	136.64	101.97	1043.6	665.3333333333334	0.05242280519536096	0.6656868015440424	30	virus	0.5	0.1147254798924405
GSL_+_blue_beads_25_(fitc)	26	141.8	160.66	124.78	501.45454545454544	686.6363636363636	0.0545226072877355	0.6299507069625294	44	virus	0.5	0.11030711447100165
GSL_+_blue_beads_25_(fitc)	27	146.55	172.74	124.49	2028.1702127659576	694.2340425531914	0.05739878967121497	0.6932395887412796	47	virus	0.5	0.10477976134681108
GSL_+_blue_beads_25_(fitc)	28	119.02	138.8	100.01	2081.0	730.0	0.052643544158986255	0.6933752452430394	31	virus	0.5	0.11424442596764411
GSL_+_blue_beads_25_(fitc)	29	90.69	108.76	75.37	979.4444444444445	780.4444444444445	0.04960487998386912	0.7209432074368767	18	virus	0.5	0.12124273832133978
GSL_+_blue_beads_25_(fitc)	30	202.8	243.54	169.37	1826.9444444444443	821.7111111111111	0.06668261032699481	0.7185663091116358	90	virus	0.5	0.09019190241433898
GSL_+_blue_beads_25_(fitc)	31	200.53	236.62	171.05	1986.9204545454545	828.4886363636364	0.06759511748029032	0.6909536760054601	88	virus	0.5	0.08897434766792683
GSL_+_blue_beads_25_(fitc)	32	168.32	198.04	143.57	1795.4354838709678	837.7096774193549	0.0616079427993827	0.6888183032672094	62	virus	0.5	0.0976210405682621
GSL_+_blue_beads_25_(fitc)	33	173.66	201.27	149.71	1073.6363636363637	864.6969696969697	0.06140200014659322	0.6683689118619734	66	virus	0.5	0.0979484620857159
GSL_+_blue_beads_25_(fitc)	34	178.85	212.07	150.83	507.48571428571427	895.6428571428571	0.0632106217301416	0.7029439450127233	70	virus	0.5	0.09514589983027899
GSL_+_blue_beads_25_(fitc)	35	197.08	235.97	164.87	2117.670588235294	901.7529411764706	0.0656195409568835	0.7154087857376145	85	virus	0.5	0.09165305632505824
GSL_+_blue_beads_25_(fitc)	36	124.65	147.88	106.78	1919.264705882353	904.4411764705883	0.05262132574721007	0.6918414841354016	34	virus	0.5	0.11429266362914807
GSL_+_blue_beads_25_(fitc)	37	56.56	67.86	46.82	2020.142857142857	951.2857142857143	0.04881787673259363	0.7238845968335301	7	virus	0.5	0.12319731798843807
GSL_+_blue_beads_25_(fitc)	38	194.75	237.79	159.54	908.5421686746988	973.3373493975904	0.06648483441285669	0.741529340492789	83	virus	0.5	0.09046020098355981
GSL_+_blue_beads_25_(fitc)	39	109.0	130.1	94.51	846.2307692307693	982.4615384615385	0.0520245093477641	0.687178120231726	26	virus	0.5	0.11560380979554952
GSL_+_blue_beads_25_(fitc)	40	199.39	239.13	166.18	1397.5977011494253	988.7126436781609	0.06530423788618692	0.7190557135674911	87	virus	0.5	0.09209557722467247
GSL_+_blue_beads_25_(fitc)	41	197.08	235.77	165.43	1593.1411764705883	1115.2941176470588	0.06611260870355519	0.7124969291318676	85	virus	0.5	0.09096950795442285
GSL_+_blue_beads_25_(fitc)	42	194.75	229.36	165.05	2273.734939759036	1128.9759036144578	0.06499089803797801	0.6943971547199105	83	virus	0.5	0.09253959654213793
GSL_+_blue_beads_25_(fitc)	43	60.46	98.94	40.06	843.0	1133.375	0.04855225661288616	0.9143491905937099	8	virus	0.5	0.12387130697751098
GSL_+_blue_beads_25_(fitc)	44	109.0	136.11	87.97	2271.846153846154	1203.6923076923076	0.0523163950095042	0.7631121023540929	26	virus	0.5	0.11495882853268306
GSL_+_blue_beads_25_(fitc)	45	130.03	156.77	107.5	1298.5675675675675	1232.7027027027027	0.05446774318510561	0.7278764289718421	37	virus	0.5	0.11041822428564144
GSL_+_blue_beads_25_(fitc)	46	173.66	204.6	147.62	299.3484848484849	1286.2575757575758	0.06207073514231931	0.6924216952376647	66	virus	0.5	0.09689318919062159
GSL_+_blue_beads_25_(fitc)	47	185.13	214.31	160.59	1020.96	1287.9466666666667	0.06471338282037925	0.6622066305701291	75	virus	0.5	0.092936440983761
GSL_+_blue_beads_25_(fitc)	48	192.39	218.49	169.09	1852.111111111111	1313.9382716049383	0.06435091607916604	0.633269162934161	81	virus	0.5	0.09345992022781552
GSL_+_blue_beads_25_(fitc)	49	79.98	89.85	69.83	263.7857142857143	1331.642857142857	0.05030169993330695	0.6292889819859955	14	virus	0.5	0.11956318556469746
GSL_+_blue_beads_25_(fitc)	50	198.24	228.45	171.72	1654.7209302325582	1338.0232558139535	0.06580427337436397	0.6595412399664062	86	virus	0.5	0.0913957585874466
GSL_+_blue_beads_25_(fitc)	51	190.0	225.76	160.45	675.8607594936709	1356.2278481012659	0.0646204046321232	0.7035119680097622	79	virus	0.5	0.09307016131489833
GSL_+_blue_beads_25_(fitc)	52	195.92	229.5	166.97	2423.6428571428573	1377.154761904762	0.06669507452236699	0.6860537267996079	84	virus	0.5	0.09017504705431831
GSL_+_blue_beads_25_(fitc)	53	193.57	233.5	159.9	847.390243902439	1399.560975609756	0.06599590500299797	0.7287294686928801	82	virus	0.5	0.09113037366594946
GSL_+_blue_beads_25_(fitc)	54	177.57	210.6	149.58	286.92753623188406	1445.2028985507247	0.06283456277600247	0.7039399843379018	69	virus	0.5	0.0957153391006429
GSL_+_blue_beads_25_(fitc)	55	37.03	43.75	25.26	457.3333333333333	1478.6666666666667	0.04738406947538005	0.816496580785147	3	virus	0.5	0.12692517865040276
GSL_+_blue_beads_25_(fitc)	56	115.12	136.58	96.79	2238.655172413793	1504.9655172413793	0.05228987264338933	0.7055592918392544	29	virus	0.5	0.11501713772305486
GSL_+_blue_beads_25_(fitc)	57	206.15	243.59	174.71	2077.7634408602153	1541.1935483870968	0.06720164528744167	0.6968279992594982	93	virus	0.5	0.08949530115849143
GSL_+_blue_beads_25_(fitc)	58	207.25	246.43	174.01	1821.1808510638298	1544.0425531914893	0.06787601221264268	0.7080816681926685	94	virus	0.5	0.0886061406274762
GSL_+_blue_beads_25_(fitc)	59	157.09	189.96	129.83	2180.4444444444443	1599.9074074074074	0.057936379872571914	0.729981645480734	54	virus	0.5	0.10380751259525883
GSL_+_blue_beads_25_(fitc)	60	155.62	187.56	129.36	2396.4716981132074	1599.9622641509434	0.05852029268051104	0.7240617966429503	53	virus	0.5	0.10277172597512697
GSL_+_blue_beads_25_(fitc)	61	232.21	265.56	203.36	1640.8813559322034	1604.0593220338983	0.0681752367638968	0.6430912414448066	118	virus	0.5	0.08821724380912799
GSL_+_blue_beads_25_(fitc)	62	141.8	172.06	116.64	593.0454545454545	1643.7045454545455	0.05523939734124466	0.7351619430693407	44	virus	0.5	0.10887576209770061
GSL_+_blue_beads_25_(fitc)	63	42.75	53.58	32.81	1295.0	1648.75	0.047788850972918115	0.7905694150420949	4	virus	0.5	0.12585009601410937
GSL_+_blue_beads_25_(fitc)	64	205.04	241.86	173.64	2084.967391304348	1658.9130434782608	0.06644574032376907	0.6961249524083757	92	virus	0.5	0.09051342424721678
GSL_+_blue_beads_25_(fitc)	65	122.8	148.04	103.21	1966.3030303030303	1669.5454545454545	0.05322120080737785	0.7169169793281779	33	virus	0.5	0.11300443041698487
GSL_+_blue_beads_25_(fitc)	66	82.79	109.19	67.19	24.733333333333334	1685.0	0.05026979011980146	0.7882777618366363	15	virus	0.5	0.11963908082792413
GSL_+_blue_beads_25_(fitc)	67	193.57	231.15	161.95	1028.6463414634147	1709.3536585365853	0.06474512709410704	0.7135232723709225	82	virus	0.5	0.09289087462295076
GSL_+_blue_beads_25_(fitc)	68	211.62	247.13	181.3	1044.3673469387754	1750.5	0.06630457068611843	0.6795712468781724	98	virus	0.5	0.09070613716536517
GSL_+_blue_beads_25_(fitc)	69	164.2	192.1	139.75	1347.2881355932204	1757.9322033898304	0.06285607214622083	0.686104149524788	59	virus	0.5	0.09568258527759932
GSL_+_blue_beads_25_(fitc)	70	191.2	223.97	163.35	344.8	1761.55	0.06457101645478858	0.6841358374465537	80	virus	0.5	0.09314134752016429
GSL_+_blue_beads_25_(fitc)	71	186.36	217.21	159.55	2102.907894736842	1762.5	0.06478065684481397	0.6785989840285305	76	virus	0.5	0.0928399274763942
GSL_+_blue_beads_25_(fitc)	72	188.79	218.38	163.4	406.14102564102564	1777.679487179487	0.0632979090170428	0.6634193892228443	78	virus	0.5	0.09501469443052839
GSL_+_blue_beads_25_(fitc)	73	187.58	223.96	157.67	2360.5454545454545	1783.9610389610389	0.06596742072754688	0.7101889410921521	77	virus	0.5	0.09116972313022793
GSL_+_blue_beads_25_(fitc)	74	64.13	81.04	50.07	399.44444444444446	1789.6666666666667	0.048429292709494726	0.786283935838477	9	virus	0.5	0.12418582116039449
GSL_+_blue_beads_25_(fitc)	75	198.24	226.94	172.84	113.03488372093024	1809.953488372093	0.0628493001722773	0.6480664290133825	86	virus	0.5	0.09569289501808287
GSL_+_blue_beads_25_(fitc)	76	202.8	236.39	173.34	1019.4	1814.1444444444444	0.06579366486758416	0.6799489037052274	90	virus	0.5	0.0914104951510135
GSL_+_blue_beads_25_(fitc)	77	210.54	244.87	181.23	839.1546391752578	1833.7319587628865	0.06646527952993446	0.6724984337960801	97	virus	0.5	0.09048681546034927
GSL_+_blue_beads_25_(fitc)	78	249.29	291.77	212.76	752.1176470588235	1844.9191176470588	0.06662040217487637	0.6842968456908122	136	virus	0.5	0.09027612093302212
GSL_+_blue_beads_25_(fitc)	79	247.45	344.6	180.84	604.4626865671642	1855.4328358208954	0.06557648878907382	0.8512315092720006	134	virus	0.5	0.09171322823779769
GSL_+_blue_beads_25_(fitc)	80	178.85	206.66	154.84	884.8857142857142	1864.3428571428572	0.06405123727339228	0.662286052932765	70	virus	0.5	0.09389719448626638
GSL_+_blue_beads_25_(fitc)	81	111.08	129.05	94.75	510.44444444444446	1869.0740740740741	0.05149504456104229	0.6789814963416372	27	virus	0.5	0.116792431866263
GSL_+_blue_beads_25_(fitc)	82	174.98	204.89	149.7	221.22388059701493	1882.2835820895523	0.06196737929365929	0.6827597042460841	67	virus	0.5	0.09705479805503257
GSL_+_blue_beads_25_(fitc)	83	180.12	217.78	148.66	1533.7605633802816	1902.619718309859	0.0631839969170233	0.7307539389897886	71	virus	0.5	0.09518599292228899
GSL_+_blue_beads_25_(fitc)	84	192.39	218.22	169.39	1388.9012345679012	1977.0987654320988	0.06562984267412982	0.6304580946361357	81	virus	0.5	0.09163866982293435
GSL_+_blue_beads_25_(fitc)	85	171.01	200.51	146.4	1057.890625	2018.359375	0.06110958532444639	0.683304224087335	64	virus	0.5	0.09841715422244512
GSL_+_blue_beads_25_(fitc)	86	203.92	239.11	174.59	2266.4395604395604	2024.4725274725274	0.06750390806935146	0.6832728526903559	91	virus	0.5	0.08909456734218811
GSL_+_blue_beads_26_(fitc)	1	90.69	105.09	89.59	2145.8888888888887	102.33333333333333	0.024797747897838947	0.5226065874966501	18	virus	0.5	0.24370779219503516
GSL_+_blue_beads_26_(fitc)	2	140.18	155.92	127.27	1146.860465116279	224.25581395348837	0.027046700398049735	0.57772285616403	43	virus	0.5	0.22344331480919488
GSL_+_blue_beads_26_(fitc)	3	187.58	199.58	177.63	1560.8831168831168	259.27272727272725	0.03084290969640754	0.4559636372561414	77	virus	0.5	0.1959414481667829
GSL_+_blue_beads_26_(fitc)	4	60.46	71.08	52.47	1502.875	343.5	0.02413273513295085	0.6746451779882773	8	virus	0.5	0.25042351636884025
GSL_+_blue_beads_26_(fitc)	5	162.8	179.85	149.54	2167.5689655172414	354.55172413793105	0.02933972259554606	0.5555991526451824	58	virus	0.5	0.2059802839618132
GSL_+_blue_beads_26_(fitc)	6	191.2	213.67	170.88	403.9625	368.025	0.03072655428155403	0.6003498190489885	80	virus	0.5	0.19668343987465658
GSL_+_blue_beads_26_(fitc)	7	293.1	486.06	224.57	105.76063829787235	371.25531914893617	0.025784662694871847	0.8868713594644786	188	virus	0.5	0.2343798118713936
GSL_+_blue_beads_26_(fitc)	8	177.57	191.87	164.81	1933.9130434782608	388.15942028985506	0.030761270474118117	0.511995276970194	69	virus	0.5	0.1964614691930945
GSL_+_blue_beads_26_(fitc)	9	221.12	269.12	185.05	122.51401869158879	389.97196261682245	0.027525448621554732	0.7260808692194914	107	virus	0.5	0.21955698069381918
GSL_+_blue_beads_26_(fitc)	10	327.7	763.88	184.14	109.31489361702128	402.27659574468083	0.02713570242718208	0.9705097106157644	235	virus	0.5	0.222710446055661
GSL_+_blue_beads_26_(fitc)	11	151.16	162.92	140.55	1956.24	405.4	0.028410712958801595	0.505648470770345	50	virus	0.5	0.2127156893371508
GSL_+_blue_beads_26_(fitc)	12	52.36	101.95	37.55	130.16666666666666	467.5	0.024189342938141067	0.9296980173248084	6	virus	0.5	0.24983747624092492
GSL_+_blue_beads_26_(fitc)	13	229.24	261.61	200.77	491.6521739130435	649.1391304347826	0.037941626131828936	0.6411358782702854	115	virus	0.5	0.1592816388679145
GSL_+_blue_beads_26_(fitc)	14	214.83	238.1	194.42	546.8514851485148	669.7821782178218	0.03569332301720618	0.577297833885673	101	virus	0.5	0.16931470316389832
GSL_+_blue_beads_26_(fitc)	15	135.2	148.08	123.71	2268.275	686.375	0.02775644353155434	0.5495189195163908	40	virus	0.5	0.21772978172513652
GSL_+_blue_beads_26_(fitc)	16	79.98	94.48	72.68	1374.357142857143	702.5714285714286	0.024660118584439897	0.6390067545567057	14	virus	0.5	0.24506793715925948
GSL_+_blue_beads_26_(fitc)	17	102.52	205.43	72.52	1098.6521739130435	749.304347826087	0.024444895023016156	0.9356193270521149	23	virus	0.5	0.24722562260550598
GSL_+_blue_beads_26_(fitc)	18	225.22	275.37	187.25	979.1981981981982	822.7297297297297	0.029148736818020906	0.7332360960148175	111	virus	0.5	0.20732988977605135
GSL_+_blue_beads_26_(fitc)	19	237.08	280.95	201.77	819.0975609756098	830.0	0.029922446120190613	0.6958685517507222	123	virus	0.5	0.20196892885416634
GSL_+_blue_beads_26_(fitc)	20	166.96	190.75	146.71	630.672131147541	890.9344262295082	0.028853388181191052	0.6391002363160416	61	virus	0.5	0.20945215700979541
GSL_+_blue_beads_26_(fitc)	21	74.05	95.43	62.4	838.75	888.9166666666666	0.024582922513707774	0.756624531617366	12	virus	0.5	0.24583750724599643
GSL_+_blue_beads_26_(fitc)	22	241.85	256.36	229.72	1194.3125	950.453125	0.031466952193659393	0.44392067278959124	128	virus	0.5	0.192055600250003
GSL_+_blue_beads_26_(fitc)	23	211.62	236.22	189.48	2232.6428571428573	949.3571428571429	0.03595702802590851	0.5971524527120913	98	virus	0.5	0.168072967188414
GSL_+_blue_beads_26_(fitc)	24	124.65	161.89	97.08	1173.6764705882354	978.1176470588235	0.025772853477533157	0.8002629370207311	34	virus	0.5	0.23448720557308841
GSL_+_blue_beads_26_(fitc)	25	143.4	165.28	125.14	391.93333333333334	995.0	0.02718498030153207	0.65327192150154	45	virus	0.5	0.2223067416109481
GSL_+_blue_beads_26_(fitc)	26	385.37	410.45	370.06	439.65846153846155	1043.1292307692308	0.05083634803678555	0.43259605372214915	325	virus	0.5	0.11887959353843341
GSL_+_blue_beads_26_(fitc)	27	148.1	166.73	131.87	2305.375	1056.7708333333333	0.028086987551451423	0.6118779828358318	48	virus	0.5	0.21516741090587713
GSL_+_blue_beads_26_(fitc)	28	165.58	180.26	152.0	950.6333333333333	1153.4833333333333	0.028823393181809032	0.537587871940099	60	virus	0.5	0.20967012292659237
GSL_+_blue_beads_26_(fitc)	29	169.67	192.72	149.62	1641.888888888889	1163.3809523809523	0.030938759320683375	0.6302626658157625	63	virus	0.5	0.19533441302383542
GSL_+_blue_beads_26_(fitc)	30	130.03	152.66	110.59	2381.810810810811	1163.7297297297298	0.02706655998015744	0.6893697800215322	37	virus	0.5	0.22327936745644214
GSL_+_blue_beads_26_(fitc)	31	235.14	271.13	204.43	1399.2561983471073	1218.0578512396694	0.03336971336584973	0.656907864162852	121	virus	0.5	0.18110447414799105
GSL_+_blue_beads_26_(fitc)	32	161.39	181.44	143.77	1811.0350877192982	1288.0	0.02965283887836695	0.6100362148137359	57	virus	0.5	0.20380525508471073
GSL_+_blue_beads_26_(fitc)	33	785.72	796.74	776.23	2020.4307920059216	1333.2028127313101	0.043507864949670856	0.22544965486125557	1351	virus	0.5	0.13890372231738582
GSL_+_blue_beads_26_(fitc)	34	136.88	156.02	121.9	413.3170731707317	1346.780487804878	0.02674292955572997	0.6241234256719926	41	virus	0.5	0.22598138992205277
GSL_+_blue_beads_26_(fitc)	35	164.2	184.36	147.48	1449.0	1367.7627118644068	0.029400645235645267	0.6000570945264705	59	virus	0.5	0.20555346126432614
GSL_+_blue_beads_26_(fitc)	36	180.12	207.17	157.51	1508.8028169014085	1450.3521126760563	0.031820993312803435	0.6495909763370695	71	virus	0.5	0.18991878512980898
GSL_+_blue_beads_26_(fitc)	37	161.39	177.31	148.06	1002.7894736842105	1538.5263157894738	0.028640867587907026	0.5502429635873133	57	virus	0.5	0.21100633118191917
GSL_+_blue_beads_26_(fitc)	38	148.1	162.79	136.48	934.8125	1543.2083333333333	0.027669833381407067	0.5451228631171003	48	virus	0.5	0.218411304046822
GSL_+_blue_beads_26_(fitc)	39	199.39	221.31	179.66	1679.1724137931035	1577.6896551724137	0.0330341327102693	0.5839338430199579	87	virus	0.5	0.18294424268970422
GSL_+_blue_beads_26_(fitc)	40	74.05	83.57	76.79	2266.0	1635.5833333333333	0.02473238537086925	0.3947637724304563	12	virus	0.5	0.2443518609696886
GSL_+_blue_beads_26_(fitc)	41	207.25	226.9	188.9	1587.212765957447	1688.340425531915	0.035956187262892306	0.5539850227377686	94	virus	0.5	0.1680768972362192
GSL_+_blue_beads_26_(fitc)	42	159.97	172.72	148.48	2094.1071428571427	1755.6607142857142	0.029733294304403874	0.5108258319092294	56	virus	0.5	0.20325377772540662
GSL_+_blue_beads_26_(fitc)	43	149.64	170.48	130.47	1482.0	1770.1224489795918	0.028356886889802844	0.6436247337306147	49	virus	0.5	0.21311945895459408
GSL_+_blue_beads_26_(fitc)	44	144.98	158.79	131.8	1887.4782608695652	1801.0869565217392	0.028100901117463904	0.5577552139933666	46	virus	0.5	0.21506087531960325
GSL_+_blue_beads_26_(fitc)	45	168.32	181.57	156.06	2185.8870967741937	1812.6129032258063	0.03113788884511073	0.511133627057001	62	virus	0.5	0.19408523235641068
GSL_+_blue_beads_26_(fitc)	46	187.58	202.02	173.71	1366.5584415584415	1905.0389610389611	0.03211040024806725	0.5105252489321686	77	virus	0.5	0.18820707138196327
GSL_+_blue_beads_26_(fitc)	47	187.58	210.67	167.98	1166.6103896103896	2006.6623376623377	0.03361867359105959	0.6034943421977276	77	virus	0.5	0.1797633203827102
GSL_+_blue_beads_26_(fitc)	48	181.39	198.19	167.23	1920.125	2024.1944444444443	0.03231942190864054	0.5367363941866753	72	virus	0.5	0.18698986660945538
GSL_+_blue_beads_26_(fitc)	49	144.98	237.09	92.82	155.2173913043478	2029.4782608695652	0.036141087767395164	0.9201740924774723	46	virus	0.5	0.16721700327579755
GSL_+_blue_beads_26_(fitc)	50	151.16	241.38	99.24	594.88	2029.38	0.036587032962855884	0.9115797933129606	50	virus	0.5	0.16517885989079317
GSL_+_blue_beads_2_(fitc)	1	151.16	226.61	105.75	2061.96	17.78	0.04289950541477151	0.8844438327349885	50	virus	0.5	1.0402652082007082
GSL_+_blue_beads_2_(fitc)	2	246.53	275.18	221.88	1507.015037593985	72.78947368421052	0.0502916536835807	0.5915117851088998	133	bacteria	0.5	0.8873612152979282
GSL_+_blue_beads_2_(fitc)	3	144.98	163.54	128.85	1757.3478260869565	94.06521739130434	0.03295228374725535	0.6158516612664903	46	virus	0.5	1.354287407643537
GSL_+_blue_beads_2_(fitc)	4	275.42	337.2	225.81	121.83132530120481	103.03614457831326	0.03990058641962369	0.742675676580582	166	virus	0.5	1.1184513045165811
GSL_+_blue_beads_2_(fitc)	5	235.14	269.32	204.86	1038.2561983471073	105.89256198347107	0.04693451172949197	0.6491669061980054	121	bacteria	0.5	0.9508325811337411
GSL_+_blue_beads_2_(fitc)	6	428.07	564.01	330.11	165.05236907730674	136.428927680798	0.044956423718797045	0.8108213263594275	401	virus	0.5	0.9926693282176147
GSL_+_blue_beads_2_(fitc)	7	226.23	254.25	201.15	1657.0625	153.57142857142858	0.044507206143332645	0.6116288600754632	112	bacteria	0.5	1.002688481237998
GSL_+_blue_beads_2_(fitc)	8	187.58	208.32	168.89	2269.285714285714	152.93506493506493	0.03785053155504773	0.5854244994789964	77	bacteria	0.5	1.1790286978427726
GSL_+_blue_beads_2_(fitc)	9	254.73	305.66	212.78	547.2887323943662	155.57042253521126	0.04608758528670418	0.717915891546315	142	bacteria	0.5	0.968305513391241
GSL_+_blue_beads_2_(fitc)	10	192.39	210.4	176.37	2246.3456790123455	165.03703703703704	0.03850039244560296	0.5452828874492347	81	bacteria	0.5	1.1591274814940602
GSL_+_blue_beads_2_(fitc)	11	268.7	318.37	227.78	339.3987341772152	185.78481012658227	0.04502681169859508	0.6986685247583231	158	bacteria	0.5	0.9911175419377327
GSL_+_blue_beads_2_(fitc)	12	228.24	263.21	198.06	705.2017543859649	195.03508771929825	0.04310060231256723	0.6586209469377212	114	bacteria	0.5	1.0354115844685643
GSL_+_blue_beads_2_(fitc)	13	166.96	195.21	143.26	1335.344262295082	209.68852459016392	0.03527970750100763	0.6792762190116698	61	bacteria	0.5	1.2649442439603589
GSL_+_blue_beads_2_(fitc)	14	176.28	201.38	154.96	2046.3970588235295	210.89705882352942	0.036357441845001996	0.6386740425510173	68	bacteria	0.5	1.2274478254618866
GSL_+_blue_beads_2_(fitc)	15	229.24	256.38	205.16	1775.1130434782608	213.66086956521738	0.04409166724597731	0.5996791712412407	115	bacteria	0.5	1.0121382501378697
GSL_+_blue_beads_2_(fitc)	16	185.13	209.16	163.96	1484.7866666666666	218.02666666666667	0.036106140699627386	0.6208727996184301	75	bacteria	0.5	1.2359909441239518
GSL_+_blue_beads_2_(fitc)	17	225.22	252.63	201.29	1949.7297297297298	222.99099099099098	0.04417519702047651	0.6043046812849903	111	bacteria	0.5	1.0102244232508761
GSL_+_blue_beads_2_(fitc)	18	194.75	221.56	171.51	2233.6506024096384	242.3132530120482	0.039183529326076806	0.6330844930301521	83	bacteria	0.5	1.138918920769736
GSL_+_blue_beads_2_(fitc)	19	203.92	226.67	183.65	1749.6923076923076	247.0879120879121	0.038227131175164235	0.58610881020738	91	bacteria	0.5	1.1674133412605732
GSL_+_blue_beads_2_(fitc)	20	130.03	142.87	122.03	2317.108108108108	270.05405405405406	0.03006497321834852	0.5200555061215195	37	virus	0.5	1.4843473369458755
GSL_+_blue_beads_2_(fitc)	21	242.79	291.92	202.9	609.1937984496124	292.73643410852713	0.044362068927400855	0.7189646617630782	129	bacteria	0.5	1.0059689282084021
GSL_+_blue_beads_2_(fitc)	22	206.15	241.22	175.95	863.6559139784946	299.23655913978496	0.03952217487535685	0.6840831395665189	93	bacteria	0.5	1.129160099937485
GSL_+_blue_beads_2_(fitc)	23	120.92	142.36	102.37	1393.0625	352.21875	0.030768259541084735	0.6949043980703645	32	virus	0.5	1.4504188276367933
GSL_+_blue_beads_2_(fitc)	24	238.04	284.08	200.4	598.6774193548387	366.68548387096774	0.04527046112864684	0.7087745011329865	124	bacteria	0.5	0.9857832639518912
GSL_+_blue_beads_2_(fitc)	25	331.85	424.61	259.87	229.41908713692945	370.2780082987552	0.042625395976820205	0.7908340367687389	241	virus	0.5	1.0469548002855598
GSL_+_blue_beads_2_(fitc)	26	223.18	253.22	197.33	1434.2660550458716	383.1651376146789	0.044191891778519246	0.6266561517876825	109	bacteria	0.5	1.009842781921748
GSL_+_blue_beads_2_(fitc)	27	230.23	263.51	201.34	1670.8793103448277	462.6810344827586	0.04840500130222748	0.6451368647129395	116	bacteria	0.5	0.9219473552612233
GSL_+_blue_beads_2_(fitc)	28	70.9	89.54	62.03	1801.0	472.54545454545456	0.028781255839645522	0.7211882875378647	11	virus	0.5	1.5505530120243125
GSL_+_blue_beads_2_(fitc)	29	209.45	239.7	183.17	2366.7291666666665	485.125	0.041679038340009515	0.6450597947422663	96	bacteria	0.5	1.0707267899980657
GSL_+_blue_beads_2_(fitc)	30	231.22	266.29	201.47	921.8717948717949	491.43589743589746	0.046402894564156805	0.6538792820363434	117	bacteria	0.5	0.9617258438544914
GSL_+_blue_beads_2_(fitc)	31	238.04	265.29	214.32	1776.1290322580646	521.3951612903226	0.049005736766830156	0.5893574571194405	124	bacteria	0.5	0.9106456891841013
GSL_+_blue_beads_2_(fitc)	32	245.6	281.97	214.57	996.1439393939394	541.6590909090909	0.04981925289300582	0.6487948406992281	132	bacteria	0.5	0.8957754350079769
GSL_+_blue_beads_2_(fitc)	33	220.09	251.37	193.01	1979.9716981132076	540.6792452830189	0.04529999482926509	0.6406520464919628	106	bacteria	0.5	0.9851405745232993
GSL_+_blue_beads_2_(fitc)	34	199.39	231.0	172.34	804.080459770115	577.0	0.037727142708469164	0.6658827069599169	87	bacteria	0.5	1.1828847807757956
GSL_+_blue_beads_2_(fitc)	35	205.04	239.33	176.86	551.9673913043479	582.3913043478261	0.037861659718511645	0.6736929520618383	92	bacteria	0.5	1.1786821619493177
GSL_+_blue_beads_2_(fitc)	36	200.53	239.81	167.58	537.5340909090909	592.1590909090909	0.03787681646426472	0.7153169234205111	88	bacteria	0.5	1.1782105017751
GSL_+_blue_beads_2_(fitc)	37	207.25	240.51	178.46	1682.5	604.9468085106383	0.043114856972160255	0.6703552547564322	94	bacteria	0.5	1.0350692560761772
GSL_+_blue_beads_2_(fitc)	38	206.15	235.51	180.85	1123.8279569892472	615.7204301075269	0.041304904627593717	0.6405382887551706	93	bacteria	0.5	1.0804252747793963
GSL_+_blue_beads_2_(fitc)	39	232.21	267.87	201.61	2009.7457627118645	631.6864406779661	0.050029303728316744	0.6584144960420792	118	bacteria	0.5	0.8920144716454599
GSL_+_blue_beads_2_(fitc)	40	230.23	267.45	198.58	948.8965517241379	640.3103448275862	0.04854871186974695	0.6698612407265271	116	bacteria	0.5	0.9192182699251771
GSL_+_blue_beads_2_(fitc)	41	185.13	214.47	159.67	730.9866666666667	683.1733333333333	0.035949576763570225	0.6676266210198204	75	bacteria	0.5	1.2413738060256572
GSL_+_blue_beads_2_(fitc)	42	183.89	211.53	159.99	785.1486486486486	690.2297297297297	0.03646533048853344	0.6541882484919833	74	bacteria	0.5	1.2238162203421592
GSL_+_blue_beads_2_(fitc)	43	211.62	238.36	187.63	1485.4285714285713	710.5204081632653	0.04058742825179428	0.6167067782000947	98	bacteria	0.5	1.099524282621475
GSL_+_blue_beads_2_(fitc)	44	215.89	245.13	190.34	2201.9313725490197	715.2352941176471	0.04439225239655043	0.6301056176426623	102	bacteria	0.5	1.0052849432679947
GSL_+_blue_beads_2_(fitc)	45	230.23	260.17	203.53	1144.0689655172414	716.7672413793103	0.047726077897141124	0.6228738184427881	116	bacteria	0.5	0.935062441715495
GSL_+_blue_beads_2_(fitc)	46	241.85	281.8	208.68	625.0234375	720.53125	0.04721256073310951	0.6720149996755589	128	bacteria	0.5	0.9452328414101144
GSL_+_blue_beads_2_(fitc)	47	203.92	238.66	173.97	876.7692307692307	778.9010989010989	0.04022036616387703	0.6845727816108066	91	bacteria	0.5	1.1095588426563172
GSL_+_blue_beads_2_(fitc)	48	251.12	289.62	217.74	901.8550724637681	780.6304347826087	0.049229226013615894	0.6593655068848556	138	bacteria	0.5	0.9065115693604797
GSL_+_blue_beads_2_(fitc)	49	224.2	251.04	200.17	2150.172727272727	808.7	0.045605359420710624	0.6034906417971845	110	bacteria	0.5	0.9785442653860204
GSL_+_blue_beads_2_(fitc)	50	235.14	272.14	203.43	510.3719008264463	817.1157024793389	0.04588442733324839	0.6642430567421354	121	bacteria	0.5	0.9725927842117265
GSL_+_blue_beads_2_(fitc)	51	290.75	390.11	217.02	1057.2756756756758	821.1189189189189	0.05239653241830234	0.8309712152409391	185	virus	0.5	0.8517140519095943
GSL_+_blue_beads_2_(fitc)	52	162.8	181.17	146.1	1559.948275862069	819.1724137931035	0.033077813502440274	0.5913547777428216	58	bacteria	0.5	1.349147909329388
GSL_+_blue_beads_2_(fitc)	53	247.45	279.92	219.07	599.5522388059702	822.544776119403	0.04917333871067442	0.6225144856430358	134	bacteria	0.5	0.9075418530065605
GSL_+_blue_beads_2_(fitc)	54	212.69	241.55	187.78	1478.3737373737374	824.7474747474747	0.042338015844595296	0.6289964255980122	99	bacteria	0.5	1.0540612742885915
GSL_+_blue_beads_2_(fitc)	55	126.47	154.09	107.06	152.4	835.3714285714286	0.0301959215692405	0.7192034696614544	35	virus	0.5	1.4779102810183637
GSL_+_blue_beads_2_(fitc)	56	239.95	277.78	208.28	889.8333333333334	842.4920634920635	0.04552932529942166	0.6616926580076142	126	bacteria	0.5	0.9801784374909588
GSL_+_blue_beads_2_(fitc)	57	291.54	355.36	239.53	59.16129032258065	857.1827956989247	0.04569651203460032	0.7386852964469564	186	virus	0.5	0.9765923249943955
GSL_+_blue_beads_2_(fitc)	58	186.36	215.55	160.71	2153.9868421052633	860.0526315789474	0.03737301074840437	0.6664216750156872	76	bacteria	0.5	1.1940933320152707
GSL_+_blue_beads_2_(fitc)	59	212.69	243.72	186.14	2082.5151515151515	872.1515151515151	0.04341210181999183	0.645527772965413	99	bacteria	0.5	1.027982084743325
GSL_+_blue_beads_2_(fitc)	60	210.54	243.44	181.91	1574.721649484536	876.3711340206186	0.04312569138255491	0.6645404026731963	97	bacteria	0.5	1.0348092169962761
GSL_+_blue_beads_2_(fitc)	61	157.09	182.73	133.96	1919.962962962963	900.0555555555555	0.034756687899682136	0.6801360802773538	54	bacteria	0.5	1.2839791599478854
GSL_+_blue_beads_2_(fitc)	62	249.29	289.55	214.68	643.8823529411765	925.6470588235294	0.05013176013972348	0.6710499027623472	136	bacteria	0.5	0.8901914237127133
GSL_+_blue_beads_2_(fitc)	63	191.2	221.39	164.65	1786.925	923.9875	0.03833288207778548	0.6685231458546587	80	bacteria	0.5	1.1641927377505144
GSL_+_blue_beads_2_(fitc)	64	233.19	268.85	202.13	1457.4033613445379	933.9663865546219	0.04826343868865137	0.6593606888922808	119	bacteria	0.5	0.9246515404733942
GSL_+_blue_beads_2_(fitc)	65	252.93	300.17	213.34	373.23571428571427	1013.8142857142857	0.04825685049915859	0.7034522852815963	140	bacteria	0.5	0.9247777770491428
GSL_+_blue_beads_2_(fitc)	66	249.29	293.75	211.63	629.5661764705883	1018.0220588235294	0.04948483302872412	0.6935022992027118	136	bacteria	0.5	0.9018291100649052
GSL_+_blue_beads_2_(fitc)	67	202.8	237.43	172.94	1591.7111111111112	1027.9555555555555	0.04411986520209677	0.6851792432012385	90	bacteria	0.5	1.0114913707824256
GSL_+_blue_beads_2_(fitc)	68	201.67	234.69	173.64	2065.370786516854	1035.6516853932585	0.04114654641711864	0.6727809407149848	89	bacteria	0.5	1.0845834418180502
GSL_+_blue_beads_2_(fitc)	69	241.85	285.32	205.07	630.875	1057.0	0.04824816090972099	0.6952888978817107	128	bacteria	0.5	0.9249443313602721
GSL_+_blue_beads_2_(fitc)	70	166.96	192.86	144.26	2284.44262295082	1068.5409836065573	0.035267763243057984	0.6637010884367281	61	bacteria	0.5	1.265372647095473
GSL_+_blue_beads_2_(fitc)	71	261.81	303.11	226.89	523.9133333333333	1105.8333333333333	0.05024025326392425	0.6631036439958025	150	bacteria	0.5	0.8882690677845303
GSL_+_blue_beads_2_(fitc)	72	215.89	253.73	183.63	540.843137254902	1113.6568627450981	0.03875518635462003	0.6900858079516259	102	bacteria	0.5	1.1515068595892508
GSL_+_blue_beads_2_(fitc)	73	221.12	253.14	193.86	2153.2897196261683	1116.8411214953271	0.04489307341397255	0.643019846258661	107	bacteria	0.5	0.9940701212520461
GSL_+_blue_beads_2_(fitc)	74	254.73	293.82	221.33	488.7957746478873	1120.556338028169	0.049178120389832235	0.6576968025248884	142	bacteria	0.5	0.9074536110418623
GSL_+_blue_beads_2_(fitc)	75	252.93	293.2	218.91	69.77142857142857	1130.057142857143	0.03969601061225255	0.6652441371615255	140	bacteria	0.5	1.1242153114053781
GSL_+_blue_beads_2_(fitc)	76	202.8	238.13	172.06	2257.411111111111	1130.0111111111112	0.04250278074261431	0.6913130166884842	90	bacteria	0.5	1.049975134621268
GSL_+_blue_beads_2_(fitc)	77	149.64	166.51	133.62	1492.1224489795918	1148.9183673469388	0.031660708551224194	0.5967247376617749	49	virus	0.5	1.4095345611044183
GSL_+_blue_beads_2_(fitc)	78	193.57	225.66	166.47	1164.1341463414635	1150.6951219512196	0.03919302943605708	0.6751576959561864	82	bacteria	0.5	1.1386428549702403
GSL_+_blue_beads_2_(fitc)	79	236.11	276.55	201.71	737.6229508196722	1157.377049180328	0.050393175483003254	0.6841052135575008	122	bacteria	0.5	0.8855735425336824
GSL_+_blue_beads_2_(fitc)	80	181.39	211.87	155.72	1863.2916666666667	1163.3333333333333	0.03764299336290949	0.6780772434702704	72	bacteria	0.5	1.1855290704903554
GSL_+_blue_beads_2_(fitc)	81	164.2	187.3	144.42	2334.1186440677966	1189.084745762712	0.035250591054792606	0.6367932498577716	59	bacteria	0.5	1.2659890684566921
GSL_+_blue_beads_2_(fitc)	82	220.09	253.62	191.16	2306.4245283018868	1225.566037735849	0.045990696745934624	0.6572126964289947	106	bacteria	0.5	0.970345441351669
GSL_+_blue_beads_2_(fitc)	83	178.85	203.55	156.67	948.4857142857143	1227.4	0.03641774093408487	0.6384460110081613	70	bacteria	0.5	1.2254154647532398
GSL_+_blue_beads_2_(fitc)	84	222.15	252.03	195.94	1682.712962962963	1231.4444444444443	0.04726066550544924	0.6289417558052252	108	bacteria	0.5	0.9442707260831767
GSL_+_blue_beads_2_(fitc)	85	262.68	303.1	228.11	606.364238410596	1245.6754966887418	0.050537530891015654	0.6585125244714294	151	bacteria	0.5	0.8830439901831111
GSL_+_blue_beads_2_(fitc)	86	242.79	276.06	213.68	938.3565891472869	1246.8062015503876	0.05190761062114418	0.6331597353560241	129	bacteria	0.5	0.8597364124062817
GSL_+_blue_beads_2_(fitc)	87	293.88	345.41	250.81	432.7566137566138	1251.8148148148148	0.05111434093170025	0.6875753153177355	189	bacteria	0.5	0.8730791030179922
GSL_+_blue_beads_2_(fitc)	88	233.19	271.51	200.71	1919.218487394958	1256.327731092437	0.0493021807451641	0.6734690712975591	119	bacteria	0.5	0.9051701619990108
GSL_+_blue_beads_2_(fitc)	89	183.89	207.62	163.15	1452.8783783783783	1322.8648648648648	0.03704231884198787	0.6184646666427973	74	bacteria	0.5	1.204753490794417
GSL_+_blue_beads_2_(fitc)	90	190.0	219.68	164.73	2199.8354430379745	1381.632911392405	0.0400492536959879	0.6615953024718338	79	bacteria	0.5	1.1142994890932358
GSL_+_blue_beads_2_(fitc)	91	233.19	265.11	206.28	541.8487394957983	1405.3025210084033	0.04669159388325696	0.6281435047727748	119	bacteria	0.5	0.955779385976527
GSL_+_blue_beads_2_(fitc)	92	70.9	94.04	80.83	178.0909090909091	1408.6363636363637	0.028971315446930334	0.5110375458890711	11	virus	0.5	1.5403809679871874
GSL_+_blue_beads_2_(fitc)	93	229.24	256.27	205.46	1342.895652173913	1443.017391304348	0.046898779251438226	0.5976785652312007	115	bacteria	0.5	0.9515570265218821
GSL_+_blue_beads_2_(fitc)	94	227.24	258.55	199.57	915.0619469026549	1444.3805309734514	0.04826356647649617	0.6357815232671152	113	bacteria	0.5	0.9246490922658501
GSL_+_blue_beads_2_(fitc)	95	181.39	213.86	153.73	2257.0555555555557	1453.3333333333333	0.0376919651226736	0.6951676519037048	72	bacteria	0.5	1.183988756934284
GSL_+_blue_beads_2_(fitc)	96	152.66	173.63	134.8	1851.7254901960785	1485.9803921568628	0.033829866631142076	0.6302428036484892	51	bacteria	0.5	1.319155745382793
GSL_+_blue_beads_2_(fitc)	97	302.31	336.34	272.02	726.69	1519.28	0.05359279533723529	0.5881520199294649	200	bacteria	0.5	0.8327026543621765
GSL_+_blue_beads_2_(fitc)	98	168.32	202.98	141.37	225.20967741935485	1519.8387096774193	0.03336598916269929	0.7175740535306869	62	bacteria	0.5	1.337495577139797
GSL_+_blue_beads_2_(fitc)	99	211.62	243.78	183.7	2377.061224489796	1547.2142857142858	0.043074462267199395	0.6574144606371631	98	bacteria	0.5	1.0360399313907962
GSL_+_blue_beads_2_(fitc)	100	60.46	65.63	51.88	2274.875	1579.125	0.028562719484970946	0.6123724356957945	8	virus	0.5	1.5624164553198914
GSL_+_blue_beads_2_(fitc)	101	239.0	272.86	209.2	1016.648	1584.184	0.049899792491208614	0.6420166493847215	125	bacteria	0.5	0.8943296295243531
GSL_+_blue_beads_2_(fitc)	102	214.83	242.86	190.26	1399.3465346534654	1603.6435643564357	0.045687102034732405	0.6214930133596529	101	bacteria	0.5	0.9767934700274558
GSL_+_blue_beads_2_(fitc)	103	235.14	264.47	210.1	81.41322314049587	1608.1404958677685	0.03831160813447091	0.6073736035626908	121	bacteria	0.5	1.1648391990064138
GSL_+_blue_beads_2_(fitc)	104	79.98	96.47	79.98	629.5714285714286	1655.2857142857142	0.028593201291008646	0.5592513666981439	14	virus	0.5	1.5607508399571182
GSL_+_blue_beads_2_(fitc)	105	254.73	290.7	224.03	430.34507042253523	1659.5704225352113	0.04795718001800357	0.6372322831157464	142	bacteria	0.5	0.9305564446293831
GSL_+_blue_beads_2_(fitc)	106	177.57	199.52	159.12	886.231884057971	1664.231884057971	0.03282060067703564	0.6033314342779648	69	bacteria	0.5	1.3597210901514616
GSL_+_blue_beads_2_(fitc)	107	171.01	190.23	153.52	802.75	1667.515625	0.036228603264780224	0.5905208593161425	64	bacteria	0.5	1.2318129574536725
GSL_+_blue_beads_2_(fitc)	108	182.64	199.16	168.04	665.7397260273973	1676.109589041096	0.03403199152752765	0.5367469976903492	73	virus	0.5	1.3113209344774053
GSL_+_blue_beads_2_(fitc)	109	349.95	401.37	345.02	1846.2611940298507	1681.2238805970148	0.029114464077338188	0.5109402940588093	268	virus	0.5	1.5328072951458134
GSL_+_blue_beads_2_(fitc)	110	239.95	273.66	210.73	1441.6190476190477	1691.968253968254	0.04931144125850099	0.6379932286697977	126	bacteria	0.5	0.9050001742610049
GSL_+_blue_beads_2_(fitc)	111	37.03	69.66	15.86	1846.6666666666667	1695.0	0.02818097358012962	0.9737231305419604	3	virus	0.5	1.5835813054901362
GSL_+_blue_beads_2_(fitc)	112	222.15	251.59	196.28	1905.3425925925926	1698.9537037037037	0.04411042994752203	0.6255787366182091	108	bacteria	0.5	1.0117077295573194
GSL_+_blue_beads_2_(fitc)	113	37.03	43.75	25.26	1850.3333333333333	1695.3333333333333	0.028598158012214756	0.8164965803574098	3	virus	0.5	1.5604803257938435
GSL_+_blue_beads_2_(fitc)	114	250.21	289.8	215.98	479.0948905109489	1706.8759124087592	0.049903717573348695	0.6667726887502087	137	bacteria	0.5	0.8942592877256479
GSL_+_blue_beads_2_(fitc)	115	200.53	232.69	173.07	1287.8068181818182	1716.1818181818182	0.042340031164471395	0.6684270123830512	88	bacteria	0.5	1.0540111026052394
GSL_+_blue_beads_2_(fitc)	116	215.89	243.69	192.01	1529.8921568627452	1733.0196078431372	0.04169810229120709	0.6157574595098089	102	bacteria	0.5	1.0702372645245106
GSL_+_blue_beads_2_(fitc)	117	174.98	200.61	154.14	960.6716417910447	1737.0	0.03659247197556016	0.6400577629788187	67	bacteria	0.5	1.2195640393414975
GSL_+_blue_beads_2_(fitc)	118	236.11	268.4	208.39	528.2786885245902	1744.811475409836	0.04382281338189604	0.6302308640528576	122	bacteria	0.5	1.0183477391809999
GSL_+_blue_beads_2_(fitc)	119	228.24	254.05	205.54	1138.2894736842106	1783.938596491228	0.04547519977862378	0.5877359684778939	114	bacteria	0.5	0.9813450660854963
GSL_+_blue_beads_2_(fitc)	120	260.06	296.83	228.33	346.8310810810811	1786.0405405405406	0.05012413108087108	0.6389651198564337	148	bacteria	0.5	0.8903269137973284
GSL_+_blue_beads_2_(fitc)	121	183.89	200.33	168.38	653.7027027027027	1787.7702702702702	0.03599032562211291	0.5418244285870197	74	virus	0.5	1.2399683014978167
GSL_+_blue_beads_2_(fitc)	122	227.24	261.61	197.63	2349.2566371681414	1796.6991150442477	0.0487516664536183	0.655211572320665	113	bacteria	0.5	0.915391537937726
GSL_+_blue_beads_2_(fitc)	123	233.19	263.82	205.66	2196.1428571428573	1810.8823529411766	0.049502729604879586	0.6263377265724682	119	bacteria	0.5	0.9015030744406817
GSL_+_blue_beads_2_(fitc)	124	182.64	200.99	166.4	517.082191780822	1857.164383561644	0.034697286945776944	0.5608712276545275	73	bacteria	0.5	1.2861773026157683
GSL_+_blue_beads_2_(fitc)	125	135.2	147.94	127.4	2218.8	1863.15	0.03181152929772711	0.5083388831611053	40	virus	0.5	1.4028518564554904
GSL_+_blue_beads_2_(fitc)	126	187.58	211.68	166.39	2057.181818181818	1871.935064935065	0.03815382935868154	0.6181687588178729	77	bacteria	0.5	1.1696561965634067
GSL_+_blue_beads_2_(fitc)	127	82.79	95.38	80.44	1601.1333333333334	1879.9333333333334	0.028911090070556943	0.5374152769561844	15	virus	0.5	1.5435897720595704
GSL_+_blue_beads_2_(fitc)	128	272.08	306.31	243.13	59.51851851851852	1905.067901234568	0.04366929843447215	0.6082536558262521	162	bacteria	0.5	1.0219276363912606
GSL_+_blue_beads_2_(fitc)	129	236.11	266.09	210.37	1434.532786885246	1904.450819672131	0.047826712168014957	0.6123182963644662	122	bacteria	0.5	0.9330949360522796
GSL_+_blue_beads_2_(fitc)	130	234.17	264.94	207.0	2344.025	1913.825	0.048236449591452984	0.6241472267439219	120	bacteria	0.5	0.9251688984156108
GSL_+_blue_beads_2_(fitc)	131	260.06	283.12	239.29	934.0945945945946	1921.4932432432433	0.05203221051266775	0.5344386570635692	148	bacteria	0.5	0.8576776287668934
GSL_+_blue_beads_2_(fitc)	132	237.08	271.05	207.26	1719.3821138211383	1929.959349593496	0.05017253063378023	0.644431798416198	123	bacteria	0.5	0.8894680489159593
GSL_+_blue_beads_2_(fitc)	133	232.21	265.11	203.8	1956.8559322033898	1941.822033898305	0.048877050826319185	0.6395661006216836	118	bacteria	0.5	0.913043282635501
GSL_+_blue_beads_2_(fitc)	134	188.79	206.77	172.48	1869.3589743589744	1962.0384615384614	0.03730975236123794	0.5515177996064875	78	bacteria	0.5	1.1961179077234696
GSL_+_blue_beads_2_(fitc)	135	979.6	1044.55	923.88	1649.5057142857142	2004.22	0.03839828216447731	0.466587737111704	2100	virus	0.5	1.1622098806620447
GSL_+_blue_beads_2_(fitc)	136	234.17	255.62	215.22	1494.1666666666667	1986.1	0.04748201898646363	0.5395459512173008	120	bacteria	0.5	0.9398686889183695
GSL_+_blue_beads_2_(fitc)	137	148.1	173.0	128.21	409.0416666666667	1987.0833333333333	0.031116275971339532	0.6714125966643841	48	bacteria	0.5	1.434196784123828
GSL_+_blue_beads_2_(fitc)	138	233.19	259.01	210.39	1554.5210084033613	1989.8655462184875	0.04554263904833776	0.5832635674965688	119	bacteria	0.5	0.9798918961336193
GSL_+_blue_beads_2_(fitc)	139	210.54	242.54	183.42	1815.0721649484535	1996.4123711340205	0.04300524502004739	0.6543024733007986	97	bacteria	0.5	1.037707445015169
GSL_+_blue_beads_2_(fitc)	140	208.35	233.08	186.66	842.5473684210526	1998.0631578947368	0.04015686025835727	0.5989004126583843	95	bacteria	0.5	1.1113135500357538
GSL_+_blue_beads_2_(fitc)	141	205.04	229.21	183.37	1497.0869565217392	2000.641304347826	0.04004664232998347	0.5999898571608977	92	bacteria	0.5	1.1143721504609627
GSL_+_blue_beads_2_(fitc)	142	265.28	295.8	238.24	215.25324675324674	2005.7402597402597	0.04658150746187807	0.5927116021372701	154	bacteria	0.5	0.9580381864740415
GSL_+_blue_beads_2_(fitc)	143	198.24	223.64	175.73	2234.9418604651164	2006.8837209302326	0.04159735361663912	0.6184864466732364	86	bacteria	0.5	1.0728293761974743
GSL_+_blue_beads_2_(fitc)	144	234.17	269.94	203.57	2340.7083333333335	2010.2416666666666	0.04948435772046011	0.656740731122614	120	bacteria	0.5	0.9018377723341249
GSL_+_blue_beads_2_(fitc)	145	190.0	214.94	168.69	1706.860759493671	2013.4556962025317	0.037547669942961846	0.6197257020728891	79	bacteria	0.5	1.1885388094599947
GSL_+_blue_beads_2_(fitc)	146	198.24	223.76	175.88	672.2441860465116	2023.906976744186	0.03869216650605054	0.6181999842018479	86	bacteria	0.5	1.1533823758622075
GSL_+_blue_beads_2_(fitc)	147	165.58	194.78	141.35	1864.0833333333333	2027.3	0.03533242492777891	0.6880447947210615	60	bacteria	0.5	1.2630568952802996
GSL_+_blue_beads_3_(fitc)	1	281.98	324.08	245.43	1271.2701149425288	25.804597701149426	0.05217634593875401	0.6530558642469024	174	bacteria	0.5	1.1672304499276183
GSL_+_blue_beads_3_(fitc)	2	289.18	326.07	257.28	1299.48087431694	26.6775956284153	0.05226777087106997	0.6143486964744596	183	bacteria	0.5	1.1651887717939746
GSL_+_blue_beads_3_(fitc)	3	323.49	352.57	297.47	2227.3755458515284	70.43668122270742	0.05167156312534218	0.5368179856350817	229	bacteria	0.5	1.178633199037127
GSL_+_blue_beads_3_(fitc)	4	37.03	43.75	25.26	783.6666666666666	77.33333333333333	0.02782582176629084	0.8164965809249413	3	bacteria	0.5	2.188680005830033
GSL_+_blue_beads_3_(fitc)	5	216.95	252.32	187.68	627.7961165048544	96.99029126213593	0.03846363860130653	0.6683882692617162	103	bacteria	0.5	1.5833608561308135
GSL_+_blue_beads_3_(fitc)	6	271.24	305.1	241.16	1532.8447204968943	109.93788819875776	0.05063091042766614	0.6125827395036882	161	bacteria	0.5	1.2028584758055714
GSL_+_blue_beads_3_(fitc)	7	117.08	147.68	103.53	308.3666666666667	118.96666666666667	0.029018010864611563	0.7131443508311835	30	bacteria	0.5	2.0987592853906714
GSL_+_blue_beads_3_(fitc)	8	255.63	298.32	219.11	1768.8531468531469	152.66433566433565	0.048511343956351594	0.6786603850380615	143	bacteria	0.5	1.2554139873030052
GSL_+_blue_beads_3_(fitc)	9	246.53	291.43	209.55	1557.8947368421052	173.29323308270676	0.04695496467034611	0.6949712846749782	133	bacteria	0.5	1.297026207414714
GSL_+_blue_beads_3_(fitc)	10	245.6	281.23	215.47	1710.0454545454545	176.3939393939394	0.04485023328636959	0.6426461515390677	132	bacteria	0.5	1.3578930427588107
GSL_+_blue_beads_3_(fitc)	11	265.28	307.27	229.84	1860.4415584415585	251.03246753246754	0.05057621059679852	0.6637076262448778	154	bacteria	0.5	1.2041594067058476
GSL_+_blue_beads_3_(fitc)	12	272.08	313.32	236.53	2304.320987654321	271.05555555555554	0.051761849648844616	0.6558226858108636	162	bacteria	0.5	1.176577347193587
GSL_+_blue_beads_3_(fitc)	13	280.35	327.56	240.06	1615.3662790697674	273.8139534883721	0.05296085064180568	0.6803442098125667	172	bacteria	0.5	1.1499403617508526
GSL_+_blue_beads_3_(fitc)	14	243.73	288.33	206.83	310.38461538461536	275.95384615384614	0.04659959972846864	0.6967350506872307	130	bacteria	0.5	1.3069172289148387
GSL_+_blue_beads_3_(fitc)	15	277.07	314.85	244.48	2054.1488095238096	300.3809523809524	0.05205215443521151	0.6301071748726143	168	bacteria	0.5	1.1700153510739777
GSL_+_blue_beads_3_(fitc)	16	239.95	283.14	203.75	498.8015873015873	329.87301587301585	0.04286345510085136	0.6944073081902198	126	bacteria	0.5	1.4208331923401403
GSL_+_blue_beads_3_(fitc)	17	255.63	296.41	220.87	1490.972027972028	344.57342657342656	0.049255209953275196	0.666902842884056	143	bacteria	0.5	1.2364543731200008
GSL_+_blue_beads_3_(fitc)	18	260.06	296.04	229.18	1686.8581081081081	357.93918918918916	0.050563676316907044	0.6329827355151361	148	bacteria	0.5	1.2044579069759427
GSL_+_blue_beads_3_(fitc)	19	221.12	259.05	188.22	904.1121495327103	421.41121495327104	0.04215319932694713	0.6871126141645219	107	bacteria	0.5	1.4447733675754098
GSL_+_blue_beads_3_(fitc)	20	52.36	81.1	41.44	2284.6666666666665	431.6666666666667	0.028424743510371216	0.8595520556612524	6	bacteria	0.5	2.142563563447808
GSL_+_blue_beads_3_(fitc)	21	285.2	326.98	249.53	1781.7022471910113	440.10674157303373	0.05279721602678281	0.6462167154482075	178	bacteria	0.5	1.1535043763439499
GSL_+_blue_beads_3_(fitc)	22	268.7	314.15	230.03	293.7974683544304	458.3481012658228	0.04941938910569511	0.6810806779721076	158	bacteria	0.5	1.2323466729914019
GSL_+_blue_beads_3_(fitc)	23	272.92	316.04	235.79	1730.3190184049079	461.97546012269936	0.05275679622075198	0.6658506651062703	163	bacteria	0.5	1.1543881378019514
GSL_+_blue_beads_3_(fitc)	24	232.21	271.81	198.65	1355.4406779661017	471.6101694915254	0.04269833341697221	0.6825485178558104	118	bacteria	0.5	1.4263277948329236
GSL_+_blue_beads_3_(fitc)	25	272.08	312.25	237.69	2104.3888888888887	516.7283950617284	0.052897959816219316	0.6484870751035081	162	bacteria	0.5	1.1513075354372644
GSL_+_blue_beads_3_(fitc)	26	74.05	105.23	56.95	284.5	519.5833333333334	0.028281849318009752	0.8408759077356243	12	bacteria	0.5	2.1533888771159284
GSL_+_blue_beads_3_(fitc)	27	230.23	267.02	198.79	1099.353448275862	538.2931034482758	0.040866752212065295	0.6676425273386579	116	bacteria	0.5	1.4902534811095303
GSL_+_blue_beads_3_(fitc)	28	296.97	343.06	257.4	2051.917098445596	558.3886010362694	0.05298873201044511	0.6610870915130336	193	bacteria	0.5	1.1493352913911201
GSL_+_blue_beads_3_(fitc)	29	47.8	93.46	21.28	502.8	568.4	0.028826786669417438	0.9737231303525741	5	bacteria	0.5	2.112681529304205
GSL_+_blue_beads_3_(fitc)	30	229.24	265.42	198.9	2335.817391304348	617.9043478260869	0.0402928913154501	0.6621575671187868	115	bacteria	0.5	1.5114780239738819
GSL_+_blue_beads_3_(fitc)	31	237.08	248.9	233.77	657.6829268292682	624.9918699186992	0.03154466944639365	0.3433559509598255	123	virus	0.5	1.9306532867356934
GSL_+_blue_beads_3_(fitc)	32	261.81	303.3	226.54	1519.76	631.16	0.049728766601618804	0.6649001052724223	150	bacteria	0.5	1.2246798766106615
GSL_+_blue_beads_3_(fitc)	33	262.68	306.68	225.34	1996.549668874172	638.6754966887418	0.05100600700717654	0.6783092163218261	151	bacteria	0.5	1.194012692212939
GSL_+_blue_beads_3_(fitc)	34	274.59	315.41	240.01	1389.6303030303031	648.769696969697	0.05249748989518837	0.6488010056823953	165	bacteria	0.5	1.1600901274948925
GSL_+_blue_beads_3_(fitc)	35	52.36	80.91	52.01	927.1666666666666	695.1666666666666	0.027885789414556484	0.7660284251513216	6	bacteria	0.5	2.183973307704889
GSL_+_blue_beads_3_(fitc)	36	239.0	279.94	204.48	1780.016	701.848	0.04703700617698351	0.6829749872123027	125	bacteria	0.5	1.2947639464237803
GSL_+_blue_beads_3_(fitc)	37	252.93	288.87	222.39	1231.5785714285714	716.7214285714285	0.04590888989100413	0.6382128106821381	140	bacteria	0.5	1.3265801000691293
GSL_+_blue_beads_3_(fitc)	38	210.54	249.41	178.36	1221.721649484536	741.3711340206186	0.03790760091067086	0.6989819112836971	97	bacteria	0.5	1.6065859691090938
GSL_+_blue_beads_3_(fitc)	39	384.78	414.85	364.33	2070.1604938271603	748.3024691358024	0.05004366884378438	0.47827094630925004	324	virus	0.5	1.216973518384137
GSL_+_blue_beads_3_(fitc)	40	254.73	293.86	222.1	1826.5422535211267	774.0	0.04757439120942313	0.6548192293401919	142	bacteria	0.5	1.2801387090289866
GSL_+_blue_beads_3_(fitc)	41	284.4	316.72	256.5	1166.3785310734463	786.4971751412429	0.05146422325772646	0.5865951656452838	177	bacteria	0.5	1.18338169490448
GSL_+_blue_beads_3_(fitc)	42	275.42	311.49	243.67	1116.433734939759	790.8012048192771	0.05007655797973995	0.6229533948390701	166	bacteria	0.5	1.2161742380598652
GSL_+_blue_beads_3_(fitc)	43	225.22	258.99	197.34	35.387387387387385	801.8108108108108	0.04284210787938247	0.64763783086773	111	bacteria	0.5	1.421541160326044
GSL_+_blue_beads_3_(fitc)	44	207.25	244.05	210.88	1075.6382978723404	815.1382978723404	0.028544033154911688	0.5033409926453081	94	bacteria	0.5	2.133609480312395
GSL_+_blue_beads_3_(fitc)	45	255.63	293.19	223.87	1788.7482517482517	825.8741258741259	0.049105440633933226	0.6457327180825803	143	bacteria	0.5	1.2402255016847574
GSL_+_blue_beads_3_(fitc)	46	261.81	298.93	229.39	1349.7333333333333	840.62	0.04837545538066573	0.6412074814523748	150	bacteria	0.5	1.2589404950596412
GSL_+_blue_beads_3_(fitc)	47	281.17	315.21	251.28	753.693641618497	847.6589595375723	0.05354261396129677	0.6037315781879732	173	bacteria	0.5	1.1374457696386233
GSL_+_blue_beads_3_(fitc)	48	234.17	276.62	198.77	1676.1666666666667	869.3166666666667	0.044663179509512006	0.6954582182343939	120	bacteria	0.5	1.3635800320194518
GSL_+_blue_beads_3_(fitc)	49	306.07	336.8	278.96	990.2926829268292	882.7951219512195	0.052791742396866057	0.560340019454089	205	bacteria	0.5	1.153623975655827
GSL_+_blue_beads_3_(fitc)	50	252.03	286.0	223.06	2244.345323741007	894.9136690647482	0.04496433427602906	0.6258907900924363	139	bacteria	0.5	1.354447268624152
GSL_+_blue_beads_3_(fitc)	51	222.15	240.9	208.18	16.76851851851852	896.074074074074	0.04873610129918164	0.5031813874314218	108	virus	0.5	1.2496243671976597
GSL_+_blue_beads_3_(fitc)	52	115.12	142.21	95.22	382.48275862068965	899.8965517241379	0.029532392810636805	0.7427587053820748	29	bacteria	0.5	2.062204039346776
GSL_+_blue_beads_3_(fitc)	53	287.59	328.23	251.98	1471.0331491712707	904.243093922652	0.05266347629218795	0.6408133598084803	181	bacteria	0.5	1.1564337190309069
GSL_+_blue_beads_3_(fitc)	54	287.59	321.67	257.25	1973.6187845303868	912.3812154696133	0.05283655033794854	0.600367363907059	181	bacteria	0.5	1.1526456469269093
GSL_+_blue_beads_3_(fitc)	55	239.0	269.89	212.57	810.912	918.784	0.0411750603756865	0.616173680230853	125	bacteria	0.5	1.4790948498920204
GSL_+_blue_beads_3_(fitc)	56	74.05	91.87	69.85	724.5833333333334	917.0833333333334	0.029048630179711946	0.6495159774363048	12	bacteria	0.5	2.096547044349298
GSL_+_blue_beads_3_(fitc)	57	100.27	153.16	83.8	852.4545454545455	957.4090909090909	0.028473596191366492	0.8370378241992761	22	bacteria	0.5	2.13888752710966
GSL_+_blue_beads_3_(fitc)	58	238.04	278.6	204.35	1651.0645161290322	964.4274193548387	0.044554663630951834	0.6797213642618679	124	bacteria	0.5	1.3669011228571548
GSL_+_blue_beads_3_(fitc)	59	97.96	129.57	76.95	827.0952380952381	968.8095238095239	0.028979395124942964	0.8045245504329688	21	bacteria	0.5	2.101555932520202
GSL_+_blue_beads_3_(fitc)	60	198.24	236.89	166.01	484.54651162790697	1011.7558139534884	0.03708044613952873	0.7134005207257175	86	bacteria	0.5	1.642424136875418
GSL_+_blue_beads_3_(fitc)	61	277.07	317.25	242.48	1039.8690476190477	1015.547619047619	0.05209442219999062	0.6448391598242522	168	bacteria	0.5	1.1690660376627013
GSL_+_blue_beads_3_(fitc)	62	331.85	415.96	266.76	1835.5477178423237	1030.2614107883817	0.04938108124944916	0.7672785998356533	241	virus	0.5	1.2333026779633396
GSL_+_blue_beads_3_(fitc)	63	277.07	317.4	241.94	1943.4345238095239	1041.857142857143	0.05275558951955169	0.64726253811832	168	bacteria	0.5	1.1544145426163828
GSL_+_blue_beads_3_(fitc)	64	370.25	406.32	339.42	620.6633333333333	1050.2833333333333	0.05437062102495201	0.5496998771498891	300	bacteria	0.5	1.120123673366202
GSL_+_blue_beads_3_(fitc)	65	272.92	307.13	242.54	767.6257668711656	1049.846625766871	0.04968058437088877	0.6135002574416722	163	bacteria	0.5	1.2258676204573273
GSL_+_blue_beads_3_(fitc)	66	133.5	156.37	114.44	1463.4102564102564	1057.4358974358975	0.03019950332781094	0.6814778527218163	39	bacteria	0.5	2.016649713890691
GSL_+_blue_beads_3_(fitc)	67	241.85	275.19	212.49	988.5625	1061.265625	0.04344967785568918	0.6354495187974651	128	bacteria	0.5	1.4016633206797549
GSL_+_blue_beads_3_(fitc)	68	281.98	325.87	244.75	2224.155172413793	1075.0114942528735	0.05395629086897868	0.660221905786695	174	bacteria	0.5	1.1287250988686002
GSL_+_blue_beads_3_(fitc)	69	248.37	292.84	210.95	440.4962962962963	1084.9333333333334	0.04844436433093062	0.6936036556332288	135	bacteria	0.5	1.2571497342733524
GSL_+_blue_beads_3_(fitc)	70	226.23	267.26	192.57	2171.1785714285716	1115.482142857143	0.04008590588527401	0.6934287666721187	112	bacteria	0.5	1.5192826107004318
GSL_+_blue_beads_3_(fitc)	71	252.93	298.16	214.5	33.92857142857143	1128.85	0.04814698851898235	0.6945695916844058	140	bacteria	0.5	1.264914413528893
GSL_+_blue_beads_3_(fitc)	72	250.21	285.45	220.61	1745.102189781022	1131.102189781022	0.04511868717764147	0.6345656963194725	137	bacteria	0.5	1.349813648298055
GSL_+_blue_beads_3_(fitc)	73	238.04	260.2	226.82	2160.8467741935483	1146.0403225806451	0.03136079282589127	0.4900203925153709	124	virus	0.5	1.9419732174433662
GSL_+_blue_beads_3_(fitc)	74	239.95	283.63	203.14	52.19047619047619	1147.2142857142858	0.045250256953174146	0.6978643368117857	126	bacteria	0.5	1.3458889263036296
GSL_+_blue_beads_3_(fitc)	75	255.63	297.18	220.63	1401.8181818181818	1171.1118881118882	0.04806817025439112	0.6699279000382657	143	bacteria	0.5	1.2669885170032533
GSL_+_blue_beads_3_(fitc)	76	276.25	309.57	247.69	1765.5209580838323	1172.4730538922156	0.04984813040696656	0.5998314078905476	167	bacteria	0.5	1.22174732027983
GSL_+_blue_beads_3_(fitc)	77	281.17	316.06	251.47	1897.9768786127167	1173.028901734104	0.05220106992029657	0.6057770574699162	173	bacteria	0.5	1.166677614820139
GSL_+_blue_beads_3_(fitc)	78	162.8	199.58	137.71	1051.655172413793	1189.3275862068965	0.02978079424382516	0.7237886337640396	58	bacteria	0.5	2.045003207337174
GSL_+_blue_beads_3_(fitc)	79	230.23	265.49	200.62	991.8189655172414	1223.051724137931	0.04360713197849937	0.6549787474406817	116	bacteria	0.5	1.3966022754190468
GSL_+_blue_beads_3_(fitc)	80	277.07	310.39	247.8	807.3035714285714	1240.952380952381	0.0523514161968899	0.6021935518906673	168	bacteria	0.5	1.1633270725021756
GSL_+_blue_beads_3_(fitc)	81	279.54	319.15	245.54	498.6140350877193	1247.1345029239767	0.05265192735748399	0.6388321545952359	171	bacteria	0.5	1.1566873769344412
GSL_+_blue_beads_3_(fitc)	82	309.04	334.01	286.46	1617.5645933014355	1258.9617224880383	0.052392277781899074	0.5142552260759788	209	bacteria	0.5	1.1624197748988072
GSL_+_blue_beads_3_(fitc)	83	266.99	306.72	233.29	2403.2115384615386	1262.4358974358975	0.0514023967021355	0.6492202131550118	156	bacteria	0.5	1.1848050607169598
GSL_+_blue_beads_3_(fitc)	84	143.4	176.16	121.26	1730.2	1262.8666666666666	0.0314248774530916	0.7253731109212371	45	bacteria	0.5	1.9380129592097848
GSL_+_blue_beads_3_(fitc)	85	264.41	310.84	225.69	247.20915032679738	1270.1568627450981	0.04855642448466175	0.687607555112038	153	bacteria	0.5	1.254248441725953
GSL_+_blue_beads_3_(fitc)	86	271.24	309.42	238.3	1259.4844720496894	1284.2049689440994	0.047726721547790486	0.6378767608580963	161	bacteria	0.5	1.2760528645297313
GSL_+_blue_beads_3_(fitc)	87	250.21	287.98	218.05	632.8248175182482	1299.4087591240875	0.04628320116325942	0.6531952222331749	137	bacteria	0.5	1.3158515015166248
GSL_+_blue_beads_3_(fitc)	88	247.45	279.57	219.51	919.0373134328358	1316.4701492537313	0.043070996032148375	0.6192882500529088	134	bacteria	0.5	1.4139867975241047
GSL_+_blue_beads_3_(fitc)	89	249.29	280.2	221.91	1012.5147058823529	1316.2867647058824	0.04617606706911734	0.6105724965240031	136	bacteria	0.5	1.3189044371083345
GSL_+_blue_beads_3_(fitc)	90	234.17	273.62	200.6	2068.7833333333333	1330.875	0.041519720692574494	0.6800693126433747	120	bacteria	0.5	1.466816701311836
GSL_+_blue_beads_3_(fitc)	91	247.45	277.73	220.5	224.5	1339.5597014925372	0.04754112152884687	0.6080020995620651	134	bacteria	0.5	1.281034560968804
GSL_+_blue_beads_3_(fitc)	92	262.68	298.2	231.67	907.1523178807947	1347.8211920529802	0.04947804191316652	0.6296364456633389	151	bacteria	0.5	1.2308858109735425
GSL_+_blue_beads_3_(fitc)	93	284.4	324.74	249.88	2165.4180790960454	1350.5310734463276	0.051832623496014134	0.6386778681801685	177	bacteria	0.5	1.1749708125492466
GSL_+_blue_beads_3_(fitc)	94	220.09	254.22	190.66	1092.754716981132	1391.4716981132076	0.034574476436189966	0.6614353737268043	106	bacteria	0.5	1.7614675917962261
GSL_+_blue_beads_3_(fitc)	95	280.35	314.73	250.47	1121.8023255813953	1396.5348837209303	0.05110289900795712	0.6055177089752234	172	bacteria	0.5	1.1917488230205495
GSL_+_blue_beads_3_(fitc)	96	270.4	316.26	231.48	2173.6375	1401.7625	0.05077589129751482	0.6813671344501382	160	bacteria	0.5	1.1994239429264668
GSL_+_blue_beads_3_(fitc)	97	240.9	275.26	211.12	581.4251968503937	1426.8897637795276	0.0429969146779474	0.6416440436741556	127	bacteria	0.5	1.4164230201593213
GSL_+_blue_beads_3_(fitc)	98	285.2	318.28	256.44	2034.4101123595506	1434.8426966292134	0.05169544389845991	0.5922978730788506	178	bacteria	0.5	1.1780887279988181
GSL_+_blue_beads_3_(fitc)	99	283.59	313.82	258.35	353.71590909090907	1444.7329545454545	0.05282646554782615	0.5676945931239831	176	bacteria	0.5	1.1528656917342648
GSL_+_blue_beads_3_(fitc)	100	93.18	118.67	86.15	867.7894736842105	1450.0	0.02893390441788101	0.687729686399347	19	bacteria	0.5	2.1048600585005692
GSL_+_blue_beads_3_(fitc)	101	228.24	266.64	195.73	2390.815789473684	1456.9736842105262	0.040156671953559354	0.6790839054203567	114	bacteria	0.5	1.5166052559361252
GSL_+_blue_beads_3_(fitc)	102	200.53	216.9	190.39	2219.0113636363635	1483.6704545454545	0.03188160824977992	0.4790266889776342	88	virus	0.5	1.9102492969780254
GSL_+_blue_beads_3_(fitc)	103	234.17	279.15	197.01	2342.5583333333334	1491.275	0.039809744068475074	0.7084781226854144	120	bacteria	0.5	1.5298219360796752
GSL_+_blue_beads_3_(fitc)	104	194.75	218.59	173.17	2196.2168674698796	1492.8915662650602	0.03327972898481449	0.6102296651550196	83	bacteria	0.5	1.8299974670304662
GSL_+_blue_beads_3_(fitc)	105	268.7	303.42	238.89	657.746835443038	1530.493670886076	0.05114738356769458	0.6165303847763267	158	bacteria	0.5	1.1907123199188894
GSL_+_blue_beads_3_(fitc)	106	93.18	119.7	79.29	2213.7368421052633	1528.842105263158	0.028274200251905496	0.7491710452255852	19	bacteria	0.5	2.153971436966339
GSL_+_blue_beads_3_(fitc)	107	82.79	147.16	61.77	2078.733333333333	1529.4	0.028181322802162314	0.9076333452275314	15	bacteria	0.5	2.161070300823423
GSL_+_blue_beads_3_(fitc)	108	228.24	264.37	198.59	1582.2280701754387	1536.8508771929824	0.04092966872556023	0.660101727645144	114	bacteria	0.5	1.4879626843311886
GSL_+_blue_beads_3_(fitc)	109	254.73	305.94	212.35	282.3169014084507	1542.9929577464789	0.041456057982524816	0.7198855459843122	142	bacteria	0.5	1.4690692436638129
GSL_+_blue_beads_3_(fitc)	110	265.28	303.31	232.28	1957.8506493506493	1577.7272727272727	0.0519712555508339	0.6430755975562829	154	bacteria	0.5	1.1718366066046235
GSL_+_blue_beads_3_(fitc)	111	242.79	275.75	214.35	716.2945736434109	1578.2403100775193	0.04675619269677515	0.6291249101103905	129	bacteria	0.5	1.3025401820168174
GSL_+_blue_beads_3_(fitc)	112	281.17	318.14	250.66	69.21387283236994	1585.4797687861271	0.05224146044228664	0.6158061494372337	173	bacteria	0.5	1.1657755971993111
GSL_+_blue_beads_3_(fitc)	113	365.28	393.94	342.97	1271.664383561644	1601.0719178082193	0.05044504749371158	0.49195903738320385	292	virus	0.5	1.207290363900695
GSL_+_blue_beads_3_(fitc)	114	273.75	309.42	243.84	579.2439024390244	1647.5731707317073	0.052313081301825735	0.6155876975004768	164	bacteria	0.5	1.164179555669672
GSL_+_blue_beads_3_(fitc)	115	283.59	319.74	252.25	1043.3693181818182	1657.409090909091	0.05321326606639551	0.6144844622144083	176	bacteria	0.5	1.1444856564466874
GSL_+_blue_beads_3_(fitc)	116	195.92	229.8	167.72	1307.7857142857142	1674.6190476190477	0.03522192899903017	0.6836099029179687	84	bacteria	0.5	1.7290881412925403
GSL_+_blue_beads_3_(fitc)	117	269.55	305.62	238.0	235.0062893081761	1700.5157232704403	0.051508386631161925	0.6273663290949765	159	bacteria	0.5	1.1823670615384034
GSL_+_blue_beads_3_(fitc)	118	85.51	122.18	61.66	1836.1875	1714.875	0.02881478074386939	0.8633150264073505	16	bacteria	0.5	2.1135617961843534
GSL_+_blue_beads_3_(fitc)	119	284.4	314.96	258.19	1151.497175141243	1723.1638418079096	0.05300598816273121	0.5727187507515309	177	bacteria	0.5	1.1489611241412776
GSL_+_blue_beads_3_(fitc)	120	60.46	101.5	62.95	1286.625	1728.0	0.028163211894761786	0.7844433924226358	8	bacteria	0.5	2.162460019590249
GSL_+_blue_beads_3_(fitc)	121	203.92	228.06	183.49	423.02197802197804	1735.1868131868132	0.03623900027241135	0.5938474137593324	91	bacteria	0.5	1.6805601503316108
GSL_+_blue_beads_3_(fitc)	122	102.52	124.02	86.23	641.4347826086956	1758.5217391304348	0.02912819070662148	0.7187599003702934	23	bacteria	0.5	2.0908205510967965
GSL_+_blue_beads_3_(fitc)	123	289.97	319.72	263.57	1518.320652173913	1762.4402173913043	0.051433660289276026	0.5660713461634248	184	bacteria	0.5	1.1840848853288592
GSL_+_blue_beads_3_(fitc)	124	174.98	207.33	148.7	1226.6567164179105	1811.313432835821	0.033299474582709127	0.6968528557738674	67	bacteria	0.5	1.8289123329679922
GSL_+_blue_beads_3_(fitc)	125	275.42	305.27	249.09	1861.620481927711	1818.94578313253	0.05195339462004674	0.5780970440651622	166	bacteria	0.5	1.1722394694527105
GSL_+_blue_beads_3_(fitc)	126	280.35	315.15	250.15	2306.6976744186045	1820.0813953488373	0.0517430360425736	0.6082276377417557	172	bacteria	0.5	1.1770051470416534
GSL_+_blue_beads_3_(fitc)	127	252.03	284.73	223.23	119.02877697841727	1823.6187050359713	0.04293623302743659	0.6207665129718762	139	bacteria	0.5	1.4184248466034306
GSL_+_blue_beads_3_(fitc)	128	265.28	299.24	235.57	1457.3311688311687	1828.1688311688313	0.05012537512976553	0.6166671714632536	154	bacteria	0.5	1.2149898048245447
GSL_+_blue_beads_3_(fitc)	129	165.58	206.19	141.73	1463.2333333333333	1850.9	0.029810530021415402	0.7263076924617924	60	bacteria	0.5	2.0429633321487413
GSL_+_blue_beads_3_(fitc)	130	249.29	280.27	221.57	891.4044117647059	1855.2941176470588	0.05052082151922308	0.6123906519199015	136	bacteria	0.5	1.2054796005741488
GSL_+_blue_beads_3_(fitc)	131	102.52	136.57	82.42	192.0	1857.7826086956522	0.02908246299130056	0.7973275090591063	23	bacteria	0.5	2.094108045934365
GSL_+_blue_beads_3_(fitc)	132	269.55	313.07	233.16	79.33333333333333	1869.9874213836479	0.048783816476289085	0.6673340910316389	159	bacteria	0.5	1.2484021166173347
GSL_+_blue_beads_3_(fitc)	133	285.2	310.57	264.08	559.1067415730337	1878.9101123595506	0.05206629668441761	0.5262921781477568	178	bacteria	0.5	1.1696975514661019
GSL_+_blue_beads_3_(fitc)	134	272.08	303.69	244.43	1912.9074074074074	1879.7037037037037	0.049750923217700554	0.5934665159656402	162	bacteria	0.5	1.2241344643832266
GSL_+_blue_beads_3_(fitc)	135	165.58	200.31	138.17	1369.7333333333333	1891.4833333333333	0.033931368639420034	0.7240375054427298	60	bacteria	0.5	1.7948530279712247
GSL_+_blue_beads_3_(fitc)	136	277.9	309.93	250.12	2255.644970414201	1901.5680473372781	0.051271095641276604	0.5905503889400302	169	bacteria	0.5	1.1878392490727452
GSL_+_blue_beads_3_(fitc)	137	251.12	286.37	220.73	1247.644927536232	1918.7463768115942	0.04691129301962843	0.6371012385657088	138	bacteria	0.5	1.2982336624187403
GSL_+_blue_beads_3_(fitc)	138	293.88	324.1	267.89	1673.4761904761904	1924.8783068783068	0.05328487174985344	0.5628280588279853	189	bacteria	0.5	1.1429476649878285
GSL_+_blue_beads_3_(fitc)	139	291.54	317.83	269.54	1220.5752688172042	1937.978494623656	0.05233015122148285	0.5299079312845906	186	bacteria	0.5	1.1637998042067412
GSL_+_blue_beads_3_(fitc)	140	277.9	314.55	246.12	345.20710059171597	1964.112426035503	0.04676454595571034	0.6227303508846959	169	bacteria	0.5	1.3023075173946874
GSL_+_blue_beads_3_(fitc)	141	102.52	139.55	75.56	99.0	1979.304347826087	0.02929889401985069	0.8407453491196195	23	bacteria	0.5	2.078638862764188
GSL_+_blue_beads_3_(fitc)	142	241.85	273.69	214.03	1719.703125	1984.875	0.04601575276639324	0.6232606130816116	128	bacteria	0.5	1.3234993688976318
GSL_+_blue_beads_3_(fitc)	143	283.59	309.04	262.48	1034.5170454545455	1992.4204545454545	0.05112182625145784	0.5278781495964602	176	bacteria	0.5	1.1913075923013248
GSL_+_blue_beads_3_(fitc)	144	281.98	314.39	254.24	1895.0229885057472	1992.5977011494253	0.05226873580228588	0.5882563516439765	174	bacteria	0.5	1.1651672612867647
GSL_+_blue_beads_3_(fitc)	145	249.29	320.74	198.29	1730.3455882352941	2027.0073529411766	0.053127999462072084	0.7860022753018294	136	virus	0.5	1.146322473315573
GSL_+_blue_beads_4_(fitc)	1	169.67	198.48	144.98	759.8253968253969	27.523809523809526	0.05783360740262393	0.6829316480922971	63	bacteria	0.5	1.0575420895548666
GSL_+_blue_beads_4_(fitc)	2	159.97	188.42	135.89	1294.642857142857	64.71428571428571	0.05418554087170072	0.6927127031507666	56	bacteria	0.5	1.1287415984991906
GSL_+_blue_beads_4_(fitc)	3	165.58	197.26	139.01	400.76666666666665	68.93333333333334	0.06014883438369363	0.7095171921910761	60	bacteria	0.5	1.0168355654061951
GSL_+_blue_beads_4_(fitc)	4	185.13	217.43	157.41	878.4266666666666	70.48	0.06345205175949008	0.6898341522429878	75	bacteria	0.5	0.9639006513279409
GSL_+_blue_beads_4_(fitc)	5	102.52	122.62	86.6	1505.1739130434783	68.95652173913044	0.04470335550441325	0.7079030251596194	23	virus	0.5	1.3681629338323085
GSL_+_blue_beads_4_(fitc)	6	90.69	106.72	76.53	1396.2777777777778	82.44444444444444	0.042563480238300554	0.6969511790833136	18	virus	0.5	1.4369472063055322
GSL_+_blue_beads_4_(fitc)	7	177.57	209.68	149.54	1875.0289855072465	104.44927536231884	0.05984314465884584	0.700994978312063	69	bacteria	0.5	1.0220297473960702
GSL_+_blue_beads_4_(fitc)	8	178.85	207.05	155.42	929.8	119.87142857142857	0.05895071880991213	0.660696788641253	70	bacteria	0.5	1.0375017515271223
GSL_+_blue_beads_4_(fitc)	9	174.98	210.46	145.69	1758.7611940298507	131.1044776119403	0.06119639396767994	0.7216562126541539	67	bacteria	0.5	0.9994293789821722
GSL_+_blue_beads_4_(fitc)	10	168.32	189.84	148.44	513.5	147.5	0.056469584582692876	0.6233886648879847	62	bacteria	0.5	1.0830870188092694
GSL_+_blue_beads_4_(fitc)	11	178.85	210.19	152.1	731.2857142857143	178.28571428571428	0.0606451867224704	0.6901606195051737	70	bacteria	0.5	1.008513244405677
GSL_+_blue_beads_4_(fitc)	12	120.92	141.07	103.36	2127.03125	186.21875	0.045880149248788846	0.6805870897507817	32	virus	0.5	1.3330705113318972
GSL_+_blue_beads_4_(fitc)	13	77.07	83.68	72.32	1393.923076923077	188.69230769230768	0.0416788948828899	0.5030691259984965	13	virus	0.5	1.4674447149071324
GSL_+_blue_beads_4_(fitc)	14	208.35	237.78	182.64	2342.3263157894735	191.22105263157894	0.06518483230047871	0.6403400689358846	95	bacteria	0.5	0.9382776922265327
GSL_+_blue_beads_4_(fitc)	15	187.58	217.03	162.15	42.22077922077922	192.67532467532467	0.06211011073940241	0.664692123372217	77	bacteria	0.5	0.9847265331031861
GSL_+_blue_beads_4_(fitc)	16	166.96	196.15	142.45	1697.2459016393443	220.13114754098362	0.05852528464382323	0.6874204610878852	61	bacteria	0.5	1.0450435976738424
GSL_+_blue_beads_4_(fitc)	17	172.34	205.25	144.52	2046.8307692307692	236.53846153846155	0.057963650503116124	0.7100606210429156	65	bacteria	0.5	1.055169463762098
GSL_+_blue_beads_4_(fitc)	18	135.2	160.14	113.56	453.65	240.625	0.050230977381277166	0.7050535235479548	40	bacteria	0.5	1.2176046974921837
GSL_+_blue_beads_4_(fitc)	19	149.64	175.17	127.47	2229.7755102040815	242.20408163265307	0.05144902740026524	0.6859224753701476	49	bacteria	0.5	1.1887780412881312
GSL_+_blue_beads_4_(fitc)	20	168.32	197.44	144.22	1505.016129032258	252.6290322580645	0.055984395335277756	0.6829849074548573	62	bacteria	0.5	1.0924736018453822
GSL_+_blue_beads_4_(fitc)	21	171.01	199.47	146.6	2144.515625	256.125	0.0583290233835216	0.6780851276486356	64	bacteria	0.5	1.0485598844493134
GSL_+_blue_beads_4_(fitc)	22	174.98	202.07	151.3	1625.597014925373	287.64179104477614	0.057244717527860846	0.6628938274068166	67	bacteria	0.5	1.0684212737935093
GSL_+_blue_beads_4_(fitc)	23	161.39	190.2	137.38	934.8421052631579	317.140350877193	0.05647231684052792	0.6915816263701675	57	bacteria	0.5	1.0830346166207505
GSL_+_blue_beads_4_(fitc)	24	186.36	215.55	160.71	1039.0131578947369	328.94736842105266	0.06287376033675035	0.6664216750640134	76	bacteria	0.5	0.9727662810604507
GSL_+_blue_beads_4_(fitc)	25	52.36	72.55	35.72	517.5	344.3333333333333	0.04038347041146815	0.870388279774344	6	virus	0.5	1.5145175339288819
GSL_+_blue_beads_4_(fitc)	26	185.13	216.2	158.5	1222.0266666666666	391.93333333333334	0.060046189057547286	0.6801094772243673	75	bacteria	0.5	1.0185737842654852
GSL_+_blue_beads_4_(fitc)	27	117.08	139.38	97.18	1843.2666666666667	398.96666666666664	0.04768726661437802	0.7168428964444995	30	virus	0.5	1.2825535695649648
GSL_+_blue_beads_4_(fitc)	28	191.2	223.81	163.33	1970.3625	402.75	0.06220263134819208	0.6837213190969806	80	bacteria	0.5	0.9832618442892347
GSL_+_blue_beads_4_(fitc)	29	157.09	187.74	131.14	938.5185185185185	416.0740740740741	0.05262217421629986	0.715598338859427	54	bacteria	0.5	1.1622756932784009
GSL_+_blue_beads_4_(fitc)	30	104.72	120.21	90.93	1321.5	465.7083333333333	0.04481009653359203	0.6540887482737199	24	virus	0.5	1.3649038665475048
GSL_+_blue_beads_4_(fitc)	31	149.64	174.76	127.95	218.0408163265306	489.3061224489796	0.05446554030648144	0.6811569588698515	49	bacteria	0.5	1.1229389018250215
GSL_+_blue_beads_4_(fitc)	32	178.85	209.42	152.18	551.2285714285714	498.3857142857143	0.062295976973273035	0.6869454046074502	70	bacteria	0.5	0.9817885036991544
GSL_+_blue_beads_4_(fitc)	33	178.85	213.96	148.77	460.04285714285714	525.5857142857143	0.06198750867923474	0.7187267992376005	70	bacteria	0.5	0.9866741755271615
GSL_+_blue_beads_4_(fitc)	34	198.24	232.1	169.05	1197.4418604651162	539.8720930232558	0.06348281470749546	0.685188706974191	86	bacteria	0.5	0.9634335575836609
GSL_+_blue_beads_4_(fitc)	35	104.72	115.2	93.44	152.33333333333334	550.125	0.045181072451700895	0.584986617584811	24	virus	0.5	1.3536968181631601
GSL_+_blue_beads_4_(fitc)	36	102.52	117.68	88.43	513.695652173913	610.7826086956521	0.044275254272398194	0.6598092914851004	23	virus	0.5	1.3813918186167395
GSL_+_blue_beads_4_(fitc)	37	74.05	72.55	72.55	56.5	653.5	0.04177078778569416	0.0	12	virus	0.5	1.4642164359661312
GSL_+_blue_beads_4_(fitc)	38	176.28	205.02	151.44	130.35294117647058	689.3676470588235	0.060624989790053235	0.6741146561595833	68	bacteria	0.5	1.00884922588641
GSL_+_blue_beads_4_(fitc)	39	169.67	198.25	146.25	615.015873015873	714.7777777777778	0.056985710876150654	0.6750938899280832	63	bacteria	0.5	1.073277372146702
GSL_+_blue_beads_4_(fitc)	40	176.28	205.59	150.63	822.1029411764706	747.4705882352941	0.05950302744595102	0.6806021722892043	68	bacteria	0.5	1.0278716335000286
GSL_+_blue_beads_4_(fitc)	41	90.69	115.1	71.64	2124.5	748.2222222222222	0.04237813611417604	0.7826777085671537	18	virus	0.5	1.4432318083618452
GSL_+_blue_beads_4_(fitc)	42	178.85	208.42	152.63	2376.0	756.5	0.05944164374948936	0.6809494979593557	70	bacteria	0.5	1.0289330873289002
GSL_+_blue_beads_4_(fitc)	43	141.8	162.58	123.99	1665.6818181818182	781.0681818181819	0.049936493800491505	0.6468171540222328	44	bacteria	0.5	1.224785109331499
GSL_+_blue_beads_4_(fitc)	44	85.51	95.52	76.4	118.4375	804.375	0.04321792117100175	0.6001591575484752	16	virus	0.5	1.4151877823337944
GSL_+_blue_beads_4_(fitc)	45	115.12	134.57	96.85	272.82758620689657	811.1034482758621	0.048002729149154696	0.6943207788838812	29	virus	0.5	1.2741249321267754
GSL_+_blue_beads_4_(fitc)	46	176.28	202.38	152.94	2245.5	828.5	0.056693220253410455	0.6548785989721182	68	bacteria	0.5	1.0788146050918224
GSL_+_blue_beads_4_(fitc)	47	166.96	197.55	140.43	1502.4262295081967	830.4590163934427	0.056605516560610594	0.7033653074598157	61	bacteria	0.5	1.080486103392022
GSL_+_blue_beads_4_(fitc)	48	186.36	213.06	162.88	549.0	834.1184210526316	0.0608988348624969	0.6446408486848613	76	bacteria	0.5	1.004312712339453
GSL_+_blue_beads_4_(fitc)	49	182.64	216.43	153.83	1472.054794520548	852.7260273972603	0.059941207341632	0.7033949130794471	73	bacteria	0.5	1.02035772603778
GSL_+_blue_beads_4_(fitc)	50	162.8	196.4	134.41	638.3448275862069	859.9827586206897	0.05620331077670905	0.7291491089098078	58	bacteria	0.5	1.0882183482403023
GSL_+_blue_beads_4_(fitc)	51	138.54	158.52	121.49	17.404761904761905	864.2380952380952	0.05027221785499866	0.6423967673282097	42	bacteria	0.5	1.216605843718218
GSL_+_blue_beads_4_(fitc)	52	106.88	122.68	92.33	1007.8	881.88	0.045049005671567895	0.6584387795155439	25	virus	0.5	1.3576653492635908
GSL_+_blue_beads_4_(fitc)	53	95.6	119.94	74.62	1716.55	894.65	0.04352109199580515	0.782937305614343	20	virus	0.5	1.4053294900082436
GSL_+_blue_beads_4_(fitc)	54	159.97	174.65	146.35	1482.982142857143	913.6071428571429	0.05326972565548633	0.5457027622986462	56	virus	0.5	1.148146968404137
GSL_+_blue_beads_4_(fitc)	55	124.65	137.95	111.84	2404.8529411764707	931.4705882352941	0.046156286747139924	0.5854829738377443	34	virus	0.5	1.3250952000131722
GSL_+_blue_beads_4_(fitc)	56	174.98	205.54	148.83	124.05970149253731	952.7164179104477	0.06037771650663236	0.6897414351314305	67	bacteria	0.5	1.0129809068275752
GSL_+_blue_beads_4_(fitc)	57	177.57	206.1	154.05	364.9855072463768	975.1449275362319	0.057183812294136306	0.6643028963653139	69	bacteria	0.5	1.0695592260353421
GSL_+_blue_beads_4_(fitc)	58	158.53	187.46	133.37	1286.1272727272728	1011.9454545454546	0.05402959905734827	0.7027313675424129	55	bacteria	0.5	1.131999405624841
GSL_+_blue_beads_4_(fitc)	59	152.66	179.92	129.19	1065.921568627451	1029.1960784313726	0.05253158539308436	0.6959697432238671	51	bacteria	0.5	1.1642799957664793
GSL_+_blue_beads_4_(fitc)	60	171.01	199.76	146.67	1543.671875	1044.203125	0.0580486144191326	0.6789121752039836	64	bacteria	0.5	1.0536250456808167
GSL_+_blue_beads_4_(fitc)	61	117.08	139.38	98.48	899.0333333333333	1061.4	0.04618161688388505	0.7076597158619939	30	virus	0.5	1.3243683990719874
GSL_+_blue_beads_4_(fitc)	62	100.27	114.51	87.73	586.3181818181819	1084.9545454545455	0.04397402522031058	0.6426900857574896	22	virus	0.5	1.3908545718215861
GSL_+_blue_beads_4_(fitc)	63	151.16	174.21	130.37	2354.78	1126.92	0.049938221889132745	0.6632838819986054	50	bacteria	0.5	1.2247427262198196
GSL_+_blue_beads_4_(fitc)	64	164.2	192.08	140.65	1837.1186440677966	1159.1186440677966	0.05701876390258536	0.6810408445207979	59	bacteria	0.5	1.072655207390308
GSL_+_blue_beads_4_(fitc)	65	133.5	156.46	114.03	1900.948717948718	1177.6666666666667	0.049578744713919466	0.6847126961221751	39	bacteria	0.5	1.2336228835962306
GSL_+_blue_beads_4_(fitc)	66	604.24	651.8	563.79	1169.4468085106382	1194.1689612015018	0.05412687839556896	0.5018161900573782	799	virus	0.5	1.1299649237498541
GSL_+_blue_beads_4_(fitc)	67	88.14	98.17	76.56	254.11764705882354	1194.5882352941176	0.042843672673354226	0.625943231157931	17	virus	0.5	1.4275497454517916
GSL_+_blue_beads_4_(fitc)	68	130.03	158.04	107.15	1614.6756756756756	1199.2432432432433	0.04799573134125929	0.7350675986589488	37	bacteria	0.5	1.2743107003453358
GSL_+_blue_beads_4_(fitc)	69	177.57	204.45	153.7	295.4492753623188	1203.4492753623188	0.05892319101586792	0.6594430627703469	69	bacteria	0.5	1.037986452610756
GSL_+_blue_beads_4_(fitc)	70	200.53	229.1	175.55	1163.7045454545455	1234.2045454545455	0.058941014960718796	0.642573840254904	88	bacteria	0.5	1.0376725623036478
GSL_+_blue_beads_4_(fitc)	71	188.79	215.42	164.67	731.9615384615385	1261.948717948718	0.05997081159615471	0.6447154165542114	78	bacteria	0.5	1.019854032173684
GSL_+_blue_beads_4_(fitc)	72	165.58	191.66	142.96	1525.5166666666667	1264.4	0.05455849428888553	0.6660747693329485	60	bacteria	0.5	1.1210256957462683
GSL_+_blue_beads_4_(fitc)	73	183.89	213.9	157.93	2300.1216216216217	1315.8918918918919	0.05837750696561827	0.674448901382824	74	bacteria	0.5	1.0476890363798521
GSL_+_blue_beads_4_(fitc)	74	138.54	165.57	116.47	2279.2380952380954	1325.2619047619048	0.047927695491117375	0.7107355790584626	42	bacteria	0.5	1.2761196504931476
GSL_+_blue_beads_4_(fitc)	75	205.04	240.3	174.56	731.5978260869565	1340.1739130434783	0.06499991343907983	0.6872368480304968	92	bacteria	0.5	0.9409470072046997
GSL_+_blue_beads_4_(fitc)	76	90.69	105.0	75.65	2020.0	1348.5	0.04246860801366865	0.6934837442411136	18	virus	0.5	1.4401572568467915
GSL_+_blue_beads_4_(fitc)	77	183.89	214.15	157.96	1101.662162162162	1406.418918918919	0.05888965955836242	0.675215153058531	74	bacteria	0.5	1.0385774765509181
GSL_+_blue_beads_4_(fitc)	78	171.01	198.44	146.98	585.65625	1407.609375	0.05729437731655614	0.6718897127893765	64	bacteria	0.5	1.0674952217587519
GSL_+_blue_beads_4_(fitc)	79	168.32	201.94	139.93	2014.516129032258	1413.8870967741937	0.05698073599329749	0.7210187406620719	62	bacteria	0.5	1.073371078012418
GSL_+_blue_beads_4_(fitc)	80	236.11	266.35	209.13	1194.1803278688524	1450.1147540983607	0.06821624112309717	0.6193081658549574	122	bacteria	0.5	0.8965822949508456
GSL_+_blue_beads_4_(fitc)	81	180.12	212.72	151.77	750.8450704225352	1449.605633802817	0.06010486394310681	0.7006886201221091	71	bacteria	0.5	1.0175794437694767
GSL_+_blue_beads_4_(fitc)	82	172.34	204.25	145.3	975.7538461538461	1455.6307692307691	0.057584953666433604	0.7028255294927777	65	bacteria	0.5	1.06210859130582
GSL_+_blue_beads_4_(fitc)	83	95.6	108.71	83.77	2047.9	1500.9	0.043649034044152574	0.6372634729854996	20	virus	0.5	1.4012102526071863
GSL_+_blue_beads_4_(fitc)	84	164.2	190.49	141.01	2265.423728813559	1504.5084745762713	0.05392476014408251	0.6723211520079564	59	bacteria	0.5	1.1342002051682436
GSL_+_blue_beads_4_(fitc)	85	172.34	201.72	146.75	2306.2	1510.5692307692307	0.057659508426754734	0.6861122325562119	65	bacteria	0.5	1.0607352661835565
GSL_+_blue_beads_4_(fitc)	86	195.92	228.43	168.15	848.2857142857143	1535.047619047619	0.06205805340881552	0.6768542869520365	84	bacteria	0.5	0.9855525698841618
GSL_+_blue_beads_4_(fitc)	87	162.8	187.1	142.23	1430.2931034482758	1547.396551724138	0.05505477272892962	0.6497110273830515	58	bacteria	0.5	1.1109204704232336
GSL_+_blue_beads_4_(fitc)	88	130.03	152.66	110.59	1078.1891891891892	1559.2702702702702	0.04895074834911092	0.6893697800087871	37	bacteria	0.5	1.249449213378115
GSL_+_blue_beads_4_(fitc)	89	180.12	212.25	152.45	2376.2957746478874	1576.4507042253522	0.05927927037018407	0.6958098252712683	71	bacteria	0.5	1.0317514645023251
GSL_+_blue_beads_4_(fitc)	90	180.12	213.09	151.82	710.9718309859155	1599.6338028169014	0.06180582129447595	0.7016766667162284	71	bacteria	0.5	0.9895746507058093
GSL_+_blue_beads_4_(fitc)	91	120.92	142.88	103.61	726.59375	1621.5625	0.0456269065096532	0.6885811692759412	32	virus	0.5	1.3404694444083534
GSL_+_blue_beads_4_(fitc)	92	162.8	187.98	140.83	1579.2068965517242	1634.9310344827586	0.05534286502400734	0.6623779999272015	58	bacteria	0.5	1.1051374733226278
GSL_+_blue_beads_4_(fitc)	93	155.62	180.4	133.27	1601.9811320754718	1653.8867924528302	0.0548758733713466	0.6739815056026401	53	bacteria	0.5	1.114542152344169
GSL_+_blue_beads_4_(fitc)	94	169.67	206.45	139.56	1208.3492063492063	1657.984126984127	0.05960138376008134	0.7368991134944731	63	bacteria	0.5	1.0261754033306565
GSL_+_blue_beads_4_(fitc)	95	187.58	216.25	162.46	649.038961038961	1729.8051948051948	0.05972264233247661	0.6600121829440392	77	bacteria	0.5	1.024091895977745
GSL_+_blue_beads_4_(fitc)	96	183.89	217.26	155.04	1250.2432432432433	1735.527027027027	0.06013612165691756	0.7005194764011909	74	bacteria	0.5	1.0170505236103997
GSL_+_blue_beads_4_(fitc)	97	100.27	124.28	78.87	660.5	1737.5	0.04462160061298714	0.7728365157192542	22	virus	0.5	1.370669657270556
GSL_+_blue_beads_4_(fitc)	98	187.58	215.7	163.1	2341.8311688311687	1760.2337662337663	0.05921905499681028	0.6543806461019129	77	bacteria	0.5	1.0328005744495763
GSL_+_blue_beads_4_(fitc)	99	174.98	211.95	144.97	2103.208955223881	1760.8955223880596	0.05831715258488237	0.7295070422020093	67	bacteria	0.5	1.0487733249672013
GSL_+_blue_beads_4_(fitc)	100	173.66	204.48	146.91	1385.590909090909	1765.3333333333333	0.058165394151555964	0.6955447082307523	66	bacteria	0.5	1.0515096632837069
GSL_+_blue_beads_4_(fitc)	101	174.98	202.28	150.74	1223.8208955223881	1780.5373134328358	0.060083058486577634	0.6668301472337917	67	bacteria	0.5	1.0179487456140401
GSL_+_blue_beads_4_(fitc)	102	168.32	195.92	144.63	951.7741935483871	1814.467741935484	0.05564786822708251	0.6745875249724309	62	bacteria	0.5	1.099080269696672
GSL_+_blue_beads_4_(fitc)	103	188.79	218.22	163.43	2009.051282051282	1814.7692307692307	0.059370147172657095	0.6626679445298339	78	bacteria	0.5	1.030172181335515
GSL_+_blue_beads_4_(fitc)	104	168.32	197.19	143.11	817.6451612903226	1816.7096774193549	0.05514809241236963	0.6879549020259299	62	bacteria	0.5	1.1090406094508591
GSL_+_blue_beads_4_(fitc)	105	136.88	158.06	117.63	491.5853658536585	1819.341463414634	0.05019862307602325	0.6679455780059004	41	bacteria	0.5	1.2183894750746604
GSL_+_blue_beads_4_(fitc)	106	173.66	198.14	151.51	180.25757575757575	1852.469696969697	0.05811704424372161	0.6443960215482338	66	bacteria	0.5	1.0523844564871172
GSL_+_blue_beads_4_(fitc)	107	178.85	205.12	155.41	631.8714285714286	1865.5142857142857	0.0614347407585659	0.6526529489139808	70	bacteria	0.5	0.9955519184076465
GSL_+_blue_beads_4_(fitc)	108	168.32	195.88	144.55	935.1935483870968	1869.6451612903227	0.05920014168986003	0.6748931777999316	62	bacteria	0.5	1.0331305343740862
GSL_+_blue_beads_4_(fitc)	109	148.1	173.83	126.4	2290.8125	1927.9375	0.05118708805316574	0.6864789489472386	48	bacteria	0.5	1.1948613672952253
GSL_+_blue_beads_4_(fitc)	110	88.14	98.17	76.56	1767.1176470588234	1931.5882352941176	0.04287322807369839	0.6259432312423177	17	virus	0.5	1.4265656393759556
GSL_+_blue_beads_4_(fitc)	111	93.18	114.0	74.29	1455.842105263158	1938.4736842105262	0.04340856178056911	0.7584691146029542	19	virus	0.5	1.4089725968862739
GSL_+_blue_beads_4_(fitc)	112	322.78	332.93	314.82	1042.640350877193	1957.8333333333333	0.06593089905999054	0.32534780232967053	228	virus	0.5	0.9276602456674505
GSL_+_blue_beads_4_(fitc)	113	157.09	182.73	133.96	2366.037037037037	1959.9444444444443	0.05643412140183913	0.6801360803370535	54	bacteria	0.5	1.083767630288181
GSL_+_blue_beads_4_(fitc)	114	172.34	199.69	148.8	1876.4923076923078	1973.9384615384615	0.05575524956714518	0.6668653000375807	65	bacteria	0.5	1.0969635055692988
GSL_+_blue_beads_4_(fitc)	115	161.39	191.81	135.81	1532.4912280701753	2021.561403508772	0.0532576446684181	0.7061468551914206	57	bacteria	0.5	1.1484074145572494
GSL_+_blue_beads_4_(fitc)	116	187.58	213.25	164.37	1190.8961038961038	2024.9610389610389	0.06138740532210314	0.6371236771410214	77	bacteria	0.5	0.9963195821382096
GSL_+_blue_beads_5_(fitc)	1	172.34	261.59	119.09	2013.8923076923077	18.046153846153846	0.03750941640283832	0.8903683776849384	65	virus	0.5	1.5704092165580752
GSL_+_blue_beads_5_(fitc)	2	221.12	246.41	198.61	1740.2803738317757	33.691588785046726	0.03330484229052194	0.5919430094312311	107	bacteria	0.5	1.7686657307335596
GSL_+_blue_beads_5_(fitc)	3	245.6	290.34	208.11	297.1818181818182	34.765151515151516	0.03751704296289464	0.6972780414298055	132	bacteria	0.5	1.5700899797724117
GSL_+_blue_beads_5_(fitc)	4	344.69	434.72	275.32	449.62307692307695	44.56923076923077	0.04679601362759439	0.7738851432627654	260	virus	0.5	1.2587639130012802
GSL_+_blue_beads_5_(fitc)	5	218.0	245.65	193.43	1610.3076923076924	51.375	0.033378878220771784	0.6164278293135745	104	bacteria	0.5	1.7647427465095304
GSL_+_blue_beads_5_(fitc)	6	210.54	228.69	193.65	1835.701030927835	69.74226804123711	0.03276883246217483	0.5319625224503016	97	virus	0.5	1.7975963377616926
GSL_+_blue_beads_5_(fitc)	7	208.35	250.13	174.24	730.4631578947368	91.52631578947368	0.03263029681047698	0.717444838513306	95	bacteria	0.5	1.8052282383106795
GSL_+_blue_beads_5_(fitc)	8	216.95	242.0	194.82	2186.7281553398057	104.28155339805825	0.0325303263126857	0.5931881735006989	103	bacteria	0.5	1.8107759713360447
GSL_+_blue_beads_5_(fitc)	9	219.05	250.93	192.14	1126.3904761904762	112.20952380952382	0.03435936279964823	0.6431684460484554	105	bacteria	0.5	1.714383749495349
GSL_+_blue_beads_5_(fitc)	10	210.54	240.31	185.39	1517.4845360824743	115.95876288659794	0.03013367071748816	0.6362437246954061	97	bacteria	0.5	1.9547944815281393
GSL_+_blue_beads_5_(fitc)	11	224.2	256.8	195.36	1604.0272727272727	126.52727272727273	0.0334943627702158	0.6490688181412398	110	bacteria	0.5	1.7586581249759488
GSL_+_blue_beads_5_(fitc)	12	165.58	181.94	151.25	1788.9666666666667	129.51666666666668	0.026016591191956116	0.5557602341615632	60	bacteria	0.5	2.2641372496541514
GSL_+_blue_beads_5_(fitc)	13	221.12	253.68	192.76	1809.1308411214952	169.38317757009347	0.03328314610408864	0.6500935495391288	107	bacteria	0.5	1.769818665654801
GSL_+_blue_beads_5_(fitc)	14	230.23	257.77	206.1	1646.4568965517242	172.7844827586207	0.03498825554156341	0.6006093347353971	116	bacteria	0.5	1.683568737994299
GSL_+_blue_beads_5_(fitc)	15	185.13	215.65	159.35	1688.8666666666666	194.57333333333332	0.027128389256106326	0.6737691445075736	75	bacteria	0.5	2.1713465060765813
GSL_+_blue_beads_5_(fitc)	16	259.18	291.1	231.26	1306.1700680272108	207.94557823129253	0.0450457244294716	0.6073654631159782	147	bacteria	0.5	1.3076742348535235
GSL_+_blue_beads_5_(fitc)	17	215.89	249.73	187.39	1516.9411764705883	258.8921568627451	0.03309547965571368	0.6610281928806965	102	bacteria	0.5	1.779854343841257
GSL_+_blue_beads_5_(fitc)	18	219.05	248.2	193.32	1753.6190476190477	268.3904761904762	0.033355138608751514	0.6271593443142428	105	bacteria	0.5	1.7659987541253024
GSL_+_blue_beads_5_(fitc)	19	222.15	262.5	187.91	523.9074074074074	277.49074074074076	0.033495673266193064	0.6982794965435565	108	bacteria	0.5	1.7585893186444608
GSL_+_blue_beads_5_(fitc)	20	144.98	172.11	124.26	549.5	283.4782608695652	0.023918575124597052	0.6919464404531858	46	bacteria	0.5	2.4627358828810793
GSL_+_blue_beads_5_(fitc)	21	222.15	248.47	199.13	1363.5555555555557	289.25	0.03318046719719212	0.5981227024776389	108	bacteria	0.5	1.7752954735886528
GSL_+_blue_beads_5_(fitc)	22	203.92	220.34	194.95	2430.835164835165	307.14285714285717	0.03499244193499352	0.4659651897993906	91	virus	0.5	1.6833673207534852
GSL_+_blue_beads_5_(fitc)	23	227.24	259.61	198.87	943.0	335.6814159292035	0.034559800993175814	0.6428177918556096	113	bacteria	0.5	1.704440752953507
GSL_+_blue_beads_5_(fitc)	24	216.95	255.03	185.48	909.3883495145631	336.2135922330097	0.032714588255172976	0.6863353008460787	103	bacteria	0.5	1.8005769403934835
GSL_+_blue_beads_5_(fitc)	25	218.0	247.77	192.7	2294.451923076923	345.11538461538464	0.034097045419214725	0.6285622924869242	104	bacteria	0.5	1.7275729466441425
GSL_+_blue_beads_5_(fitc)	26	220.09	257.47	187.68	1049.8490566037735	360.54716981132077	0.03364335740128196	0.6845716630278748	106	bacteria	0.5	1.750869644909084
GSL_+_blue_beads_5_(fitc)	27	146.55	170.73	125.41	1630.404255319149	359.0	0.023725998752312013	0.6785507688428849	47	bacteria	0.5	2.4827251253645057
GSL_+_blue_beads_5_(fitc)	28	216.95	247.29	190.32	2337.73786407767	362.3980582524272	0.03264011684918295	0.638536050482668	103	bacteria	0.5	1.804685121040137
GSL_+_blue_beads_5_(fitc)	29	166.96	196.86	141.67	389.4754098360656	363.8524590163934	0.02571905826086321	0.6943796018332036	61	bacteria	0.5	2.2903300979868346
GSL_+_blue_beads_5_(fitc)	30	249.29	265.48	238.08	2430.0367647058824	371.0367647058824	0.05151759582502371	0.44241804407233154	136	virus	0.5	1.1433983337809386
GSL_+_blue_beads_5_(fitc)	31	223.18	259.89	192.13	1895.045871559633	392.39449541284404	0.03542464181358004	0.6734112331995126	109	bacteria	0.5	1.6628293247597679
GSL_+_blue_beads_5_(fitc)	32	85.51	109.77	67.78	522.3125	401.0625	0.0212404474431161	0.7866280967647492	16	bacteria	0.5	2.7732529356778097
GSL_+_blue_beads_5_(fitc)	33	226.23	264.86	193.24	1719.892857142857	406.4642857142857	0.03645541728930511	0.6838921427005884	112	bacteria	0.5	1.615812891655279
GSL_+_blue_beads_5_(fitc)	34	224.2	259.12	194.56	1578.3909090909092	437.7	0.03620924678834149	0.6604687876874639	110	bacteria	0.5	1.6267980820219101
GSL_+_blue_beads_5_(fitc)	35	213.77	247.21	185.05	881.21	440.8	0.03224688251157934	0.663087426474044	100	bacteria	0.5	1.8266923385719551
GSL_+_blue_beads_5_(fitc)	36	232.21	265.26	203.8	1389.1101694915253	487.1864406779661	0.035787675150001176	0.6400934397800033	118	bacteria	0.5	1.6459614372779399
GSL_+_blue_beads_5_(fitc)	37	233.19	265.05	204.72	1667.4453781512605	506.00840336134456	0.03522163311205272	0.6351350664839022	119	bacteria	0.5	1.6724134579260836
GSL_+_blue_beads_5_(fitc)	38	225.22	258.7	195.5	880.972972972973	511.5405405405405	0.03594152164638019	0.6549329125955962	111	bacteria	0.5	1.6389159537062759
GSL_+_blue_beads_5_(fitc)	39	146.55	170.83	126.39	322.468085106383	512.0425531914893	0.023645061017716608	0.6727826562709183	47	bacteria	0.5	2.4912235659952797
GSL_+_blue_beads_5_(fitc)	40	201.67	235.27	172.47	1922.5168539325844	535.056179775281	0.03148142472878623	0.6801612838520391	89	bacteria	0.5	1.8711076050147697
GSL_+_blue_beads_5_(fitc)	41	223.18	258.93	192.54	2300.678899082569	567.7064220183486	0.036573415395029625	0.6686336961705496	109	bacteria	0.5	1.610599737281775
GSL_+_blue_beads_5_(fitc)	42	230.23	260.4	203.43	1466.9655172413793	572.1637931034483	0.03629788104048924	0.6242851268423284	116	bacteria	0.5	1.6228256729649029
GSL_+_blue_beads_5_(fitc)	43	143.4	169.2	121.94	149.82222222222222	588.3555555555556	0.024012804010225736	0.6932771247607138	45	bacteria	0.5	2.4530718362440087
GSL_+_blue_beads_5_(fitc)	44	281.17	291.19	273.71	189.90751445086704	655.5260115606936	0.034701209268913485	0.3412781286974127	173	virus	0.5	1.6974951152351094
GSL_+_blue_beads_5_(fitc)	45	218.0	248.97	190.88	1808.8653846153845	659.375	0.03293705033624747	0.6420285671745247	104	bacteria	0.5	1.7884155571121803
GSL_+_blue_beads_5_(fitc)	46	225.22	258.7	195.5	1900.972972972973	676.5405405405405	0.03462377072176526	0.654932912615122	111	bacteria	0.5	1.7012916848395976
GSL_+_blue_beads_5_(fitc)	47	262.68	315.77	218.88	417.4834437086093	679.9271523178808	0.04310675947544984	0.7207763000761996	151	bacteria	0.5	1.3664941170138198
GSL_+_blue_beads_5_(fitc)	48	224.2	259.5	193.0	1724.0	726.5	0.036108892806549095	0.6684880339025808	110	bacteria	0.5	1.6313192858698864
GSL_+_blue_beads_5_(fitc)	49	198.24	224.53	175.88	1882.8488372093022	745.9069767441861	0.026703505589880244	0.6215666851580794	86	bacteria	0.5	2.2058951409381646
GSL_+_blue_beads_5_(fitc)	50	228.24	267.37	194.93	763.3771929824561	759.6228070175439	0.03625615858321354	0.6844678618574818	114	bacteria	0.5	1.6246931701695722
GSL_+_blue_beads_5_(fitc)	51	220.09	255.22	190.05	527.6415094339623	771.311320754717	0.033383240895698045	0.6674594782092116	106	bacteria	0.5	1.7645121218390392
GSL_+_blue_beads_5_(fitc)	52	240.9	276.93	209.26	1831.976377952756	773.0472440944882	0.03917727541159512	0.6549940434414981	127	bacteria	0.5	1.5035535934512196
GSL_+_blue_beads_5_(fitc)	53	176.28	204.35	151.77	1211.6029411764705	789.5147058823529	0.026197966520456247	0.6696321254471436	68	bacteria	0.5	2.2484620392478494
GSL_+_blue_beads_5_(fitc)	54	154.15	183.65	131.24	289.4230769230769	804.4230769230769	0.024404143565277387	0.699484299627349	52	bacteria	0.5	2.413734908138433
GSL_+_blue_beads_5_(fitc)	55	207.25	238.86	180.05	1772.5531914893618	817.7553191489362	0.03103991881569822	0.6571215899837151	94	bacteria	0.5	1.8977218844058668
GSL_+_blue_beads_5_(fitc)	56	206.15	243.14	174.55	2234.548387096774	817.0430107526881	0.033054961538607444	0.6961352934216006	93	bacteria	0.5	1.782036054040846
GSL_+_blue_beads_5_(fitc)	57	124.65	153.99	102.02	981.4705882352941	834.2058823529412	0.022381723517775787	0.7490495982597047	34	bacteria	0.5	2.6318408043933212
GSL_+_blue_beads_5_(fitc)	58	219.05	251.36	190.84	1004.2380952380952	836.5238095238095	0.034892099816771605	0.6508567031190056	105	bacteria	0.5	1.688208320395151
GSL_+_blue_beads_5_(fitc)	59	220.09	253.35	191.38	1600.367924528302	842.4528301886793	0.0342368332249056	0.6552630005276998	106	bacteria	0.5	1.7205193260655127
GSL_+_blue_beads_5_(fitc)	60	227.24	264.13	195.78	1916.725663716814	843.6194690265487	0.037537233462836925	0.6712386883491254	113	bacteria	0.5	1.5692454609114956
GSL_+_blue_beads_5_(fitc)	61	226.23	258.77	198.04	2090.1160714285716	844.2589285714286	0.03739082384858251	0.6436541443768845	112	bacteria	0.5	1.5753900867569421
GSL_+_blue_beads_5_(fitc)	62	234.17	269.51	204.11	1380.1916666666666	860.3666666666667	0.038696913489377364	0.6530372867865978	120	bacteria	0.5	1.5222178699834008
GSL_+_blue_beads_5_(fitc)	63	258.29	301.82	221.99	1144.335616438356	871.3835616438356	0.03609990334277161	0.6775321596507384	146	bacteria	0.5	1.6317255109362139
GSL_+_blue_beads_5_(fitc)	64	223.18	257.47	194.01	1764.908256880734	886.9449541284404	0.035067655098523554	0.6574019619779389	109	bacteria	0.5	1.6797568317937521
GSL_+_blue_beads_5_(fitc)	65	214.83	244.24	188.86	1925.3762376237623	900.6534653465346	0.032935359256941105	0.6340980502673812	101	bacteria	0.5	1.7885073840303634
GSL_+_blue_beads_5_(fitc)	66	218.0	257.5	185.24	99.21153846153847	902.9903846153846	0.033120415187810136	0.6946071417861333	104	bacteria	0.5	1.7785143360283657
GSL_+_blue_beads_5_(fitc)	67	211.62	252.61	176.94	370.85714285714283	913.0816326530612	0.03136282738252079	0.713722377339377	98	bacteria	0.5	1.878183127697253
GSL_+_blue_beads_5_(fitc)	68	221.12	257.29	189.61	201.11214953271028	961.4859813084112	0.033794061014199656	0.6759512568221655	107	bacteria	0.5	1.7430616936502856
GSL_+_blue_beads_5_(fitc)	69	215.89	248.66	188.11	2210.764705882353	982.9313725490196	0.03530355400636443	0.6539926198665983	102	bacteria	0.5	1.6685326700000993
GSL_+_blue_beads_5_(fitc)	70	197.08	227.04	171.19	1614.0470588235294	992.1882352941177	0.031007364788760927	0.6568602307760064	85	bacteria	0.5	1.8997142655632242
GSL_+_blue_beads_5_(fitc)	71	232.21	272.33	198.09	1740.5254237288136	1007.228813559322	0.037855516590625186	0.6862294850390455	118	bacteria	0.5	1.5560514961066372
GSL_+_blue_beads_5_(fitc)	72	216.95	248.65	189.59	1702.0970873786407	1009.6019417475728	0.03341609298328518	0.64697727964692	103	bacteria	0.5	1.7627773916057887
GSL_+_blue_beads_5_(fitc)	73	226.23	258.67	198.04	1649.6339285714287	1060.232142857143	0.03482126668463468	0.643304278016337	112	bacteria	0.5	1.691642459770844
GSL_+_blue_beads_5_(fitc)	74	222.15	257.08	192.49	800.8055555555555	1099.861111111111	0.034012676711041696	0.6628587171813866	108	bacteria	0.5	1.7318582047266304
GSL_+_blue_beads_5_(fitc)	75	146.55	171.89	128.26	277.1063829787234	1111.0	0.023350687807587495	0.6657810788918631	47	bacteria	0.5	2.5226294707940684
GSL_+_blue_beads_5_(fitc)	76	206.15	234.78	181.2	2049.6451612903224	1142.52688172043	0.030949519109281357	0.6358852617911611	93	bacteria	0.5	1.9032648946415152
GSL_+_blue_beads_5_(fitc)	77	202.8	236.95	173.58	1570.4	1150.2444444444445	0.029805054354513173	0.6806881442787353	90	bacteria	0.5	1.976347116367944
GSL_+_blue_beads_5_(fitc)	78	182.64	209.58	159.6	1674.8219178082193	1184.0821917808219	0.026817389859351844	0.6481595497480832	73	bacteria	0.5	2.1965274598187774
GSL_+_blue_beads_5_(fitc)	79	235.14	270.08	205.12	2207.4297520661157	1197.5537190082644	0.036004350253839024	0.6505513528207274	121	bacteria	0.5	1.6360559991066936
GSL_+_blue_beads_5_(fitc)	80	220.09	253.41	191.55	874.0943396226415	1203.0566037735848	0.03299089952854919	0.6547048829404498	106	bacteria	0.5	1.7854964268481819
GSL_+_blue_beads_5_(fitc)	81	138.54	158.03	123.97	1909.952380952381	1208.142857142857	0.023418158162470087	0.6201789989740418	42	bacteria	0.5	2.5153614907739943
GSL_+_blue_beads_5_(fitc)	82	172.34	195.04	151.45	539.5384615384615	1210.553846153846	0.026109836043015686	0.6301143051907043	65	bacteria	0.5	2.256051440908566
GSL_+_blue_beads_5_(fitc)	83	233.19	272.62	199.54	798.5042016806723	1234.546218487395	0.0369602210903737	0.6813792257700471	119	bacteria	0.5	1.5937440710297537
GSL_+_blue_beads_5_(fitc)	84	152.66	170.49	138.66	753.9803921568628	1236.6274509803923	0.023303454519626024	0.5818805113916738	51	virus	0.5	2.527742536074315
GSL_+_blue_beads_5_(fitc)	85	228.24	260.71	199.76	1277.2368421052631	1237.7894736842106	0.035778857923249974	0.6425530510216013	114	bacteria	0.5	1.6463670627243234
GSL_+_blue_beads_5_(fitc)	86	194.75	221.16	170.99	869.2048192771084	1285.8915662650602	0.02890391657332855	0.6342075943403646	83	bacteria	0.5	2.037963715999907
GSL_+_blue_beads_5_(fitc)	87	214.83	247.88	186.23	1493.3663366336634	1304.5148514851485	0.03350835670457224	0.6599640664422775	101	bacteria	0.5	1.757923665015011
GSL_+_blue_beads_5_(fitc)	88	224.2	253.72	197.76	1403.0727272727272	1311.6545454545455	0.0353982360125637	0.6264721089565762	110	bacteria	0.5	1.6640697351649125
GSL_+_blue_beads_5_(fitc)	89	237.08	273.79	205.5	843.4715447154472	1328.39837398374	0.03675801605535793	0.6607915430357492	123	bacteria	0.5	1.6025112219881572
GSL_+_blue_beads_5_(fitc)	90	232.21	267.06	202.51	1143.0084745762713	1339.2711864406779	0.03778422080949788	0.6519204612579342	118	bacteria	0.5	1.5589876399389682
GSL_+_blue_beads_5_(fitc)	91	251.12	288.73	218.54	1235.0652173913043	1343.963768115942	0.04206705420889906	0.653514827628243	138	bacteria	0.5	1.4002676045300761
GSL_+_blue_beads_5_(fitc)	92	219.05	247.8	194.02	1759.8666666666666	1410.3904761904762	0.032767894090641306	0.6220540424482961	105	bacteria	0.5	1.797647815382667
GSL_+_blue_beads_5_(fitc)	93	164.2	190.33	141.85	544.3898305084746	1451.135593220339	0.026019083921526926	0.6667824586357679	59	bacteria	0.5	2.263920336487969
GSL_+_blue_beads_5_(fitc)	94	225.22	259.95	195.27	1573.2252252252251	1460.6306306306305	0.0379479836936277	0.6600905956820163	111	bacteria	0.5	1.552259896133122
GSL_+_blue_beads_5_(fitc)	95	238.04	273.57	207.63	411.44354838709677	1467.4354838709678	0.03910476329489657	0.6511317282488028	124	bacteria	0.5	1.5063416388054047
GSL_+_blue_beads_5_(fitc)	96	176.28	198.65	156.5	941.6617647058823	1489.7058823529412	0.027065532761635893	0.6158742055019659	68	bacteria	0.5	2.1763892011845845
GSL_+_blue_beads_5_(fitc)	97	232.21	261.76	206.36	1744.0254237288136	1495.6694915254238	0.03782681723089454	0.6152090644938255	118	bacteria	0.5	1.5572320786910399
GSL_+_blue_beads_5_(fitc)	98	195.92	203.23	192.91	16.071428571428573	1501.1904761904761	0.029729875590298837	0.31455616742584375	84	virus	0.5	1.9813447603512102
GSL_+_blue_beads_5_(fitc)	99	221.12	252.04	194.13	803.2523364485982	1510.2429906542056	0.0334105443573766	0.6377787060810887	107	bacteria	0.5	1.7630701432653095
GSL_+_blue_beads_5_(fitc)	100	222.15	253.43	195.47	887.2037037037037	1536.8333333333333	0.033163783606310664	0.6364657045219474	108	bacteria	0.5	1.7761885653940588
GSL_+_blue_beads_5_(fitc)	101	172.34	204.4	146.31	1404.1076923076923	1574.7230769230769	0.027232352659231542	0.6982988361019449	65	bacteria	0.5	2.1630570800780076
GSL_+_blue_beads_5_(fitc)	102	219.05	251.46	191.62	2230.3142857142857	1584.6761904761904	0.03362816926454274	0.647559648821291	105	bacteria	0.5	1.7516604238352345
GSL_+_blue_beads_5_(fitc)	103	161.39	188.66	139.62	2315.0877192982457	1594.1754385964912	0.0250085584489832	0.6725330826981392	57	bacteria	0.5	2.355398986586806
GSL_+_blue_beads_5_(fitc)	104	226.23	257.38	199.94	1987.7142857142858	1599.5982142857142	0.03564298723716006	0.6297455786270153	112	bacteria	0.5	1.6526429963569278
GSL_+_blue_beads_5_(fitc)	105	64.13	111.97	40.52	928.5555555555555	1600.0	0.02015294094710401	0.9322337272658214	9	bacteria	0.5	2.922905067867856
GSL_+_blue_beads_5_(fitc)	106	235.14	261.54	212.3	1149.900826446281	1610.504132231405	0.03844097771537679	0.5839982441160811	121	bacteria	0.5	1.5323526280438304
GSL_+_blue_beads_5_(fitc)	107	192.39	211.71	174.23	78.20987654320987	1615.0123456790122	0.027139142329574067	0.5681275594094154	81	bacteria	0.5	2.170486174964411
GSL_+_blue_beads_5_(fitc)	108	225.22	262.62	193.88	2296.3783783783783	1633.5225225225224	0.03489499080126662	0.6744984467877898	111	bacteria	0.5	1.6880684555043297
GSL_+_blue_beads_5_(fitc)	109	234.17	261.88	209.24	1331.175	1654.1	0.0371320895346006	0.6013544351438131	120	bacteria	0.5	1.586367316383924
GSL_+_blue_beads_5_(fitc)	110	212.69	250.28	181.1	1588.090909090909	1653.7373737373737	0.032031572827356955	0.6902320208390441	99	bacteria	0.5	1.8389709910349235
GSL_+_blue_beads_5_(fitc)	111	172.34	198.03	151.8	1065.876923076923	1670.8615384615384	0.0263808093899908	0.6421918707685671	65	bacteria	0.5	2.2328781636654886
GSL_+_blue_beads_5_(fitc)	112	171.01	200.8	146.45	1691.65625	1691.25	0.026609167590946198	0.6841899119203474	64	bacteria	0.5	2.2137157438466617
GSL_+_blue_beads_5_(fitc)	113	225.22	257.34	196.97	2424.936936936937	1697.3603603603603	0.03569059013015941	0.6435438325791437	111	bacteria	0.5	1.650438757440317
GSL_+_blue_beads_5_(fitc)	114	221.12	254.76	192.24	2279.4766355140187	1706.6168224299065	0.0362417738381975	0.6561749714591194	107	bacteria	0.5	1.625338028147179
GSL_+_blue_beads_5_(fitc)	115	164.2	187.12	145.33	1537.7796610169491	1757.457627118644	0.025524783929201728	0.6299081599806984	59	bacteria	0.5	2.3077622670623783
GSL_+_blue_beads_5_(fitc)	116	226.23	257.43	199.24	867.0982142857143	1804.9732142857142	0.035151817987981705	0.6332510461218318	112	bacteria	0.5	1.6757350429747737
GSL_+_blue_beads_5_(fitc)	117	171.01	192.16	151.56	599.53125	1862.421875	0.026059711140430156	0.6147276783960205	64	bacteria	0.5	2.2603908734561524
GSL_+_blue_beads_5_(fitc)	118	222.15	250.12	197.41	1396.888888888889	1939.638888888889	0.03321903050321191	0.6140350025120267	108	bacteria	0.5	1.7732345686920776
GSL_+_blue_beads_5_(fitc)	119	183.89	213.63	159.63	2349.7972972972975	1943.662162162162	0.028220317461957252	0.6646001506927789	74	bacteria	0.5	2.087330637089386
GSL_+_blue_beads_5_(fitc)	120	218.0	246.82	192.91	2393.605769230769	1953.2307692307693	0.03325016340804237	0.623781714042559	104	bacteria	0.5	1.7715742477369085
GSL_+_blue_beads_5_(fitc)	121	213.77	248.64	183.65	1938.89	1981.28	0.033369898542468295	0.6741375309551352	100	bacteria	0.5	1.7652176302473968
GSL_+_blue_beads_5_(fitc)	122	202.8	230.91	177.66	74.38888888888889	2012.0111111111112	0.029607127554410494	0.6388137469051852	90	bacteria	0.5	1.9895592072712573
GSL_+_blue_beads_5_(fitc)	123	208.35	239.06	181.76	1359.7263157894736	2015.421052631579	0.030762431472395595	0.6495818831472807	95	bacteria	0.5	1.9148399657416535
GSL_+_blue_beads_6_(fitc)	1	176.28	204.63	151.72	582.7352941176471	21.66176470588235	0.06412769629635769	0.6710336550163889	68	bacteria	0.5	0.9615216860163234
GSL_+_blue_beads_6_(fitc)	2	122.8	157.01	96.8	1344.2727272727273	21.303030303030305	0.04974326857346403	0.7873641768925848	33	virus	0.5	1.2395681351769818
GSL_+_blue_beads_6_(fitc)	3	198.24	226.33	174.04	2130.0697674418607	34.55813953488372	0.06522484900322818	0.6392592845135936	86	bacteria	0.5	0.9453478483356064
GSL_+_blue_beads_6_(fitc)	4	180.12	212.72	151.77	1478.1549295774648	58.394366197183096	0.06485439462539758	0.7006886200740754	71	bacteria	0.5	0.9507477638079732
GSL_+_blue_beads_6_(fitc)	5	188.79	215.42	164.67	1421.0384615384614	63.05128205128205	0.06405178361559236	0.6447154165542318	78	bacteria	0.5	0.962661259103586
GSL_+_blue_beads_6_(fitc)	6	182.64	215.65	154.19	511.05479452054794	91.41095890410959	0.06721709353690095	0.6991339203716609	73	bacteria	0.5	0.9173287242681251
GSL_+_blue_beads_6_(fitc)	7	183.89	211.72	159.62	2171.1486486486488	95.86486486486487	0.06341406315861024	0.6569894750297842	74	bacteria	0.5	0.9723422154639917
GSL_+_blue_beads_6_(fitc)	8	151.16	172.3	131.84	362.32	113.98	0.05678907006740779	0.6438044066995214	50	bacteria	0.5	1.0857753189130737
GSL_+_blue_beads_6_(fitc)	9	185.13	210.59	162.56	2402.1866666666665	129.01333333333332	0.06360732665753324	0.6357305755030174	75	bacteria	0.5	0.9693878661997493
GSL_+_blue_beads_6_(fitc)	10	212.69	241.5	187.45	1124.0707070707072	161.4848484848485	0.0676298315710227	0.6305153615439276	99	bacteria	0.5	0.9117303596780811
GSL_+_blue_beads_6_(fitc)	11	194.75	224.81	168.74	571.0361445783133	172.75903614457832	0.0670394097582281	0.6607854525663893	83	bacteria	0.5	0.919760046897619
GSL_+_blue_beads_6_(fitc)	12	228.24	251.68	206.97	492.4122807017544	185.92105263157896	0.06918502942505929	0.5689447427171682	114	bacteria	0.5	0.8912357366271907
GSL_+_blue_beads_6_(fitc)	13	195.92	221.96	173.24	1257.9404761904761	192.48809523809524	0.06701589873119877	0.6251092028067392	84	bacteria	0.5	0.9200827241090348
GSL_+_blue_beads_6_(fitc)	14	192.39	222.68	166.44	1422.4444444444443	191.85185185185185	0.06426626917550994	0.6643339582436526	81	bacteria	0.5	0.959448423788595
GSL_+_blue_beads_6_(fitc)	15	173.66	200.81	150.62	1484.6060606060605	223.8030303030303	0.06388953480538188	0.6613539367834184	66	bacteria	0.5	0.9651059575100004
GSL_+_blue_beads_6_(fitc)	16	162.8	195.29	135.44	983.5	236.0	0.06258679606407422	0.7204034963083409	58	bacteria	0.5	0.9851945544566781
GSL_+_blue_beads_6_(fitc)	17	186.36	215.55	160.71	1427.0131578947369	243.94736842105263	0.06457164706152038	0.6664216750667258	76	bacteria	0.5	0.9549109163108399
GSL_+_blue_beads_6_(fitc)	18	166.96	191.38	144.95	413.5245901639344	263.44262295081967	0.06206713337516739	0.6529279698074022	61	bacteria	0.5	0.9934431849866353
GSL_+_blue_beads_6_(fitc)	19	177.57	208.84	151.43	283.27536231884056	268.1304347826087	0.06449191085165336	0.6886492160103139	69	bacteria	0.5	0.9560915446442508
GSL_+_blue_beads_6_(fitc)	20	111.08	136.86	91.56	786.7037037037037	287.0740740740741	0.050855548821623624	0.7432699882579636	27	virus	0.5	1.2124570885959816
GSL_+_blue_beads_6_(fitc)	21	200.53	227.84	177.06	2392.3863636363635	292.39772727272725	0.06674680679237395	0.6293363573039006	88	bacteria	0.5	0.9237920677616815
GSL_+_blue_beads_6_(fitc)	22	131.77	150.16	115.65	415.63157894736844	294.7631578947368	0.054452023892187194	0.6378519932209432	38	virus	0.5	1.132376103876345
GSL_+_blue_beads_6_(fitc)	23	168.32	204.09	138.88	1101.2096774193549	294.85483870967744	0.06450412358133369	0.732784544071345	62	bacteria	0.5	0.9559105254018195
GSL_+_blue_beads_6_(fitc)	24	190.0	219.81	164.05	490.6455696202532	311.8354430379747	0.06704350663189454	0.6655676765761452	79	bacteria	0.5	0.9197038424879025
GSL_+_blue_beads_6_(fitc)	25	162.8	187.71	141.67	17.0	318.7586206896552	0.058767262701693516	0.6560437615772398	58	bacteria	0.5	1.0492265221915755
GSL_+_blue_beads_6_(fitc)	26	186.36	220.48	157.55	1530.3815789473683	335.38157894736844	0.06601496501097874	0.6995411410537803	76	bacteria	0.5	0.9340332249356198
GSL_+_blue_beads_6_(fitc)	27	182.64	202.95	164.02	2049.3561643835615	338.041095890411	0.06286266783689436	0.5889449038795684	73	bacteria	0.5	0.980871044531584
GSL_+_blue_beads_6_(fitc)	28	52.36	72.55	35.72	1894.0	338.8333333333333	0.04396265794154452	0.8703882798235003	6	virus	0.5	1.4025578422761376
GSL_+_blue_beads_6_(fitc)	29	634.13	739.01	565.03	40.24090909090909	353.0931818181818	0.057346792605849975	0.644534846291066	880	virus	0.5	1.0752156809712596
GSL_+_blue_beads_6_(fitc)	30	193.57	226.93	165.67	2239.4634146341464	355.8048780487805	0.0646421447800069	0.6834000234036958	82	bacteria	0.5	0.953869505305885
GSL_+_blue_beads_6_(fitc)	31	131.77	150.66	114.93	337.8421052631579	355.6578947368421	0.05324534634142158	0.6466079674362801	38	bacteria	0.5	1.158038681311925
GSL_+_blue_beads_6_(fitc)	32	190.0	217.85	166.11	1315.2278481012659	366.37974683544303	0.06555389609194924	0.6469732432975627	79	bacteria	0.5	0.9406026848004408
GSL_+_blue_beads_6_(fitc)	33	119.02	141.99	99.47	1272.1290322580646	367.3225806451613	0.05016603254300296	0.7136405207378459	31	virus	0.5	1.229121928475422
GSL_+_blue_beads_6_(fitc)	34	37.03	43.75	25.26	418.6666666666667	385.6666666666667	0.04398117658058312	0.8164965809633707	3	virus	0.5	1.401967283668314
GSL_+_blue_beads_6_(fitc)	35	188.79	215.42	164.67	1848.0384615384614	396.05128205128204	0.0633101143589066	0.6447154165546157	78	bacteria	0.5	0.9739387029640091
GSL_+_blue_beads_6_(fitc)	36	202.8	231.32	177.53	391.43333333333334	414.1666666666667	0.06622130120249325	0.6410919115497424	90	bacteria	0.5	0.9311229097518103
GSL_+_blue_beads_6_(fitc)	37	169.67	193.87	148.31	1578.3015873015872	457.73015873015873	0.06096797585371918	0.6440709209509898	63	bacteria	0.5	1.0113534162780504
GSL_+_blue_beads_6_(fitc)	38	203.92	232.32	179.76	161.05494505494505	479.4725274725275	0.06914985531414211	0.6334880204712198	91	bacteria	0.5	0.891689077050118
GSL_+_blue_beads_6_(fitc)	39	572.0	604.03	549.4	2107.469273743017	495.3826815642458	0.06053422429353559	0.4155702552166657	716	virus	0.5	1.018600161855898
GSL_+_blue_beads_6_(fitc)	40	187.58	211.65	165.67	1171.8961038961038	489.9220779220779	0.0663239418146665	0.6223511682697387	77	bacteria	0.5	0.9296819365097115
GSL_+_blue_beads_6_(fitc)	41	113.11	131.76	96.13	1480.0714285714287	530.9285714285714	0.04860805474657441	0.6838822222851267	28	virus	0.5	1.2685175530000405
GSL_+_blue_beads_6_(fitc)	42	82.79	95.85	72.16	433.0	537.4	0.047422568386699955	0.658280588573527	15	virus	0.5	1.3002284094024243
GSL_+_blue_beads_6_(fitc)	43	212.69	251.58	180.81	2251.7979797979797	546.6969696969697	0.06547179097056594	0.6953171242629843	99	bacteria	0.5	0.941782250785488
GSL_+_blue_beads_6_(fitc)	44	172.34	194.0	152.67	1876.8153846153846	550.5538461538462	0.06223136290372044	0.6169625850479965	65	bacteria	0.5	0.9908214730667628
GSL_+_blue_beads_6_(fitc)	45	146.55	175.97	121.76	547.9787234042553	554.7021276595744	0.056859634755487706	0.7219580054316135	47	bacteria	0.5	1.0844278358166126
GSL_+_blue_beads_6_(fitc)	46	199.39	225.59	176.31	1538.896551724138	597.9770114942529	0.06765232333821887	0.623837040785457	87	bacteria	0.5	0.9114272447814495
GSL_+_blue_beads_6_(fitc)	47	119.02	139.11	101.24	1243.1935483870968	625.0322580645161	0.050562465440446215	0.6858071682709308	31	virus	0.5	1.2194850493562568
GSL_+_blue_beads_6_(fitc)	48	144.98	162.76	128.74	2008.695652173913	629.195652173913	0.055055995102357674	0.6118769439268782	46	bacteria	0.5	1.1199537951967031
GSL_+_blue_beads_6_(fitc)	49	182.64	217.77	153.1	2223.849315068493	636.6027397260274	0.0647561012304782	0.7111614043363579	73	bacteria	0.5	0.9521909054369615
GSL_+_blue_beads_6_(fitc)	50	97.96	118.56	78.77	217.38095238095238	645.4285714285714	0.04826869745324302	0.7473704562550728	21	virus	0.5	1.2774359764513146
GSL_+_blue_beads_6_(fitc)	51	186.36	217.99	159.25	1333.3684210526317	678.5394736842105	0.0654857329560685	0.6829004515914326	76	bacteria	0.5	0.941581744295077
GSL_+_blue_beads_6_(fitc)	52	207.25	230.64	186.0	2182.627659574468	682.6595744680851	0.06590146347401457	0.59129453957347	94	bacteria	0.5	0.9356419025129789
GSL_+_blue_beads_6_(fitc)	53	191.2	217.78	167.44	896.8875	723.2125	0.06575941505193887	0.6394247746761774	80	bacteria	0.5	0.9376630040658881
GSL_+_blue_beads_6_(fitc)	54	190.0	215.31	167.43	1043.1772151898733	729.7721518987341	0.06632471432651572	0.6287267331799223	79	bacteria	0.5	0.9296711081130986
GSL_+_blue_beads_6_(fitc)	55	194.75	222.41	170.22	749.3253012048193	730.9277108433735	0.06632634211810678	0.6435898195493317	83	bacteria	0.5	0.9296482919775496
GSL_+_blue_beads_6_(fitc)	56	181.39	208.6	157.99	1326.4027777777778	741.3055555555555	0.06557141279487287	0.6529682454936946	72	bacteria	0.5	0.9403514128345559
GSL_+_blue_beads_6_(fitc)	57	42.75	65.63	26.79	2118.25	763.75	0.04541524602128507	0.9128709291752769	4	virus	0.5	1.357697603010185
GSL_+_blue_beads_6_(fitc)	58	177.57	209.66	149.98	1672.2463768115942	778.6521739130435	0.06389626229001193	0.6987517013784968	69	bacteria	0.5	0.9650043438120655
GSL_+_blue_beads_6_(fitc)	59	192.39	218.53	169.23	1648.0	781.1728395061729	0.06516801854127052	0.6326637685849053	81	bacteria	0.5	0.9461722489562507
GSL_+_blue_beads_6_(fitc)	60	174.98	202.28	150.74	1824.1791044776119	829.4626865671642	0.06293441059754631	0.6668301472753244	67	bacteria	0.5	0.9797528899972027
GSL_+_blue_beads_6_(fitc)	61	192.39	223.6	166.39	465.22222222222223	854.4197530864197	0.06699889745245033	0.6680259011809564	81	bacteria	0.5	0.9203161993371206
GSL_+_blue_beads_6_(fitc)	62	198.24	223.67	175.62	1265.9883720930231	900.6976744186046	0.06553496012397453	0.6192539307253723	86	bacteria	0.5	0.9408744667971433
GSL_+_blue_beads_6_(fitc)	63	177.57	204.26	153.97	1073.9420289855072	911.3913043478261	0.06402285548620178	0.6571056697553489	69	bacteria	0.5	0.9630962286039491
GSL_+_blue_beads_6_(fitc)	64	198.24	222.75	176.62	976.8255813953489	920.2441860465116	0.06692065293534459	0.6093294823868561	86	bacteria	0.5	0.9213922452727646
GSL_+_blue_beads_6_(fitc)	65	185.13	210.97	162.29	1104.0266666666666	923.1466666666666	0.06441262720183759	0.6389131077603931	75	bacteria	0.5	0.9572683702219418
GSL_+_blue_beads_6_(fitc)	66	128.26	152.27	109.12	2224.8333333333335	927.8333333333334	0.051974137761831435	0.6974723681561495	36	bacteria	0.5	1.1863625510397275
GSL_+_blue_beads_6_(fitc)	67	168.32	204.59	138.61	1612.2903225806451	932.9193548387096	0.06343976259034731	0.7355470603633856	62	bacteria	0.5	0.9719483198790926
GSL_+_blue_beads_6_(fitc)	68	195.92	225.61	169.65	147.60714285714286	944.0714285714286	0.06672614036292998	0.6591832163786249	84	bacteria	0.5	0.9240781847689811
GSL_+_blue_beads_6_(fitc)	69	205.04	234.62	178.97	2178.271739130435	950.6521739130435	0.06701314760425921	0.6466012042227793	92	bacteria	0.5	0.9201204967620055
GSL_+_blue_beads_6_(fitc)	70	193.57	224.05	167.23	2349.329268292683	959.219512195122	0.06385170129269169	0.6655247020695315	82	bacteria	0.5	0.9656778036433314
GSL_+_blue_beads_6_(fitc)	71	131.77	156.85	109.62	836.4736842105264	966.3684210526316	0.053818221436377024	0.7152165506194149	38	bacteria	0.5	1.1457117871520555
GSL_+_blue_beads_6_(fitc)	72	173.66	199.94	150.93	398.43939393939394	1015.8787878787879	0.06320264715351258	0.6558208000092369	66	bacteria	0.5	0.9755947486416275
GSL_+_blue_beads_6_(fitc)	73	151.16	178.55	127.75	2218.62	1019.96	0.05559844178495033	0.6986619132549615	50	bacteria	0.5	1.1090269562178101
GSL_+_blue_beads_6_(fitc)	74	190.0	216.9	165.48	666.0	1031.0	0.06614031087152818	0.6464649214330381	79	bacteria	0.5	0.9322630911576167
GSL_+_blue_beads_6_(fitc)	75	146.55	169.24	127.14	2263.063829787234	1033.0425531914893	0.05381484634214269	0.6600310312005238	47	bacteria	0.5	1.1457836425137236
GSL_+_blue_beads_6_(fitc)	76	187.58	216.8	161.75	911.974025974026	1038.8961038961038	0.06466684378652549	0.6658731180852109	77	bacteria	0.5	0.9535051821419588
GSL_+_blue_beads_6_(fitc)	77	197.08	223.13	173.64	697.7647058823529	1040.0235294117647	0.06593585423135045	0.62798867886264	85	bacteria	0.5	0.9351538913391233
GSL_+_blue_beads_6_(fitc)	78	190.0	216.87	166.47	2258.746835443038	1050.2151898734178	0.06236343559599511	0.640908889443603	79	bacteria	0.5	0.9887231207508443
GSL_+_blue_beads_6_(fitc)	79	188.79	215.77	164.9	324.6923076923077	1067.8974358974358	0.06564875376722132	0.6449262654909295	78	bacteria	0.5	0.9392435823207317
GSL_+_blue_beads_6_(fitc)	80	182.64	214.74	155.09	1435.86301369863	1076.6986301369864	0.06503038790388199	0.6916698611748503	73	bacteria	0.5	0.9481747326242809
GSL_+_blue_beads_6_(fitc)	81	194.75	220.62	172.52	1650.2048192771085	1078.578313253012	0.06495131211588165	0.6233151798795529	83	bacteria	0.5	0.949329099821829
GSL_+_blue_beads_6_(fitc)	82	177.57	204.45	153.7	165.44927536231884	1099.4492753623188	0.06347955884466425	0.6594430627675498	69	bacteria	0.5	0.9713389914082461
GSL_+_blue_beads_6_(fitc)	83	161.39	188.48	138.31	1151.6140350877192	1105.6491228070176	0.0603346398212316	0.6793457546648963	57	bacteria	0.5	1.0219696487111294
GSL_+_blue_beads_6_(fitc)	84	205.04	233.78	179.56	1513.5326086956522	1116.9130434782608	0.06785215903065772	0.6403801254571875	92	bacteria	0.5	0.9087429426579718
GSL_+_blue_beads_6_(fitc)	85	207.25	233.22	184.01	1220.531914893617	1134.712765957447	0.06631122914786661	0.6144240777749778	94	bacteria	0.5	0.9298601678114171
GSL_+_blue_beads_6_(fitc)	86	199.39	232.11	170.64	1091.5632183908046	1207.0229885057472	0.06529431485811207	0.6778892093717482	87	bacteria	0.5	0.9443421038601496
GSL_+_blue_beads_6_(fitc)	87	177.57	205.31	153.11	783.4347826086956	1236.5217391304348	0.06442722830743752	0.6662459325257931	69	bacteria	0.5	0.9570514250431985
GSL_+_blue_beads_6_(fitc)	88	117.08	139.96	98.27	1653.0	1247.8	0.05127274028337977	0.7120501200667717	30	virus	0.5	1.202591675857901
GSL_+_blue_beads_6_(fitc)	89	104.72	115.2	93.44	2373.3333333333335	1248.125	0.04834278976987419	0.5849866172065762	24	virus	0.5	1.2754781210752837
GSL_+_blue_beads_6_(fitc)	90	130.03	153.23	109.8	1203.2972972972973	1254.5135135135135	0.05320290839776114	0.6975410738973924	37	bacteria	0.5	1.1589624048788156
GSL_+_blue_beads_6_(fitc)	91	188.79	218.9	162.95	171.66666666666666	1259.628205128205	0.06656936991124954	0.6677258851153807	78	bacteria	0.5	0.9262543831408061
GSL_+_blue_beads_6_(fitc)	92	115.12	134.59	97.81	1687.6206896551723	1275.0344827586207	0.05058316485468336	0.6868792347633523	29	virus	0.5	1.218986017192786
GSL_+_blue_beads_6_(fitc)	93	168.32	190.14	148.76	1956.967741935484	1290.5483870967741	0.05965589373594341	0.622850342672039	62	bacteria	0.5	1.0335972994746296
GSL_+_blue_beads_6_(fitc)	94	187.58	220.62	159.78	414.84415584415586	1316.4285714285713	0.06611177889218434	0.6895647370725133	77	bacteria	0.5	0.9326654296168996
GSL_+_blue_beads_6_(fitc)	95	200.53	227.12	177.19	1325.9545454545455	1338.9545454545455	0.06583015241777161	0.6255397402872177	88	bacteria	0.5	0.9366554443305634
GSL_+_blue_beads_6_(fitc)	96	192.39	221.99	166.61	1502.0617283950617	1343.2716049382716	0.06502811527224163	0.6608580756408473	81	bacteria	0.5	0.9482078698586746
GSL_+_blue_beads_6_(fitc)	97	208.35	236.84	183.18	1970.5578947368422	1371.5263157894738	0.06523873779075252	0.6338849787028168	95	bacteria	0.5	0.945146591600011
GSL_+_blue_beads_6_(fitc)	98	187.58	219.22	160.77	1481.6363636363637	1389.4675324675325	0.0647089714350931	0.6797941260836379	77	bacteria	0.5	0.9528844192039947
GSL_+_blue_beads_6_(fitc)	99	173.66	199.32	150.91	657.560606060606	1395.2424242424242	0.06355919903593446	0.6532398114906277	66	bacteria	0.5	0.9701218957834219
GSL_+_blue_beads_6_(fitc)	100	173.66	198.14	151.51	1842.2575757575758	1420.469696969697	0.06235656692706926	0.6443960215668921	66	bacteria	0.5	0.9888320300784492
GSL_+_blue_beads_6_(fitc)	101	174.98	207.19	147.88	47.6865671641791	1433.2835820895523	0.06441133791328994	0.7003932122354497	67	bacteria	0.5	0.9572875313694468
GSL_+_blue_beads_6_(fitc)	102	95.6	113.67	77.65	2189.5	1493.5	0.048815618130025114	0.7302967433969001	20	virus	0.5	1.2631238326016636
GSL_+_blue_beads_6_(fitc)	103	178.85	206.77	154.2	453.5	1498.5	0.06624791248531078	0.6662156489096839	70	bacteria	0.5	0.9307488847575167
GSL_+_blue_beads_6_(fitc)	104	140.18	164.4	119.51	1113.3023255813953	1511.3953488372092	0.055754949590315635	0.6866862407699946	43	bacteria	0.5	1.1059138447131993
GSL_+_blue_beads_6_(fitc)	105	176.28	211.08	147.32	895.25	1517.1764705882354	0.06360530429696143	0.7161724315684762	68	bacteria	0.5	0.969418688342982
GSL_+_blue_beads_6_(fitc)	106	182.64	213.26	156.07	2302.6849315068494	1541.4520547945206	0.06440675135854786	0.6814784963738549	73	bacteria	0.5	0.9573557020436995
GSL_+_blue_beads_6_(fitc)	107	203.92	237.68	174.83	1220.10989010989	1572.0549450549452	0.06766994942958134	0.677466922122232	91	bacteria	0.5	0.9111898439850521
GSL_+_blue_beads_6_(fitc)	108	173.66	198.14	151.51	20.742424242424242	1598.530303030303	0.06428175384421193	0.6443960215474432	66	bacteria	0.5	0.9592173046903977
GSL_+_blue_beads_6_(fitc)	109	52.36	57.88	50.52	1651.1666666666667	1601.6666666666667	0.04432253022137541	0.4879500350564168	6	virus	0.5	1.3911699164114903
GSL_+_blue_beads_6_(fitc)	110	181.39	209.94	156.49	1414.5416666666667	1611.5555555555557	0.06549189322587222	0.6666287425993906	72	bacteria	0.5	0.9414931776450473
GSL_+_blue_beads_6_(fitc)	111	111.08	138.72	89.42	2190.185185185185	1617.3333333333333	0.04997971144017128	0.7645058489080426	27	virus	0.5	1.2337040148186433
GSL_+_blue_beads_6_(fitc)	112	207.25	235.05	182.76	1900.787234042553	1625.468085106383	0.06651311011099637	0.6288078164189174	94	bacteria	0.5	0.9270378510389718
GSL_+_blue_beads_6_(fitc)	113	136.88	159.6	116.12	177.41463414634146	1636.5365853658536	0.055190790796599616	0.6859939021888956	41	bacteria	0.5	1.1172184665818479
GSL_+_blue_beads_6_(fitc)	114	185.13	207.73	165.09	819.6	1639.6266666666668	0.0658114424259517	0.6069463138660852	75	bacteria	0.5	0.9369217326089462
GSL_+_blue_beads_6_(fitc)	115	198.24	225.43	173.94	104.27906976744185	1641.0348837209303	0.06820057122219214	0.6360771571315454	86	bacteria	0.5	0.9041005017734024
GSL_+_blue_beads_6_(fitc)	116	111.08	128.06	98.6	1914.1851851851852	1650.4814814814815	0.049072216482758044	0.6380887031014999	27	virus	0.5	1.256518964960171
GSL_+_blue_beads_6_(fitc)	117	141.8	164.3	122.43	2275.4772727272725	1652.7272727272727	0.05591455417895675	0.6668684146340301	44	bacteria	0.5	1.102757082992574
GSL_+_blue_beads_6_(fitc)	118	173.66	196.28	152.97	916.6363636363636	1660.5151515151515	0.061781166504099434	0.6265545898119699	66	bacteria	0.5	0.9980415416585761
GSL_+_blue_beads_6_(fitc)	119	202.8	231.1	178.16	2013.0666666666666	1667.888888888889	0.06689110471883401	0.6369300826844374	90	bacteria	0.5	0.9217992575006075
GSL_+_blue_beads_6_(fitc)	120	195.92	223.49	171.81	1693.0	1674.9166666666667	0.06569653289377352	0.6395400090752212	84	bacteria	0.5	0.9385604985108813
GSL_+_blue_beads_6_(fitc)	121	182.64	211.27	157.18	2184.8356164383563	1713.6027397260275	0.06329292393434674	0.6682338025267229	73	bacteria	0.5	0.9742032257377807
GSL_+_blue_beads_6_(fitc)	122	198.24	232.18	168.81	2428.5697674418607	1777.8488372093022	0.06374975556576205	0.6865531490514674	86	bacteria	0.5	0.9672220719279475
GSL_+_blue_beads_6_(fitc)	123	188.79	218.27	162.72	1286.9871794871794	1791.051282051282	0.06426480481771045	0.6664860370564499	78	bacteria	0.5	0.9594702860783283
GSL_+_blue_beads_6_(fitc)	124	198.24	233.65	169.19	2246.5697674418607	1798.5581395348838	0.06461217363445258	0.6896509645942521	86	bacteria	0.5	0.9543119693211817
GSL_+_blue_beads_6_(fitc)	125	111.08	122.11	102.86	577.8888888888889	1799.7407407407406	0.048458925365196776	0.5389483118345811	27	virus	0.5	1.2724213382474416
GSL_+_blue_beads_6_(fitc)	126	152.66	182.82	126.71	1252.8039215686274	1810.1764705882354	0.058721985269202935	0.7208679212856396	51	bacteria	0.5	1.0500355255453973
GSL_+_blue_beads_6_(fitc)	127	200.53	232.88	173.03	965.7613636363636	1822.5227272727273	0.06707271650305316	0.6692822950511846	88	bacteria	0.5	0.9193033155353086
GSL_+_blue_beads_6_(fitc)	128	56.56	69.12	47.47	849.4285714285714	1834.857142857143	0.04446946746630658	0.7268710701438311	7	virus	0.5	1.386573174278171
GSL_+_blue_beads_6_(fitc)	129	182.64	218.59	152.3	2349.219178082192	1843.5753424657535	0.0623478882661771	0.717325901517781	73	bacteria	0.5	0.9889696728777004
GSL_+_blue_beads_6_(fitc)	130	136.88	159.6	116.12	1615.5853658536585	1850.4634146341464	0.054078742689008946	0.6859939021947326	41	bacteria	0.5	1.140192386087935
GSL_+_blue_beads_6_(fitc)	131	195.92	225.31	171.03	97.14285714285714	1872.7380952380952	0.06863425525475612	0.6509905039491302	84	bacteria	0.5	0.8983876991794667
GSL_+_blue_beads_6_(fitc)	132	183.89	217.26	155.04	855.7567567567568	1914.472972972973	0.06561397364004098	0.7005194763901397	74	bacteria	0.5	0.9397414490011683
GSL_+_blue_beads_6_(fitc)	133	200.53	231.19	174.21	1133.7954545454545	1917.465909090909	0.06494371686301871	0.657391357247989	88	bacteria	0.5	0.9494401251051293
GSL_+_blue_beads_6_(fitc)	134	198.24	230.83	170.52	1158.360465116279	1921.1976744186047	0.06694533559090293	0.6740189223908463	86	bacteria	0.5	0.9210525291861478
GSL_+_blue_beads_6_(fitc)	135	191.2	220.58	165.87	1696.3	1930.0875	0.06404484748016934	0.6591875060555928	80	bacteria	0.5	0.9627655164969963
GSL_+_blue_beads_6_(fitc)	136	186.36	219.71	158.18	1793.907894736842	1948.6315789473683	0.06514213679851645	0.6940554514975716	76	bacteria	0.5	0.9465481744010097
GSL_+_blue_beads_6_(fitc)	137	144.98	172.99	121.59	1419.8695652173913	1949.391304347826	0.05544691714741167	0.7113015531869019	46	bacteria	0.5	1.1120576911298115
GSL_+_blue_beads_6_(fitc)	138	177.57	206.93	152.02	903.4492753623189	1953.536231884058	0.06416328417074049	0.6784693714795995	69	bacteria	0.5	0.9609883823767024
GSL_+_blue_beads_6_(fitc)	139	70.9	85.49	55.97	1109.0	1970.0	0.04694230752164068	0.7559289460357406	11	virus	0.5	1.3135308833037422
GSL_+_blue_beads_6_(fitc)	140	157.09	185.98	132.55	1867.7962962962963	1979.0740740740741	0.05707249396576731	0.7014624212577316	54	bacteria	0.5	1.0803833226597914
GSL_+_blue_beads_6_(fitc)	141	560.3	592.23	533.0	1263.8762736535662	2006.2445414847161	0.061912590074514356	0.43593500208898867	687	virus	0.5	0.9959229712245283
GSL_+_blue_beads_6_(fitc)	142	195.92	230.38	167.13	628.5	1996.392857142857	0.06700740662719694	0.6882687831367672	84	bacteria	0.5	0.9201993296990243
GSL_+_blue_beads_6_(fitc)	143	148.1	178.25	122.95	668.8958333333334	2025.7291666666667	0.055500124053424	0.7240080657748706	48	bacteria	0.5	1.1109915827190397
GSL_+_blue_beads_7_(fitc)	1	168.32	280.5	104.63	1166.0967741935483	17.79032258064516	0.03605554092647599	0.9278229298978626	62	virus	0.5	1.6865224023613608
GSL_+_blue_beads_7_(fitc)	2	284.4	315.41	257.06	2069.45197740113	24.858757062146893	0.04595462490658939	0.5794379894724205	177	bacteria	0.5	1.3232286766644759
GSL_+_blue_beads_7_(fitc)	3	120.92	151.5	94.81	2159.5	30.0	0.025896704278098683	0.7799988413275707	32	bacteria	0.5	2.348116457165767
GSL_+_blue_beads_7_(fitc)	4	290.75	312.46	271.61	2181.508108108108	41.18378378378378	0.0424467438286573	0.4943578694996951	185	virus	0.5	1.4325828559952978
GSL_+_blue_beads_7_(fitc)	5	228.24	267.57	195.56	1117.9298245614036	48.08771929824562	0.038483829882484825	0.68250126504128	114	bacteria	0.5	1.5801046228362645
GSL_+_blue_beads_7_(fitc)	6	166.96	203.07	138.93	1553.5901639344263	61.16393442622951	0.028519117927064807	0.7293493976793473	61	bacteria	0.5	2.1322004999338025
GSL_+_blue_beads_7_(fitc)	7	262.68	291.35	237.4	323.89403973509934	76.49006622516556	0.048651743839097	0.5797093390718091	151	bacteria	0.5	1.2498725164480617
GSL_+_blue_beads_7_(fitc)	8	261.81	295.2	232.55	829.6666666666666	92.61333333333333	0.04543518654387607	0.6159718542435987	150	bacteria	0.5	1.338356505767547
GSL_+_blue_beads_7_(fitc)	9	299.27	320.0	281.17	2126.765306122449	119.68367346938776	0.04243405012173845	0.4774941379619379	196	virus	0.5	1.433011398330022
GSL_+_blue_beads_7_(fitc)	10	267.85	293.17	244.5	362.96178343949043	136.94267515923568	0.04750061424197269	0.5517980597293306	157	bacteria	0.5	1.2801619194226506
GSL_+_blue_beads_7_(fitc)	11	311.25	321.67	303.61	2251.9009433962265	141.06132075471697	0.04281060394105984	0.33033057742731325	212	virus	0.5	1.4204069063234348
GSL_+_blue_beads_7_(fitc)	12	257.41	300.07	221.24	1312.3655172413794	146.4551724137931	0.04954416911498218	0.6755921618320162	145	bacteria	0.5	1.2273589120171586
GSL_+_blue_beads_7_(fitc)	13	255.63	286.58	228.07	52.27972027972028	157.47552447552448	0.04841202272375351	0.6055271198807918	143	bacteria	0.5	1.256061492178115
GSL_+_blue_beads_7_(fitc)	14	280.35	314.4	250.39	1404.3488372093022	166.7325581395349	0.046181259578773844	0.60476859301179	172	bacteria	0.5	1.3167349278993652
GSL_+_blue_beads_7_(fitc)	15	272.08	301.94	247.13	1767.7222222222222	169.51234567901236	0.040991597736709164	0.5745732702412434	162	bacteria	0.5	1.4834376032945624
GSL_+_blue_beads_7_(fitc)	16	303.82	318.08	292.29	2262.2524752475247	171.78217821782178	0.04231630080426476	0.3944526613148453	202	virus	0.5	1.4369988951309798
GSL_+_blue_beads_7_(fitc)	17	348.64	430.86	283.29	363.54887218045116	182.203007518797	0.04882583765879919	0.7534445796573876	266	virus	0.5	1.2454159604325803
GSL_+_blue_beads_7_(fitc)	18	284.4	315.57	257.58	2186.864406779661	213.68926553672316	0.04275615073128837	0.5777360700672599	177	bacteria	0.5	1.4222159025475563
GSL_+_blue_beads_7_(fitc)	19	70.9	104.8	48.99	677.0	227.1818181818182	0.024093922083281035	0.8840090356972914	11	bacteria	0.5	2.52380983434632
GSL_+_blue_beads_7_(fitc)	20	275.42	302.21	251.8	2337.789156626506	262.6566265060241	0.03911391043281991	0.5529487703874081	166	bacteria	0.5	1.5546509369396917
GSL_+_blue_beads_7_(fitc)	21	317.79	340.34	299.05	2357.0588235294117	309.18552036199094	0.04276708761495035	0.4773838396440849	221	virus	0.5	1.4218521974010094
GSL_+_blue_beads_7_(fitc)	22	281.98	310.66	256.34	979.5574712643678	330.42528735632186	0.04673047715132345	0.5648859787596378	174	bacteria	0.5	1.3012595036178973
GSL_+_blue_beads_7_(fitc)	23	233.19	267.1	205.84	2015.0084033613446	331.5378151260504	0.033725388367498436	0.6372662819170248	119	bacteria	0.5	1.8030475094650211
GSL_+_blue_beads_7_(fitc)	24	315.62	328.87	305.26	1823.9908256880733	336.38532110091745	0.04536329777464336	0.3720759254855652	218	virus	0.5	1.3404774450888501
GSL_+_blue_beads_7_(fitc)	25	286.0	304.95	269.02	1145.391061452514	340.5586592178771	0.04116544401632092	0.47088150420003455	179	virus	0.5	1.477172880186834
GSL_+_blue_beads_7_(fitc)	26	252.93	283.22	226.21	1703.25	360.37857142857143	0.0352933378913559	0.601703198054632	140	bacteria	0.5	1.7229449277069357
GSL_+_blue_beads_7_(fitc)	27	303.82	318.84	290.84	1614.1584158415842	376.04455445544556	0.0423213616280395	0.40976630968579036	202	virus	0.5	1.4368270576027673
GSL_+_blue_beads_7_(fitc)	28	290.75	314.64	268.48	473.68108108108106	398.56216216216217	0.04869897958580876	0.5214014211557779	185	bacteria	0.5	1.2486601982001013
GSL_+_blue_beads_7_(fitc)	29	232.21	266.04	204.25	550.1694915254237	398.4406779661017	0.03802837808791474	0.6407935417391545	118	bacteria	0.5	1.599028950463794
GSL_+_blue_beads_7_(fitc)	30	300.8	315.74	289.18	1233.8484848484848	408.469696969697	0.03889001372939278	0.40145118164763205	198	virus	0.5	1.5636013379907874
GSL_+_blue_beads_7_(fitc)	31	309.04	322.22	298.79	1307.4593301435407	411.5980861244019	0.04021478495207644	0.3743518910285436	209	virus	0.5	1.5120925692931966
GSL_+_blue_beads_7_(fitc)	32	222.15	255.18	194.26	1077.9074074074074	413.0740740740741	0.03713949625038118	0.6484596538157081	108	bacteria	0.5	1.6372994693253153
GSL_+_blue_beads_7_(fitc)	33	314.17	334.6	297.95	1206.4305555555557	445.89814814814815	0.038937349726076195	0.45506693827780575	216	virus	0.5	1.5617004734411968
GSL_+_blue_beads_7_(fitc)	34	161.39	194.79	136.52	1512.719298245614	502.12280701754383	0.027408398511318675	0.7133224059584808	57	bacteria	0.5	2.218607463571684
GSL_+_blue_beads_7_(fitc)	35	306.07	318.17	295.25	672.2975609756097	548.9073170731707	0.04688914040106164	0.37268522759131195	205	virus	0.5	1.2968563079135027
GSL_+_blue_beads_7_(fitc)	36	463.93	647.96	340.01	1530.7537154989384	551.2356687898089	0.04165048564716376	0.8512617697901428	471	virus	0.5	1.4599704314828192
GSL_+_blue_beads_7_(fitc)	37	256.52	284.41	232.63	1459.7222222222222	552.8472222222222	0.03575232171747326	0.5752754964599891	144	bacteria	0.5	1.7008259766257272
GSL_+_blue_beads_7_(fitc)	38	331.85	341.16	323.41	1305.98755186722	560.2904564315353	0.04009514283461368	0.31838982942998373	241	virus	0.5	1.5166045860613169
GSL_+_blue_beads_7_(fitc)	39	212.69	256.76	176.55	832.2020202020202	559.8585858585859	0.032982524792927806	0.7260858990165903	99	bacteria	0.5	1.8436574484072654
GSL_+_blue_beads_7_(fitc)	40	301.55	307.18	297.42	865.6231155778894	583.3417085427136	0.04167832632692428	0.24999829428743747	199	virus	0.5	1.4589951867255344
GSL_+_blue_beads_7_(fitc)	41	277.9	294.55	262.88	1608.8698224852071	592.5266272189349	0.03674663448162346	0.4510827205987475	169	virus	0.5	1.6548039938778127
GSL_+_blue_beads_7_(fitc)	42	309.78	317.32	303.67	1179.5428571428572	599.7380952380952	0.04209975007804218	0.29016535576956576	210	virus	0.5	1.444390462865819
GSL_+_blue_beads_7_(fitc)	43	262.68	301.17	229.33	640.0132450331126	609.3046357615895	0.04728077649412945	0.6482102248109041	151	bacteria	0.5	1.2861141886979974
GSL_+_blue_beads_7_(fitc)	44	296.2	309.72	284.78	918.8645833333334	613.8645833333334	0.04238857801415905	0.39312044889614667	192	virus	0.5	1.43454865321141
GSL_+_blue_beads_7_(fitc)	45	274.59	297.99	253.08	358.0	624.1757575757575	0.0466831479532189	0.527955302765175	165	bacteria	0.5	1.3025787713093966
GSL_+_blue_beads_7_(fitc)	46	321.36	325.4	319.88	2116.3672566371683	635.4557522123894	0.040060015634239055	0.1834512590278044	226	virus	0.5	1.5179344425863381
GSL_+_blue_beads_7_(fitc)	47	250.21	281.03	223.38	219.7080291970803	680.1605839416059	0.043635579065939574	0.6067831240016774	137	bacteria	0.5	1.3935526651283436
GSL_+_blue_beads_7_(fitc)	48	368.4	376.28	362.5	1390.3030303030303	704.976430976431	0.04191288168040766	0.2681055417468781	297	virus	0.5	1.4508302713574526
GSL_+_blue_beads_7_(fitc)	49	471.26	654.51	346.53	1703.69341563786	748.5534979423868	0.04083608946422775	0.8483376693371991	486	virus	0.5	1.4890866951162556
GSL_+_blue_beads_7_(fitc)	50	289.18	305.97	275.25	802.8852459016393	765.0928961748634	0.041397130064398706	0.43673445267264827	183	virus	0.5	1.4689056320368834
GSL_+_blue_beads_7_(fitc)	51	311.98	316.43	309.5	1736.4835680751173	822.7840375586854	0.039649981909186414	0.20807637792253084	213	virus	0.5	1.533631910375981
GSL_+_blue_beads_7_(fitc)	52	207.25	238.09	181.34	694.5957446808511	825.7021276595744	0.03306969316389913	0.6479843474895243	94	bacteria	0.5	1.8387977535921274
GSL_+_blue_beads_7_(fitc)	53	111.08	191.39	66.53	2434.037037037037	837.8148148148148	0.030084132260531506	0.9376422764416487	27	bacteria	0.5	2.0212807527619985
GSL_+_blue_beads_7_(fitc)	54	272.08	291.99	254.15	294.91358024691357	847.9567901234568	0.044532569478609396	0.4923001422863604	162	virus	0.5	1.3654832454922046
GSL_+_blue_beads_7_(fitc)	55	249.29	273.8	228.11	331.70588235294116	862.4485294117648	0.040811694775848235	0.5531000550191132	136	bacteria	0.5	1.4899767783656026
GSL_+_blue_beads_7_(fitc)	56	253.83	291.79	221.72	2337.6666666666665	891.581560283688	0.035016854390213056	0.6500764261440098	141	bacteria	0.5	1.7365488294332387
GSL_+_blue_beads_7_(fitc)	57	216.95	244.6	193.41	2053.669902912621	899.0776699029126	0.03142167801928851	0.6121506796982243	103	bacteria	0.5	1.9352396604799642
GSL_+_blue_beads_7_(fitc)	58	327.7	331.16	326.11	1790.3148936170212	920.2297872340425	0.03964269831867682	0.17391828080795066	235	virus	0.5	1.5339136860194509
GSL_+_blue_beads_7_(fitc)	59	269.55	293.6	248.36	80.83647798742139	922.433962264151	0.04631439066748215	0.533312824637351	159	bacteria	0.5	1.3129499627521377
GSL_+_blue_beads_7_(fitc)	60	311.98	315.19	311.47	2159.5352112676055	942.8544600938967	0.04097050227735158	0.1532491171630472	213	virus	0.5	1.4842014161826242
GSL_+_blue_beads_7_(fitc)	61	324.9	334.98	316.41	1591.8961038961038	945.1168831168832	0.037784019570256504	0.32830155154224094	231	virus	0.5	1.6093702627029907
GSL_+_blue_beads_7_(fitc)	62	326.3	336.46	318.26	1294.9399141630902	979.4077253218884	0.037963104433262326	0.32447935911316717	233	virus	0.5	1.6017783163296775
GSL_+_blue_beads_7_(fitc)	63	281.17	301.66	263.01	179.0635838150289	978.485549132948	0.04622396473228303	0.4897230418168104	173	virus	0.5	1.315518429757059
GSL_+_blue_beads_7_(fitc)	64	289.18	304.38	275.56	205.2295081967213	989.2950819672132	0.04632274063907687	0.4247401667868521	183	virus	0.5	1.3127132950864726
GSL_+_blue_beads_7_(fitc)	65	267.85	293.38	245.0	397.28025477707007	993.7579617834394	0.04271940291406949	0.5501211313281817	157	bacteria	0.5	1.4234393122037663
GSL_+_blue_beads_7_(fitc)	66	253.83	294.64	219.23	471.9645390070922	998.9929078014185	0.04571504849015352	0.6681340682851702	141	bacteria	0.5	1.330163250616612
GSL_+_blue_beads_7_(fitc)	67	323.49	329.15	318.83	1163.301310043668	1013.650655021834	0.04152644517835444	0.24842595652935195	229	virus	0.5	1.4643313975128054
GSL_+_blue_beads_7_(fitc)	68	266.14	295.17	240.78	94.08387096774193	1021.5290322580645	0.04602256912661098	0.5784355913130232	155	bacteria	0.5	1.3212751625071322
GSL_+_blue_beads_7_(fitc)	69	300.04	320.38	284.19	1712.9035532994924	1042.7055837563453	0.03649128674119391	0.46172869395954513	197	virus	0.5	1.666383483077175
GSL_+_blue_beads_7_(fitc)	70	182.64	283.75	125.17	2432.849315068493	1061.3013698630136	0.03548367368305011	0.8974425529221639	73	virus	0.5	1.7137029847844003
GSL_+_blue_beads_7_(fitc)	71	327.7	334.94	321.96	1947.9106382978723	1106.9914893617022	0.041709188766118274	0.27571325683254316	235	virus	0.5	1.4579156128578397
GSL_+_blue_beads_7_(fitc)	72	155.62	183.53	134.86	842.5849056603773	1118.6603773584907	0.027121758389139067	0.6782646288482419	53	bacteria	0.5	2.242055128922226
GSL_+_blue_beads_7_(fitc)	73	353.2	360.12	347.42	1254.8754578754579	1157.3296703296703	0.04118027161173987	0.26321184582045337	273	virus	0.5	1.4766410011832722
GSL_+_blue_beads_7_(fitc)	74	287.59	304.11	275.69	1206.624309392265	1205.375690607735	0.03497619030605294	0.4221257056895861	181	virus	0.5	1.7385677790995782
GSL_+_blue_beads_7_(fitc)	75	250.21	282.74	222.11	71.91970802919708	1231.4744525547446	0.04403300632675958	0.6187640642302555	137	bacteria	0.5	1.3809749225504129
GSL_+_blue_beads_7_(fitc)	76	177.57	214.4	147.09	1279.7826086956522	1262.695652173913	0.028629430033514393	0.7275512480182673	69	bacteria	0.5	2.1239849144944407
GSL_+_blue_beads_7_(fitc)	77	292.32	313.89	273.13	2214.219251336898	1289.566844919786	0.04028653908266427	0.4927598507093482	187	virus	0.5	1.5093993896319873
GSL_+_blue_beads_7_(fitc)	78	359.61	376.05	344.64	1019.6819787985866	1292.042402826855	0.04521511843838229	0.4001282956888955	283	virus	0.5	1.3448704681516315
GSL_+_blue_beads_7_(fitc)	79	302.31	313.7	293.68	2289.34	1291.26	0.037906801727017964	0.3515381679092333	200	virus	0.5	1.604157426407662
GSL_+_blue_beads_7_(fitc)	80	303.07	315.43	293.7	2349.373134328358	1321.6915422885572	0.03697180192961782	0.3647243000229707	201	virus	0.5	1.6447258269293457
GSL_+_blue_beads_7_(fitc)	81	275.42	310.37	244.68	1893.1927710843374	1326.3433734939758	0.044373894919743806	0.6152319366258009	166	bacteria	0.5	1.3703660138858447
GSL_+_blue_beads_7_(fitc)	82	272.92	312.23	239.45	1792.6871165644172	1347.4233128834355	0.04640674971454329	0.6417607824901642	163	bacteria	0.5	1.3103369202929125
GSL_+_blue_beads_7_(fitc)	83	47.8	77.55	29.62	2276.2	1348.6	0.02422798758442819	0.9241763718304448	5	bacteria	0.5	2.509844339727228
GSL_+_blue_beads_7_(fitc)	84	111.08	142.53	88.18	2268.222222222222	1366.851851851852	0.025451357574169158	0.7856384957598663	27	bacteria	0.5	2.389203692752083
GSL_+_blue_beads_7_(fitc)	85	327.0	343.78	312.76	2250.863247863248	1397.2948717948718	0.04144902349682388	0.41509133868554	234	virus	0.5	1.4670665885872614
GSL_+_blue_beads_7_(fitc)	86	197.08	228.81	170.47	274.78823529411767	1419.035294117647	0.031303275643520444	0.6670341463084983	85	bacteria	0.5	1.9425595645082456
GSL_+_blue_beads_7_(fitc)	87	327.7	332.8	324.42	1478.9531914893616	1443.3787234042554	0.03818831766584019	0.2229189381363846	235	virus	0.5	1.5923319281527923
GSL_+_blue_beads_7_(fitc)	88	316.35	336.38	299.41	2190.1963470319633	1463.296803652968	0.038665381465736504	0.4557790544370979	219	virus	0.5	1.5726853116823467
GSL_+_blue_beads_7_(fitc)	89	280.35	302.86	262.4	2238.9186046511627	1464.656976744186	0.03699659947675569	0.4993421623277789	172	virus	0.5	1.6436234238220608
GSL_+_blue_beads_7_(fitc)	90	275.42	299.3	255.15	2123.8493975903616	1481.4156626506024	0.03446554262922526	0.5227565312663035	166	bacteria	0.5	1.7643267119257755
GSL_+_blue_beads_7_(fitc)	91	291.54	319.3	267.23	2086.6881720430106	1484.9462365591398	0.040125314447652695	0.5473269885417207	186	bacteria	0.5	1.515464198569437
GSL_+_blue_beads_7_(fitc)	92	239.95	279.78	205.95	288.62698412698415	1508.904761904762	0.04283161206444424	0.6768472649612028	126	bacteria	0.5	1.4197102226800733
GSL_+_blue_beads_7_(fitc)	93	260.06	295.06	229.05	1128.8581081081081	1510.418918918919	0.04575620987317832	0.6304213875203052	148	bacteria	0.5	1.3289666620181269
GSL_+_blue_beads_7_(fitc)	94	339.34	346.29	333.53	1859.25	1555.2063492063492	0.04009146831338929	0.26897140706231737	252	virus	0.5	1.516743588097783
GSL_+_blue_beads_7_(fitc)	95	254.73	284.72	229.73	327.21830985915494	1567.380281690141	0.04178929970925473	0.5907383284127737	142	bacteria	0.5	1.4551207587786377
GSL_+_blue_beads_7_(fitc)	96	303.07	322.95	285.49	1133.8059701492537	1574.1393034825871	0.039405021184606266	0.4675018728538255	201	virus	0.5	1.5431657101992304
GSL_+_blue_beads_7_(fitc)	97	300.8	316.18	288.0	1408.6969696969697	1575.0707070707072	0.038711938932283266	0.4126818326630075	198	virus	0.5	1.5707938992187316
GSL_+_blue_beads_7_(fitc)	98	219.05	252.87	191.0	2397.695238095238	1579.352380952381	0.03203409845895434	0.655347716749756	105	bacteria	0.5	1.8982421990015814
GSL_+_blue_beads_7_(fitc)	99	317.07	335.53	301.19	1089.2227272727273	1596.4681818181818	0.042327300549827654	0.44070175522954463	220	virus	0.5	1.4366254571367
GSL_+_blue_beads_7_(fitc)	100	82.79	111.82	69.65	56.6	1591.5333333333333	0.025069397178493835	0.7823400923745141	15	bacteria	0.5	2.425605891868997
GSL_+_blue_beads_7_(fitc)	101	272.08	309.37	240.0	1692.7407407407406	1610.3765432098764	0.04420417130764361	0.6310136532336171	162	bacteria	0.5	1.375627586784867
GSL_+_blue_beads_7_(fitc)	102	305.32	328.45	285.41	737.7647058823529	1614.8235294117646	0.044373739099134994	0.49489202500114904	204	virus	0.5	1.3703708259947835
GSL_+_blue_beads_7_(fitc)	103	223.18	261.48	191.0	686.0091743119266	1643.366972477064	0.035043701688843465	0.6829895543170391	109	bacteria	0.5	1.735218443578912
GSL_+_blue_beads_7_(fitc)	104	290.75	312.68	271.67	1788.4324324324325	1655.3189189189188	0.032451618176311245	0.49512695485205666	185	virus	0.5	1.873819578776725
GSL_+_blue_beads_7_(fitc)	105	253.83	294.32	218.85	2229.921985815603	1673.5390070921985	0.04389645414809292	0.6686463094521118	141	bacteria	0.5	1.3852708306828119
GSL_+_blue_beads_7_(fitc)	106	771.63	784.37	764.37	1101.1273983115886	1696.0744435917115	0.040161096684774925	0.22440572740244646	1303	virus	0.5	1.5141139690244352
GSL_+_blue_beads_7_(fitc)	107	298.51	318.86	281.53	565.8820512820513	1684.923076923077	0.04540478132560583	0.46951899308827344	195	virus	0.5	1.3392527334443072
GSL_+_blue_beads_7_(fitc)	108	275.42	305.41	249.79	132.65060240963857	1691.6746987951808	0.0490357153771476	0.5753763350601753	166	bacteria	0.5	1.2400854567749935
GSL_+_blue_beads_7_(fitc)	109	303.82	318.58	291.56	442.6732673267327	1696.1980198019803	0.04548140002817682	0.4030582667121187	202	virus	0.5	1.3369966066147114
GSL_+_blue_beads_7_(fitc)	110	316.35	333.92	301.85	1706.6027397260275	1700.1187214611873	0.03875416007078005	0.42766673286915136	219	virus	0.5	1.569082580830004
GSL_+_blue_beads_7_(fitc)	111	250.21	281.71	222.63	118.53284671532846	1728.043795620438	0.047084314690718276	0.6127208574260942	137	bacteria	0.5	1.2914805684481123
GSL_+_blue_beads_7_(fitc)	112	285.2	307.11	266.53	618.6741573033707	1745.2640449438202	0.0413435456494973	0.49680697622890296	178	virus	0.5	1.470809446709804
GSL_+_blue_beads_7_(fitc)	113	398.2	417.5	382.02	686.4524495677233	1756.1844380403459	0.0482200390877234	0.40343258205550736	347	virus	0.5	1.2610623851037113
GSL_+_blue_beads_7_(fitc)	114	282.79	311.5	257.86	350.56	1765.4114285714286	0.04475951299176577	0.5609928960015157	175	bacteria	0.5	1.3585598554869296
GSL_+_blue_beads_7_(fitc)	115	206.15	243.55	175.38	1005.6236559139785	1775.010752688172	0.031216505236540938	0.6938666938874573	93	bacteria	0.5	1.9479591658639095
GSL_+_blue_beads_7_(fitc)	116	253.83	283.56	228.1	1312.900709219858	1777.2624113475176	0.03776797005854363	0.5941064850809872	141	bacteria	0.5	1.6100541651431155
GSL_+_blue_beads_7_(fitc)	117	190.0	217.51	166.47	1831.8987341772151	1778.9620253164558	0.031173786816107583	0.6436244793479055	79	bacteria	0.5	1.9506285155686873
GSL_+_blue_beads_7_(fitc)	118	349.3	367.61	332.94	1631.0711610486892	1802.6591760299625	0.04062718077196153	0.42392567684696447	267	virus	0.5	1.4967437155699728
GSL_+_blue_beads_7_(fitc)	119	309.04	324.51	296.9	1748.9186602870814	1805.2153110047848	0.036392618674286836	0.40363337670720145	209	virus	0.5	1.6709014002535303
GSL_+_blue_beads_7_(fitc)	120	239.0	270.57	211.69	168.32	1803.336	0.03728292404008084	0.6228044202648698	125	bacteria	0.5	1.6310007615386273
GSL_+_blue_beads_7_(fitc)	121	214.83	257.69	180.05	1324.6930693069307	1811.4257425742574	0.03201366894501154	0.7154125272749523	101	bacteria	0.5	1.8994535617334791
GSL_+_blue_beads_7_(fitc)	122	425.93	444.78	411.69	2219.0503778337534	1834.168765743073	0.04777689567199416	0.37847808954088735	397	virus	0.5	1.2727590741606791
GSL_+_blue_beads_7_(fitc)	123	253.83	286.3	227.46	695.5248226950355	1834.014184397163	0.038394666730814105	0.6072684240997676	141	bacteria	0.5	1.5837740675830914
GSL_+_blue_beads_7_(fitc)	124	248.37	283.44	218.09	2382.874074074074	1838.8814814814814	0.032476063341241763	0.6387075442358782	135	bacteria	0.5	1.8724091298509444
GSL_+_blue_beads_7_(fitc)	125	275.42	298.13	255.29	652.9638554216867	1843.879518072289	0.042209332308476316	0.5164522146692098	166	bacteria	0.5	1.4406405924015842
GSL_+_blue_beads_7_(fitc)	126	293.1	317.31	272.91	2071.4840425531916	1868.7659574468084	0.03911105088967686	0.510159602335911	188	virus	0.5	1.5547646028045925
GSL_+_blue_beads_7_(fitc)	127	289.97	314.4	269.45	2213.4184782608695	1881.9728260869565	0.03528270971470721	0.5152828102039102	184	virus	0.5	1.7234639287472668
GSL_+_blue_beads_7_(fitc)	128	285.2	312.2	263.96	2343.3426966292136	1912.4044943820224	0.03741300471021485	0.5340102683739213	178	bacteria	0.5	1.6253299614066052
GSL_+_blue_beads_7_(fitc)	129	262.68	293.21	235.47	360.9072847682119	1919.3046357615895	0.04411794785556283	0.5958971662177389	151	bacteria	0.5	1.3783160925988382
GSL_+_blue_beads_7_(fitc)	130	283.59	311.84	259.49	1196.9375	1947.9261363636363	0.04204014800281893	0.5545717604492192	176	bacteria	0.5	1.4464382356047185
GSL_+_blue_beads_7_(fitc)	131	307.56	337.28	281.67	1706.5797101449275	1977.8212560386473	0.03817744672338758	0.5500615646397908	207	bacteria	0.5	1.592785341103161
GSL_+_blue_beads_7_(fitc)	132	282.79	311.74	257.78	488.81714285714287	1987.0914285714287	0.044705975914090736	0.562347250904227	175	bacteria	0.5	1.3601867817092572
GSL_+_blue_beads_7_(fitc)	133	232.21	270.47	200.03	2223.3050847457625	1985.3389830508474	0.033330507428757344	0.6730670286715364	118	bacteria	0.5	1.8244089932244323
GSL_+_blue_beads_8_(fitc)	1	154.15	179.13	132.93	1129.6538461538462	46.94230769230769	0.03960864492904921	0.6702720869759327	52	bacteria	0.5	1.3230602174523933
GSL_+_blue_beads_8_(fitc)	2	146.55	166.41	129.66	1479.8297872340424	67.55319148936171	0.03973779363584929	0.6268222844626635	47	bacteria	0.5	1.3187602425300702
GSL_+_blue_beads_8_(fitc)	3	74.05	92.2	62.46	34.25	94.83333333333333	0.03292557163907375	0.7355112522577794	12	virus	0.5	1.5916085815388659
GSL_+_blue_beads_8_(fitc)	4	117.08	135.25	102.14	1047.4333333333334	106.1	0.03570662746116426	0.6555029593078113	30	virus	0.5	1.467644134966808
GSL_+_blue_beads_8_(fitc)	5	148.1	167.71	132.29	1459.6041666666667	180.20833333333334	0.03872186736058765	0.6146327315316926	48	bacteria	0.5	1.3533598957100292
GSL_+_blue_beads_8_(fitc)	6	64.13	94.76	63.76	2054.1111111111113	182.22222222222223	0.03264039300899321	0.7397565408217656	9	virus	0.5	1.605514442132598
GSL_+_blue_beads_8_(fitc)	7	97.96	124.31	78.0	352.0952380952381	195.38095238095238	0.03498022924392347	0.7786644656638241	21	virus	0.5	1.498121181750856
GSL_+_blue_beads_8_(fitc)	8	169.67	206.97	139.1	2072.3492063492063	214.96825396825398	0.04386346914893478	0.7404541449041885	63	bacteria	0.5	1.1947213339393408
GSL_+_blue_beads_8_(fitc)	9	159.97	186.73	137.54	2274.0178571428573	265.8392857142857	0.04183336043075908	0.6763844024400216	56	bacteria	0.5	1.2526993249696146
GSL_+_blue_beads_8_(fitc)	10	173.66	199.83	150.71	2248.2272727272725	271.530303030303	0.04383462456059944	0.6566556523572171	66	bacteria	0.5	1.1955074988808312
GSL_+_blue_beads_8_(fitc)	11	162.8	192.37	138.65	1442.5862068965516	282.3965517241379	0.04083519991622101	0.6932042066713245	58	bacteria	0.5	1.2833198436725601
GSL_+_blue_beads_8_(fitc)	12	162.8	196.75	133.86	1649.3620689655172	304.91379310344826	0.04244042538757854	0.7328916735246253	58	bacteria	0.5	1.2347807990671145
GSL_+_blue_beads_8_(fitc)	13	152.66	177.15	130.75	2292.8627450980393	325.9019607843137	0.04067073858941757	0.6746856684409558	51	bacteria	0.5	1.2885092376084375
GSL_+_blue_beads_8_(fitc)	14	136.88	165.77	112.56	379.7073170731707	347.4634146341463	0.03640095530411699	0.7341202436762415	41	bacteria	0.5	1.439649644768951
GSL_+_blue_beads_8_(fitc)	15	100.27	124.28	78.87	512.5	347.5	0.03497593124646207	0.7728365157513682	22	virus	0.5	1.49830527752205
GSL_+_blue_beads_8_(fitc)	16	115.12	146.32	90.76	418.9310344827586	349.0689655172414	0.03521153174281107	0.7843534337236772	29	virus	0.5	1.4882801110611052
GSL_+_blue_beads_8_(fitc)	17	74.05	95.62	56.03	658.8333333333334	365.0	0.033048990383990784	0.810370410055808	12	virus	0.5	1.5856648497863868
GSL_+_blue_beads_8_(fitc)	18	106.88	125.09	90.57	2277.6	369.08	0.03508337981543746	0.6897235128957679	25	virus	0.5	1.4937164733987032
GSL_+_blue_beads_8_(fitc)	19	130.03	157.29	108.06	79.97297297297297	382.81081081081084	0.03702883733477765	0.7266532537645009	37	bacteria	0.5	1.4152381264102998
GSL_+_blue_beads_8_(fitc)	20	133.5	155.35	116.12	1172.5641025641025	415.94871794871796	0.03747711997166314	0.6642559452521067	39	bacteria	0.5	1.3983097530558963
GSL_+_blue_beads_8_(fitc)	21	185.13	222.77	154.21	618.1733333333333	470.6	0.044704749387658185	0.7216692808737272	75	bacteria	0.5	1.172238365959614
GSL_+_blue_beads_8_(fitc)	22	141.8	171.25	117.63	1068.1363636363637	476.6818181818182	0.038469472910063925	0.7267335061837998	44	bacteria	0.5	1.3622391576650121
GSL_+_blue_beads_8_(fitc)	23	166.96	195.75	143.05	2084.0163934426228	485.327868852459	0.04173198631783949	0.6826074960926876	61	bacteria	0.5	1.255742345300748
GSL_+_blue_beads_8_(fitc)	24	64.13	81.04	50.07	1982.5555555555557	484.3333333333333	0.03347722886317636	0.7862839355411162	9	virus	0.5	1.5653811307681298
GSL_+_blue_beads_8_(fitc)	25	152.66	182.82	126.71	1722.8039215686274	489.1764705882353	0.03982927386202606	0.7208679212745644	51	bacteria	0.5	1.3157313024173907
GSL_+_blue_beads_8_(fitc)	26	154.15	184.87	128.82	914.7884615384615	491.3076923076923	0.04031247607640712	0.717243628056484	52	bacteria	0.5	1.2999603962181896
GSL_+_blue_beads_8_(fitc)	27	138.54	165.79	114.82	2349.309523809524	492.5238095238095	0.04011878581413042	0.7213600449142672	42	bacteria	0.5	1.3062365001675802
GSL_+_blue_beads_8_(fitc)	28	157.09	185.49	132.89	1093.0740740740741	513.9629629629629	0.04124809969462695	0.6976725820096803	54	bacteria	0.5	1.270473616016032
GSL_+_blue_beads_8_(fitc)	29	128.26	146.74	111.27	2083.1944444444443	524.4722222222222	0.03780039625474125	0.651964495558668	36	virus	0.5	1.3863511382172204
GSL_+_blue_beads_8_(fitc)	30	176.28	204.51	152.27	1503.4264705882354	531.2647058823529	0.044626527199131495	0.6675562211677134	68	bacteria	0.5	1.1742930866877395
GSL_+_blue_beads_8_(fitc)	31	166.96	202.68	138.58	928.8032786885246	566.5901639344262	0.04255746213643967	0.7297181081631574	61	bacteria	0.5	1.231385043704268
GSL_+_blue_beads_8_(fitc)	32	138.54	158.51	120.62	1503.4285714285713	578.6190476190476	0.038897168895724275	0.6487862492037999	42	bacteria	0.5	1.347260581182889
GSL_+_blue_beads_8_(fitc)	33	131.77	152.5	115.46	1249.7105263157894	598.7894736842105	0.03600216401665961	0.6532691665162181	38	virus	0.5	1.4555964566066868
GSL_+_blue_beads_8_(fitc)	34	136.88	155.4	120.9	2179.317073170732	625.0487804878048	0.03822194733504106	0.6282848045315919	41	virus	0.5	1.37106102714916
GSL_+_blue_beads_8_(fitc)	35	67.6	74.25	58.7	1812.2	651.0	0.033110841197020374	0.6123724354482614	10	virus	0.5	1.5827028392603433
GSL_+_blue_beads_8_(fitc)	36	133.5	166.92	107.9	207.6153846153846	659.8461538461538	0.03681216196223517	0.7629714891808721	39	bacteria	0.5	1.4235681790866643
GSL_+_blue_beads_8_(fitc)	37	74.05	98.87	59.87	943.25	679.8333333333334	0.033188165232635805	0.7958017258311785	12	virus	0.5	1.5790153509688463
GSL_+_blue_beads_8_(fitc)	38	181.39	217.05	152.02	1029.9166666666667	690.7638888888889	0.0448604971859128	0.7137689426594749	72	bacteria	0.5	1.1681685594264593
GSL_+_blue_beads_8_(fitc)	39	635.57	819.27	511.51	101.14366515837104	704.9061085972851	0.048696928207871235	0.7811398382376596	884	virus	0.5	1.076138152885626
GSL_+_blue_beads_8_(fitc)	40	155.62	184.15	130.42	2158.0	701.0	0.040051160346303176	0.7059980926287385	53	bacteria	0.5	1.308442050609891
GSL_+_blue_beads_8_(fitc)	41	164.2	194.45	138.4	1374.5084745762713	730.4406779661017	0.041632930160114316	0.7024268541096329	59	bacteria	0.5	1.2587301006986964
GSL_+_blue_beads_8_(fitc)	42	120.92	142.35	104.27	1075.0	744.375	0.037443965370811114	0.6807601076830714	32	virus	0.5	1.399547880515714
GSL_+_blue_beads_8_(fitc)	43	109.0	129.1	91.74	1398.6923076923076	744.8076923076923	0.03475207508211124	0.7035867191208512	26	virus	0.5	1.5079566399704851
GSL_+_blue_beads_8_(fitc)	44	141.8	169.3	118.71	198.79545454545453	782.6136363636364	0.03760817431053693	0.7129696692172659	44	bacteria	0.5	1.3934370209015952
GSL_+_blue_beads_8_(fitc)	45	180.12	210.93	153.4	1831.5774647887324	797.5070422535211	0.04520021259302041	0.6863722798897751	71	bacteria	0.5	1.159388847231098
GSL_+_blue_beads_8_(fitc)	46	162.8	198.86	133.1	1854.0172413793102	808.8965517241379	0.04106485136819976	0.7429509085241495	58	bacteria	0.5	1.2761429939913076
GSL_+_blue_beads_8_(fitc)	47	185.13	222.99	153.87	752.1333333333333	817.2	0.04518539398568533	0.7237600500751679	75	bacteria	0.5	1.1597690702757666
GSL_+_blue_beads_8_(fitc)	48	176.28	212.16	146.16	554.75	841.3382352941177	0.042806050993728535	0.72485027384659	68	bacteria	0.5	1.224233984594847
GSL_+_blue_beads_8_(fitc)	49	174.98	201.11	152.12	811.4925373134329	844.2686567164179	0.044190311323601426	0.6540937138542892	67	bacteria	0.5	1.1858848875055088
GSL_+_blue_beads_8_(fitc)	50	165.58	197.28	139.13	1008.5666666666667	869.7166666666667	0.043495796270048216	0.7089756851351772	60	bacteria	0.5	1.2048203933884298
GSL_+_blue_beads_8_(fitc)	51	176.28	215.39	144.37	765.0294117647059	880.2352941176471	0.04325911249628462	0.742099446744824	68	bacteria	0.5	1.2114123325420358
GSL_+_blue_beads_8_(fitc)	52	176.28	208.78	149.16	1293.514705882353	898.5735294117648	0.04389560182973197	0.6997119532459851	68	bacteria	0.5	1.1938467679768106
GSL_+_blue_beads_8_(fitc)	53	95.6	119.69	76.35	2300.5	946.2	0.034566314423547746	0.7701673827823308	20	virus	0.5	1.5160604550053702
GSL_+_blue_beads_8_(fitc)	54	168.32	195.96	143.92	1953.4516129032259	972.4032258064516	0.0427511672498987	0.6786734017832282	62	bacteria	0.5	1.225805650322838
GSL_+_blue_beads_8_(fitc)	55	151.16	193.32	120.25	237.5	988.94	0.038084375921938834	0.7830094386634907	50	bacteria	0.5	1.3760136828875893
GSL_+_blue_beads_8_(fitc)	56	168.32	197.79	143.5	2297.3225806451615	995.6935483870968	0.043059675723825144	0.6882164451024919	62	bacteria	0.5	1.2170231543064485
GSL_+_blue_beads_8_(fitc)	57	182.64	219.44	151.52	1802.4246575342465	1001.4794520547945	0.04662747239801506	0.7233548569066471	73	bacteria	0.5	1.1239001317826818
GSL_+_blue_beads_8_(fitc)	58	186.36	222.57	156.49	1889.6973684210527	1016.6315789473684	0.04552031474310255	0.7110656430708862	76	bacteria	0.5	1.1512359408886355
GSL_+_blue_beads_8_(fitc)	59	135.2	154.6	119.37	1573.375	1038.125	0.03719140032486602	0.6354361832586267	40	virus	0.5	1.4090521441803567
GSL_+_blue_beads_8_(fitc)	60	166.96	199.26	140.2	1498.4262295081967	1045.8524590163934	0.04459521399064058	0.710565452161581	61	bacteria	0.5	1.1751176344578347
GSL_+_blue_beads_8_(fitc)	61	90.69	111.78	73.76	1268.2222222222222	1064.2222222222222	0.034230525918198355	0.7513683212755771	18	virus	0.5	1.530932434343991
GSL_+_blue_beads_8_(fitc)	62	37.03	61.87	35.72	1956.3333333333333	1064.0	0.03238045757208552	0.8164965807138574	3	virus	0.5	1.6184027744561387
GSL_+_blue_beads_8_(fitc)	63	152.66	179.28	129.31	194.13725490196077	1073.0392156862745	0.03909368749893618	0.692680971003758	51	bacteria	0.5	1.340488087092028
GSL_+_blue_beads_8_(fitc)	64	180.12	215.34	150.26	1614.2957746478874	1077.5070422535211	0.0458751322800762	0.7163297775157893	71	bacteria	0.5	1.1423317986939534
GSL_+_blue_beads_8_(fitc)	65	151.16	182.0	126.16	2177.3	1163.9	0.04081918842080045	0.720783246916499	50	bacteria	0.5	1.2838232311869873
GSL_+_blue_beads_8_(fitc)	66	172.34	203.12	146.52	2394.3230769230768	1230.4153846153847	0.04376386247730657	0.6925873857308795	65	bacteria	0.5	1.1974405229884935
GSL_+_blue_beads_8_(fitc)	67	151.16	183.67	126.33	506.1	1231.58	0.0401908280242704	0.7259077715271144	50	bacteria	0.5	1.3038950663364395
GSL_+_blue_beads_8_(fitc)	68	149.64	179.06	124.74	472.1224489795918	1244.3469387755101	0.04004822384499428	0.7173919664901474	49	bacteria	0.5	1.3085379909893973
GSL_+_blue_beads_8_(fitc)	69	148.1	178.4	126.2	201.375	1298.0416666666667	0.03860053229250742	0.706843776786668	48	bacteria	0.5	1.3576139825148088
GSL_+_blue_beads_8_(fitc)	70	119.02	140.83	101.11	1730.4193548387098	1307.0967741935483	0.03549431122317444	0.6960634243443217	31	virus	0.5	1.4764231384382298
GSL_+_blue_beads_8_(fitc)	71	159.97	188.77	135.06	1044.1964285714287	1361.9107142857142	0.041270798919659346	0.6986714349503247	56	bacteria	0.5	1.2697748467345404
GSL_+_blue_beads_8_(fitc)	72	195.92	229.6	166.88	1725.4761904761904	1362.8690476190477	0.047921735056735686	0.6867946413353939	84	bacteria	0.5	1.0935460143665374
GSL_+_blue_beads_8_(fitc)	73	148.1	178.65	122.58	607.1041666666666	1473.5416666666667	0.0397562431058869	0.7274597617183611	48	bacteria	0.5	1.318148252420327
GSL_+_blue_beads_8_(fitc)	74	133.5	148.46	121.8	204.3846153846154	1504.6153846153845	0.035665479594975825	0.571761101908455	39	virus	0.5	1.4693373807934071
GSL_+_blue_beads_8_(fitc)	75	135.2	157.47	115.14	811.65	1517.525	0.03789491114874739	0.6822238851028607	40	bacteria	0.5	1.3828933960847856
GSL_+_blue_beads_8_(fitc)	76	162.8	192.45	136.98	984.2413793103449	1558.9827586206898	0.04328326400201196	0.7023699638642807	58	bacteria	0.5	1.2107363800102167
GSL_+_blue_beads_8_(fitc)	77	77.07	107.1	56.04	1126.6153846153845	1577.0	0.03361194418862039	0.8521823020524257	13	virus	0.5	1.5591071459223866
GSL_+_blue_beads_8_(fitc)	78	173.66	199.32	150.91	1980.560606060606	1580.2424242424242	0.04615970384821993	0.6532398114795175	66	bacteria	0.5	1.135289397547627
GSL_+_blue_beads_8_(fitc)	79	157.09	184.11	134.6	1182.351851851852	1607.611111111111	0.041532239300522474	0.6822716186305658	54	bacteria	0.5	1.2617817689440896
GSL_+_blue_beads_8_(fitc)	80	130.03	154.15	110.23	1848.1891891891892	1621.2972972972973	0.03707939751793319	0.6990150966136527	37	bacteria	0.5	1.41330835668183
GSL_+_blue_beads_8_(fitc)	81	161.39	198.45	130.69	1523.6491228070176	1666.7894736842106	0.04248344635468075	0.7525612161196543	57	bacteria	0.5	1.2335303952347227
GSL_+_blue_beads_8_(fitc)	82	162.8	197.38	134.04	1703.6379310344828	1671.7241379310344	0.041557382895442994	0.7340806250300064	58	bacteria	0.5	1.2610183491263343
GSL_+_blue_beads_8_(fitc)	83	190.0	225.16	160.32	2072.3670886075947	1688.6962025316457	0.04926684587507327	0.7021813226983442	79	bacteria	0.5	1.0636894130731593
GSL_+_blue_beads_8_(fitc)	84	178.85	211.14	151.38	2263.4714285714285	1710.4571428571428	0.04456861633050861	0.6970914026672542	70	bacteria	0.5	1.1758189211934291
GSL_+_blue_beads_8_(fitc)	85	172.34	206.03	144.03	2366.5692307692307	1797.3846153846155	0.044671856260802244	0.7150788294111855	65	bacteria	0.5	1.1731015175835762
GSL_+_blue_beads_8_(fitc)	86	155.62	185.44	130.98	729.3584905660377	1799.6792452830189	0.04043032807479362	0.7079212625541852	53	bacteria	0.5	1.2961710890863205
GSL_+_blue_beads_8_(fitc)	87	102.52	124.26	82.79	2008.391304347826	1806.9130434782608	0.03492655384828765	0.7456945632327526	23	virus	0.5	1.5004235058647717
GSL_+_blue_beads_8_(fitc)	88	97.96	121.64	79.2	754.0952380952381	1824.4761904761904	0.0348792375726863	0.7590142793280182	21	virus	0.5	1.5024589417590997
GSL_+_blue_beads_8_(fitc)	89	199.39	231.88	171.42	2028.448275862069	1838.2068965517242	0.05208287423130089	0.6734095297032434	87	bacteria	0.5	1.0061776187714355
GSL_+_blue_beads_8_(fitc)	90	173.66	203.03	148.94	1286.1060606060605	1854.4848484848485	0.04355383706558641	0.6795630233993167	66	bacteria	0.5	1.2032148233899105
GSL_+_blue_beads_8_(fitc)	91	155.62	181.17	134.3	575.9622641509434	1857.8301886792453	0.03979022388776031	0.6711711775129641	53	bacteria	0.5	1.3170225561093774
GSL_+_blue_beads_8_(fitc)	92	188.79	220.88	161.43	2334.128205128205	1891.0	0.04744936907519285	0.6825308866546614	78	bacteria	0.5	1.1044324380747206
GSL_+_blue_beads_8_(fitc)	93	70.9	82.34	58.11	1206.3636363636363	1896.090909090909	0.033045415319772835	0.7084437526846352	11	virus	0.5	1.5858363971436003
GSL_+_blue_beads_8_(fitc)	94	176.28	200.33	154.8	914.0	1916.5	0.04271604502149916	0.6347135987481831	68	bacteria	0.5	1.2268135391852646
GSL_+_blue_beads_8_(fitc)	95	162.8	192.98	137.13	1697.5344827586207	1916.6206896551723	0.04349964263589321	0.7035832917352137	58	bacteria	0.5	1.2047138596394225
GSL_+_blue_beads_8_(fitc)	96	157.09	182.73	133.96	817.9629629629629	1965.0555555555557	0.04053500388604112	0.680136080283279	54	bacteria	0.5	1.292823913873334
GSL_+_blue_beads_8_(fitc)	97	138.54	155.67	123.6	569.7142857142857	1985.547619047619	0.037881385951029266	0.6079095020551194	42	virus	0.5	1.3833871453533397
GSL_+_blue_beads_8_(fitc)	98	180.12	212.72	151.77	2371.154929577465	2022.394366197183	0.045497795327763206	0.7006886200299471	71	bacteria	0.5	1.1518057522414644
GSL_+_blue_beads_8_(fitc)	99	131.77	147.54	117.42	152.05263157894737	2024.5526315789473	0.03677787357706251	0.6055214973351146	38	virus	0.5	1.4248953861624563
GSL_+_blue_beads_8_(fitc)	100	154.15	199.26	120.15	2051.5576923076924	2028.673076923077	0.04486748992537689	0.7977336224465105	52	bacteria	0.5	1.1679864966812556
GSL_+_blue_beads_9_(fitc)	1	166.96	189.33	147.53	2170.1147540983607	39.73770491803279	0.0586674208842789	0.62679481358269	61	bacteria	0.5	0.9840313868708133
GSL_+_blue_beads_9_(fitc)	2	135.2	157.79	116.48	417.025	55.225	0.04812480685806904	0.6745595040233466	40	bacteria	0.5	1.1996013554329943
GSL_+_blue_beads_9_(fitc)	3	136.88	159.01	117.86	1972.658536585366	66.70731707317073	0.049270687153513903	0.6713064563981501	41	bacteria	0.5	1.171702423329678
GSL_+_blue_beads_9_(fitc)	4	85.51	88.86	83.66	1832.375	69.875	0.042487547229616694	0.3370999312316211	16	virus	0.5	1.3587647981865274
GSL_+_blue_beads_9_(fitc)	5	60.46	75.25	50.02	234.75	94.625	0.04036834626901466	0.747102836415358	8	virus	0.5	1.4300953314305738
GSL_+_blue_beads_9_(fitc)	6	155.62	177.8	136.7	1599.132075471698	141.35849056603774	0.055423760446012556	0.6394278873212282	53	bacteria	0.5	1.0416215549488954
GSL_+_blue_beads_9_(fitc)	7	135.2	157.62	114.27	952.5	192.5	0.05060834985885002	0.6887803344562804	40	bacteria	0.5	1.1407323830534888
GSL_+_blue_beads_9_(fitc)	8	161.39	190.93	136.57	909.8771929824561	231.80701754385964	0.057691421730469	0.6988168970954747	57	bacteria	0.5	1.0006788150689827
GSL_+_blue_beads_9_(fitc)	9	64.13	61.87	61.87	1152.0	245.0	0.04079595490643252	0.0	9	virus	0.5	1.4151055826318697
GSL_+_blue_beads_9_(fitc)	10	119.02	145.49	96.28	191.38709677419354	249.96774193548387	0.04693464843773381	0.7497194804868389	31	virus	0.5	1.2300205809249722
GSL_+_blue_beads_9_(fitc)	11	119.02	143.18	97.94	275.96774193548384	281.8709677419355	0.044975691635308436	0.7294712641106451	31	virus	0.5	1.283595236400299
GSL_+_blue_beads_9_(fitc)	12	82.79	103.64	65.69	2091.9333333333334	294.2	0.042511292827934186	0.7734540381412476	15	virus	0.5	1.3580058308402208
GSL_+_blue_beads_9_(fitc)	13	158.53	178.32	140.87	1568.8181818181818	346.6545454545454	0.056418204350500274	0.6131305136070778	55	bacteria	0.5	1.0232616263048218
GSL_+_blue_beads_9_(fitc)	14	143.4	164.32	124.98	353.26666666666665	362.8666666666667	0.050702942316335264	0.6492714683433395	45	bacteria	0.5	1.1386042091346498
GSL_+_blue_beads_9_(fitc)	15	166.96	190.46	146.13	1667.672131147541	377.40983606557376	0.05701044192521834	0.6413852932906865	61	bacteria	0.5	1.0126317493314112
GSL_+_blue_beads_9_(fitc)	16	88.14	109.57	74.82	2097.5882352941176	395.0	0.04277026802574697	0.7305221266208738	17	virus	0.5	1.3497830666419453
GSL_+_blue_beads_9_(fitc)	17	158.53	188.17	132.79	821.8727272727273	418.03636363636366	0.053655585243278694	0.708498002592736	55	bacteria	0.5	1.0759473272938058
GSL_+_blue_beads_9_(fitc)	18	128.26	148.47	111.06	665.2777777777778	420.3611111111111	0.04862901026225124	0.6636563719438211	36	bacteria	0.5	1.1871634488457732
GSL_+_blue_beads_9_(fitc)	19	126.47	148.54	107.19	1614.0285714285715	428.3142857142857	0.04960760184194295	0.6922777644942728	35	bacteria	0.5	1.1637446962429012
GSL_+_blue_beads_9_(fitc)	20	42.75	61.31	23.42	1792.5	443.0	0.040094080570641025	0.9241763718304448	4	virus	0.5	1.4398779748840038
GSL_+_blue_beads_9_(fitc)	21	157.09	186.88	131.93	1978.6666666666667	466.1296296296296	0.05390208477103213	0.7082285266628049	54	bacteria	0.5	1.0710269144898834
GSL_+_blue_beads_9_(fitc)	22	159.97	192.33	132.56	1125.767857142857	483.125	0.053877633365382774	0.7245280179674469	56	bacteria	0.5	1.0715129810060195
GSL_+_blue_beads_9_(fitc)	23	151.16	176.29	130.71	2302.68	528.5	0.053482961025360716	0.671016529101687	50	bacteria	0.5	1.0794201074528356
GSL_+_blue_beads_9_(fitc)	24	161.39	194.06	134.16	2379.5438596491226	537.6842105263158	0.055652376540259674	0.7225329164443913	57	bacteria	0.5	1.0373426460077155
GSL_+_blue_beads_9_(fitc)	25	126.47	155.1	103.66	194.57142857142858	546.1142857142858	0.04783221696516573	0.7438173894208767	35	bacteria	0.5	1.206939322484959
GSL_+_blue_beads_9_(fitc)	26	154.15	177.01	134.35	567.9038461538462	547.7115384615385	0.053623662895417895	0.651072420432864	52	bacteria	0.5	1.0765878423762751
GSL_+_blue_beads_9_(fitc)	27	90.69	99.62	80.87	820.2222222222222	595.5	0.04365998586955447	0.5840132092738216	18	virus	0.5	1.3222767343392132
GSL_+_blue_beads_9_(fitc)	28	85.51	103.76	70.25	604.0	621.125	0.0430679175414459	0.7359800721939873	16	virus	0.5	1.3404544921712163
GSL_+_blue_beads_9_(fitc)	29	131.77	155.09	111.82	62.60526315789474	637.6315789473684	0.04870101519018697	0.6929142334899453	38	bacteria	0.5	1.1854082160595931
GSL_+_blue_beads_9_(fitc)	30	165.58	195.97	140.38	360.31666666666666	641.2166666666667	0.05485201098711077	0.6977371011478362	60	bacteria	0.5	1.0524788881570144
GSL_+_blue_beads_9_(fitc)	31	135.2	159.48	114.74	501.65	660.425	0.04904425291860376	0.6945338375195337	40	bacteria	0.5	1.1771120998153073
GSL_+_blue_beads_9_(fitc)	32	199.39	238.6	166.61	424.5632183908046	719.8045977011494	0.06332558898107117	0.7158068940903733	87	bacteria	0.5	0.9116470050384702
GSL_+_blue_beads_9_(fitc)	33	166.96	194.17	143.13	2181.377049180328	721.7377049180328	0.059567005632070714	0.6757317397550837	61	bacteria	0.5	0.969170481616566
GSL_+_blue_beads_9_(fitc)	34	154.15	178.28	132.47	707.0384615384615	734.9423076923077	0.05291655697870541	0.6692520830188505	52	bacteria	0.5	1.0909739188081062
GSL_+_blue_beads_9_(fitc)	35	172.34	200.44	147.68	1521.5230769230768	738.2923076923076	0.059847474976901016	0.6761120087552263	65	bacteria	0.5	0.9646285588351492
GSL_+_blue_beads_9_(fitc)	36	148.1	180.81	122.3	1773.2291666666667	737.4375	0.05391430354391713	0.7365078620890145	48	bacteria	0.5	1.0707841841982604
GSL_+_blue_beads_9_(fitc)	37	155.62	180.4	133.27	625.0188679245283	743.1132075471698	0.053383779558310716	0.6739815056379311	53	bacteria	0.5	1.081425556874106
GSL_+_blue_beads_9_(fitc)	38	166.96	187.81	148.14	1825.9180327868853	769.4918032786885	0.056554454173406196	0.6146662898314632	61	bacteria	0.5	1.020796405529408
GSL_+_blue_beads_9_(fitc)	39	151.16	173.29	131.78	1948.12	803.18	0.051224001170555436	0.6493941849143168	50	bacteria	0.5	1.1270221423092455
GSL_+_blue_beads_9_(fitc)	40	155.62	181.42	133.03	1171.7358490566037	832.9433962264151	0.05498329236089218	0.6799292846845457	53	bacteria	0.5	1.0499659270668293
GSL_+_blue_beads_9_(fitc)	41	130.03	150.26	113.39	2418.891891891892	838.081081081081	0.04895237057784742	0.6562128282051248	37	bacteria	0.5	1.1793215089570288
GSL_+_blue_beads_9_(fitc)	42	138.54	162.12	117.37	469.5	863.5	0.05107939300953738	0.6898350371550892	42	bacteria	0.5	1.1302127949349636
GSL_+_blue_beads_9_(fitc)	43	168.32	196.78	143.85	2361.564516129032	883.2096774193549	0.056998828880485554	0.6823590128312625	62	bacteria	0.5	1.0128380647598823
GSL_+_blue_beads_9_(fitc)	44	124.65	142.07	109.89	1906.3235294117646	894.2058823529412	0.04629732792979512	0.6338192999662466	34	virus	0.5	1.2469528181935867
GSL_+_blue_beads_9_(fitc)	45	126.47	139.52	114.84	757.0857142857143	936.1428571428571	0.048428132244138264	0.5678215170689528	35	virus	0.5	1.192087756881815
GSL_+_blue_beads_9_(fitc)	46	162.8	186.34	142.74	404.0	947.5	0.05534593437523317	0.6428358815791999	58	bacteria	0.5	1.0430862571673307
GSL_+_blue_beads_9_(fitc)	47	149.64	171.92	129.67	848.8367346938776	953.9795918367347	0.051741745575464314	0.6565847289197081	49	bacteria	0.5	1.1157447993843146
GSL_+_blue_beads_9_(fitc)	48	90.69	107.86	74.55	1001.2777777777778	962.6111111111111	0.044852149649899066	0.7226591383367285	18	virus	0.5	1.287130806160159
GSL_+_blue_beads_9_(fitc)	49	143.4	165.82	124.41	235.55555555555554	985.6888888888889	0.051121851926718906	0.6611221052960982	45	bacteria	0.5	1.1292741041471879
GSL_+_blue_beads_9_(fitc)	50	158.53	189.53	132.35	625.6545454545454	1014.7818181818182	0.05299841335011991	0.715825593298319	55	bacteria	0.5	1.0892889029622255
GSL_+_blue_beads_9_(fitc)	51	67.6	77.65	56.71	2074.5	1014.2	0.0416767988647996	0.683130051118073	10	virus	0.5	1.3851971626748467
GSL_+_blue_beads_9_(fitc)	52	159.97	183.68	139.25	1116.9107142857142	1018.1607142857143	0.05647972911411815	0.6521374292686273	56	bacteria	0.5	1.0221469621471653
GSL_+_blue_beads_9_(fitc)	53	128.26	156.25	104.87	262.5	1041.5	0.04670963550810825	0.7412629820394795	36	bacteria	0.5	1.235945922268422
GSL_+_blue_beads_9_(fitc)	54	177.57	210.92	149.17	1994.7826086956522	1047.2898550724638	0.060582561358128735	0.7069504743966817	69	bacteria	0.5	0.9529241128585035
GSL_+_blue_beads_9_(fitc)	55	97.96	108.94	88.72	562.1904761904761	1067.952380952381	0.043468423629606026	0.5802627926734272	21	virus	0.5	1.3281039135169097
GSL_+_blue_beads_9_(fitc)	56	169.67	193.33	148.25	1504.3492063492063	1083.6190476190477	0.05786478999162982	0.6418703198954071	63	bacteria	0.5	0.9976806888133777
GSL_+_blue_beads_9_(fitc)	57	169.67	194.27	149.02	662.6984126984127	1101.7301587301588	0.05715657942772322	0.6415319221965975	63	bacteria	0.5	1.0100426602661434
GSL_+_blue_beads_9_(fitc)	58	138.54	148.93	130.1	14.738095238095237	1103.047619047619	0.0529998992631272	0.48671337981013857	42	virus	0.5	1.089258363497583
GSL_+_blue_beads_9_(fitc)	59	133.5	152.71	115.59	1389.4102564102564	1107.4615384615386	0.04795855738138664	0.6535107224835951	39	bacteria	0.5	1.203759801984717
GSL_+_blue_beads_9_(fitc)	60	174.98	198.64	154.06	2290.2537313432836	1149.5373134328358	0.059858697573872896	0.6312651413418029	67	bacteria	0.5	0.9644477056261396
GSL_+_blue_beads_9_(fitc)	61	148.1	176.62	124.34	371.0	1152.8541666666667	0.05113630864816093	0.7101703316841321	48	bacteria	0.5	1.128954847603512
GSL_+_blue_beads_9_(fitc)	62	162.8	194.42	135.41	143.4655172413793	1166.9137931034484	0.05292282986337525	0.7175764333123495	58	bacteria	0.5	1.0908446068724416
GSL_+_blue_beads_9_(fitc)	63	152.66	182.24	127.77	1607.6274509803923	1194.137254901961	0.05558367251740764	0.7130666876605724	51	bacteria	0.5	1.0386248501088278
GSL_+_blue_beads_9_(fitc)	64	133.5	152.71	115.59	2158.5897435897436	1203.5384615384614	0.04907385576967159	0.6535107224577512	39	bacteria	0.5	1.1764020297864812
GSL_+_blue_beads_9_(fitc)	65	152.66	176.29	132.39	1715.862745098039	1235.6470588235295	0.05401811369328315	0.6603369338437224	51	bacteria	0.5	1.06872638805359
GSL_+_blue_beads_9_(fitc)	66	173.66	202.11	149.41	852.9848484848485	1256.7272727272727	0.05766418886916337	0.6734699297232195	66	bacteria	0.5	1.001151402092518
GSL_+_blue_beads_9_(fitc)	67	159.97	186.75	136.13	415.625	1263.9285714285713	0.0536398919344559	0.6845594931750998	56	bacteria	0.5	1.0762621149094282
GSL_+_blue_beads_9_(fitc)	68	95.6	113.39	79.33	1909.75	1289.55	0.044916902314314854	0.7145688521794811	20	virus	0.5	1.2852752652645005
GSL_+_blue_beads_9_(fitc)	69	164.2	191.43	140.44	454.54237288135596	1301.5593220338983	0.05611966310169599	0.6795499572378335	59	bacteria	0.5	1.0287050981092936
GSL_+_blue_beads_9_(fitc)	70	174.98	205.14	148.87	2096.089552238806	1308.597014925373	0.05921865280152036	0.6879919117075934	67	bacteria	0.5	0.9748716123344252
GSL_+_blue_beads_9_(fitc)	71	67.6	75.78	59.67	956.7	1310.3	0.04221639063132024	0.6164414002421311	10	virus	0.5	1.3674921676999194
GSL_+_blue_beads_9_(fitc)	72	143.4	163.48	125.01	1877.5555555555557	1325.0666666666666	0.0510333537463362	0.6443870672917958	45	bacteria	0.5	1.1312324058466428
GSL_+_blue_beads_9_(fitc)	73	168.32	195.6	145.1	959.6129032258065	1338.8548387096773	0.05810964625951432	0.6705677504707004	62	bacteria	0.5	0.9934767676793149
GSL_+_blue_beads_9_(fitc)	74	157.09	181.02	136.6	631.7962962962963	1339.7222222222222	0.054971752083666205	0.6561819858363045	54	bacteria	0.5	1.0501863475085453
GSL_+_blue_beads_9_(fitc)	75	171.01	196.07	149.83	1159.390625	1355.90625	0.06005756706871638	0.6450567364908045	64	bacteria	0.5	0.9612541159190944
GSL_+_blue_beads_9_(fitc)	76	155.62	180.4	133.27	2208.9811320754716	1361.8867924528302	0.057207065806938885	0.6739815056452972	53	bacteria	0.5	1.009151277426438
GSL_+_blue_beads_9_(fitc)	77	155.62	177.52	136.66	149.9245283018868	1365.6792452830189	0.053330896095484734	0.6382562366606586	53	bacteria	0.5	1.082497909533128
GSL_+_blue_beads_9_(fitc)	78	144.98	155.23	134.15	27.630434782608695	1382.108695652174	0.051926474567708575	0.5031602127523395	46	virus	0.5	1.1117755252499175
GSL_+_blue_beads_9_(fitc)	79	151.16	178.69	127.95	985.1	1382.28	0.051340902349899416	0.6980807451483662	50	bacteria	0.5	1.1244559580087665
GSL_+_blue_beads_9_(fitc)	80	126.47	149.16	107.68	629.3142857142857	1386.0857142857142	0.046808738665908144	0.6919608092510989	35	bacteria	0.5	1.233329185580836
GSL_+_blue_beads_9_(fitc)	81	168.32	198.82	142.27	1317.5806451612902	1391.1129032258063	0.05848319099229158	0.6985490919902864	62	bacteria	0.5	0.9871312176604711
GSL_+_blue_beads_9_(fitc)	82	169.67	197.46	145.59	2067.6190476190477	1410.5714285714287	0.05794908439788756	0.6755513315293235	63	bacteria	0.5	0.996229433764706
GSL_+_blue_beads_9_(fitc)	83	128.26	139.15	116.77	79.13888888888889	1413.388888888889	0.048010146650960143	0.5439056439290157	36	virus	0.5	1.202466302729699
GSL_+_blue_beads_9_(fitc)	84	164.2	192.94	139.63	891.542372881356	1457.2203389830509	0.05601667848978982	0.6901401669832254	59	bacteria	0.5	1.0305963347579286
GSL_+_blue_beads_9_(fitc)	85	82.79	101.97	67.89	132.6	1468.6	0.041754058728436516	0.746139077718003	15	virus	0.5	1.3826340551073992
GSL_+_blue_beads_9_(fitc)	86	136.88	167.26	111.18	2323.268292682927	1495.5853658536585	0.0499081860863303	0.747128901676419	41	bacteria	0.5	1.1567357594810066
GSL_+_blue_beads_9_(fitc)	87	159.97	189.18	134.59	639.7678571428571	1517.9285714285713	0.056395695393223824	0.7027446558146331	56	bacteria	0.5	1.0236700360614268
GSL_+_blue_beads_9_(fitc)	88	88.14	103.73	74.39	1920.4117647058824	1518.5882352941176	0.043431578536013614	0.6969188463762722	17	virus	0.5	1.3292306078403362
GSL_+_blue_beads_9_(fitc)	89	122.8	133.55	112.76	42.121212121212125	1534.4242424242425	0.04701017780142723	0.5358454151523923	33	virus	0.5	1.2280443562827363
GSL_+_blue_beads_9_(fitc)	90	128.26	139.15	116.77	1896.861111111111	1541.611111111111	0.04769689018028232	0.5439056438980783	36	virus	0.5	1.210363680287824
GSL_+_blue_beads_9_(fitc)	91	143.4	160.46	128.16	450.5111111111111	1554.2888888888888	0.05093568788272978	0.6017305855951065	45	virus	0.5	1.1334014702973074
GSL_+_blue_beads_9_(fitc)	92	141.8	168.49	118.72	1088.1818181818182	1575.5227272727273	0.04924411523856529	0.709591532305236	44	bacteria	0.5	1.172334668969324
GSL_+_blue_beads_9_(fitc)	93	155.62	173.39	140.21	224.03773584905662	1586.566037735849	0.05152203155662789	0.5882851175888351	53	bacteria	0.5	1.120502856597162
GSL_+_blue_beads_9_(fitc)	94	155.62	180.4	133.27	938.9811320754717	1618.8867924528302	0.05321907235885699	0.6739815056239686	53	bacteria	0.5	1.0847724505157192
GSL_+_blue_beads_9_(fitc)	95	148.1	161.3	135.28	55.479166666666664	1634.1041666666667	0.051895516035157185	0.5445673688710713	48	virus	0.5	1.1124387605622894
GSL_+_blue_beads_9_(fitc)	96	149.64	175.51	127.15	441.9387755102041	1655.2857142857142	0.05253088218168695	0.689300149451761	49	bacteria	0.5	1.0989837051892577
GSL_+_blue_beads_9_(fitc)	97	122.8	140.44	106.77	932.939393939394	1679.6969696969697	0.047019105522004966	0.6496368655835159	33	virus	0.5	1.2278111821985371
GSL_+_blue_beads_9_(fitc)	98	143.4	174.18	117.87	1601.0222222222221	1753.6888888888889	0.05143503240602767	0.7362161231233708	45	bacteria	0.5	1.1223981173214006
GSL_+_blue_beads_9_(fitc)	99	149.64	169.42	131.68	1291.6938775510205	1763.8979591836735	0.052828022463723846	0.6292351992321749	49	bacteria	0.5	1.092802282662262
GSL_+_blue_beads_9_(fitc)	100	119.02	129.83	108.97	63.38709677419355	1769.483870967742	0.04580981463036719	0.5435624196823832	31	virus	0.5	1.260223033048932
GSL_+_blue_beads_9_(fitc)	101	133.5	155.5	115.63	38.743589743589745	1797.1025641025642	0.04868873455307676	0.6686244940293219	39	bacteria	0.5	1.1857072085937495
GSL_+_blue_beads_9_(fitc)	102	154.15	171.28	137.81	202.05769230769232	1812.0576923076924	0.05348098898453593	0.5938158736420636	52	bacteria	0.5	1.079459909643472
GSL_+_blue_beads_9_(fitc)	103	131.77	145.7	118.76	953.9736842105264	1843.3684210526317	0.04977990631946	0.5792979490387814	38	virus	0.5	1.159716596620484
GSL_+_blue_beads_9_(fitc)	104	130.03	144.44	116.26	657.2432432432432	1886.3783783783783	0.04909534146024217	0.5934279347354718	37	virus	0.5	1.175887198658989
GSL_+_blue_beads_9_(fitc)	105	119.02	145.49	96.28	543.3870967741935	1900.967741935484	0.04738566209477161	0.7497194804904714	31	virus	0.5	1.2183133248498073
GSL_+_blue_beads_9_(fitc)	106	264.41	296.56	235.54	326.98039215686276	1930.6078431372548	0.06850008096293622	0.6076149420160087	153	bacteria	0.5	0.8427812452970287
GSL_+_blue_beads_9_(fitc)	107	106.88	122.37	92.15	1271.44	1953.2	0.04690453341419179	0.6579389214361999	25	virus	0.5	1.2308103147962086
GSL_+_blue_beads_9_(fitc)	108	113.11	139.57	90.06	2403.8928571428573	1966.9285714285713	0.04578796846648982	0.7639461496413691	28	virus	0.5	1.260824305388022
GSL_+_blue_beads_9_(fitc)	109	85.51	111.05	66.51	1094.375	1990.0625	0.04274852837917063	0.8008470983732617	16	virus	0.5	1.3504694951094527
GSL_+_blue_beads_9_(fitc)	110	104.72	116.39	94.15	1445.0833333333333	2003.0833333333333	0.04427357626258741	0.5878523900169653	24	virus	0.5	1.3039512144781236
GSL_+_blue_beads_9_(fitc)	111	104.72	120.75	91.04	165.875	2021.9583333333333	0.044724478479399844	0.6569604227580556	24	virus	0.5	1.2908050691632205
GSL_+_blue_beads_9_(fitc)	112	79.98	92.57	69.21	20.714285714285715	2029.142857142857	0.04264121728078969	0.6640898370124737	14	virus	0.5	1.3538680933224414
